图标,名称,来源版本,主题,图鉴编号,原始稀有度,原始价值,官方效果,官方描述,解锁条件,游戏稀有度（可编辑）,游戏价值（可编辑）,游戏效果（可编辑）,启用（可编辑）,备注（可编辑）,内部ID,图标URL
,脱水仙人掌干,IS1,刻俄柏的灰蕈迷境,2,NORMAL,8,可携带干员+1,这种干缩的奇怪植物看起来并不好吃，而玻利瓦尔人则拿它来泡水喝。,,,,,是,,relic_2,https://prts.wiki/index.php?title=Special:Redirect/file/%E6%94%B6%E8%97%8F%E5%93%81_2.png
,风干大蕉果,IS1,刻俄柏的灰蕈迷境,3,NORMAL,8,可携带干员+1,蕉兰果是一种生长在干旱地区的水果，口味极佳，风干后更容易保存。,在一次【源石虫赛跑】事件中，连续下注不小于10次,,,,是,,relic_3,https://prts.wiki/index.php?title=Special:Redirect/file/%E6%94%B6%E8%97%8F%E5%93%81_3.png
,商队盒饭,IS1,刻俄柏的灰蕈迷境,4,RARE,12,可携带干员+2,哥伦比亚城际商队内部发放的方便食品，油炸，热量很高，味道很好，不太健康。,在多局游戏中累计招募总共50名干员（初始不计算）,,,,是,,relic_4,https://prts.wiki/index.php?title=Special:Redirect/file/%E6%94%B6%E8%97%8F%E5%93%81_4.png
,半盒沙虫罐头,IS1,刻俄柏的灰蕈迷境,5,RARE,12,可携带干员+2,“切碎的沙虫用橄榄油浸泡，散发着自然的清香！”广告是这么说的，别当真。恶......,,,,,是,,relic_5,https://prts.wiki/index.php?title=Special:Redirect/file/%E6%94%B6%E8%97%8F%E5%93%81_5.png
,维多利亚军粮,IS1,刻俄柏的灰蕈迷境,6,SUPER_RARE,16,可携带干员+3,前维多利亚士官这么描述：“量大管饱，难以下咽，吃不死人。”,,,,,是,,relic_6,https://prts.wiki/index.php?title=Special:Redirect/file/%E6%94%B6%E8%97%8F%E5%93%81_6.png
,废旧地图,IS1,刻俄柏的灰蕈迷境,7,NORMAL,8,可同时部署人数+1,一张破旧发黄的地图，描绘了附近的地理面貌，可能有错误的记述和忘了标的悬崖。,,,,,是,,relic_7,https://prts.wiki/index.php?title=Special:Redirect/file/%E6%94%B6%E8%97%8F%E5%93%81_7.png
,单筒望远镜,IS1,刻俄柏的灰蕈迷境,8,NORMAL,8,可同时部署人数+1,用黄铜装饰的，充满中古风味的单筒望远镜，其实看不了多远。,,,,,是,,relic_8,https://prts.wiki/index.php?title=Special:Redirect/file/%E6%94%B6%E8%97%8F%E5%93%81_8.png
,全息粉粉沙盒,IS1,刻俄柏的灰蕈迷境,9,RARE,12,可同时部署人数+2,一套奇怪的全息投影地形沙盒模拟装置，不知为什么，有关生物的投影都是粉色的。别碰盒顶那颗眼睛。,,,,,是,,relic_9,https://prts.wiki/index.php?title=Special:Redirect/file/%E6%94%B6%E8%97%8F%E5%93%81_9.png
,单人睡袋,IS1,刻俄柏的灰蕈迷境,10,NORMAL,8,希望+4,供给单人使用的睡袋，硬挤一挤姑且能睡下两个人。别这么做。,,,,,是,,relic_10,https://prts.wiki/index.php?title=Special:Redirect/file/%E6%94%B6%E8%97%8F%E5%93%81_10.png
,破烂帐篷,IS1,刻俄柏的灰蕈迷境,11,NORMAL,8,希望+4,用木棍和篷布搭建的帐篷，感觉风一刮就会塌掉。材料都是现找的。,,,,,是,,relic_11,https://prts.wiki/index.php?title=Special:Redirect/file/%E6%94%B6%E8%97%8F%E5%93%81_11.png
,萨米大“蜡烛”,IS1,刻俄柏的灰蕈迷境,12,NORMAL,8,希望+4,找一块原木，锯四条沟，你就获得了这个实用的临时营火。只有萨米人才叫这玩意“蜡烛”。,在多局游戏中累计招募总共20名干员（初始不计算）,,,,是,,relic_12,https://prts.wiki/index.php?title=Special:Redirect/file/%E6%94%B6%E8%97%8F%E5%93%81_12.png
,兔子棚屋,IS1,刻俄柏的灰蕈迷境,13,RARE,12,希望+6,用废旧工业材料快速搭建的雷姆必拓棚屋，遮风挡雨还是做得到，但卡特斯人的风格过于明显了些。,,,,,是,,relic_13,https://prts.wiki/index.php?title=Special:Redirect/file/%E6%94%B6%E8%97%8F%E5%93%81_13.png
,噪音引擎,IS1,刻俄柏的灰蕈迷境,14,SUPER_RARE,16,希望+8,哥伦比亚最新工业产品，在中小型城镇的移动拖车上非常常见，性价比很高。噪音很大。也太大了点。,,,,,是,,relic_14,https://prts.wiki/index.php?title=Special:Redirect/file/%E6%94%B6%E8%97%8F%E5%93%81_14.png
,豌豆花盆,IS1,刻俄柏的灰蕈迷境,15,NORMAL,8,希望+2，可携带干员+1,造型古怪的哥伦比亚后院豌豆盆栽，既能装点室内又能收获作物，说不定还有其他功效。,在多局游戏中累计获得50希望,,,,是,,relic_15,https://prts.wiki/index.php?title=Special:Redirect/file/%E6%94%B6%E8%97%8F%E5%93%81_15.png
,综合园艺成果,IS1,刻俄柏的灰蕈迷境,16,NORMAL,8,希望+2，可同时部署人数+1,原本可能是一盆放在公共区域的普通盆栽，经由调香师、铃兰、炎客等多位干员之手后，开始变得复杂起来。,在多局游戏中累计获得150希望,,,,是,,relic_16,https://prts.wiki/index.php?title=Special:Redirect/file/%E6%94%B6%E8%97%8F%E5%93%81_16.png
,炭化烤肉棒,IS1,刻俄柏的灰蕈迷境,17,RARE,12,希望+4，可携带干员+1,因为某人糟糕的厨艺而被烤到整个焦黑的大块带骨肉，足以成为凶器。,,,,,是,,relic_17,https://prts.wiki/index.php?title=Special:Redirect/file/%E6%94%B6%E8%97%8F%E5%93%81_17.png
,压缩糖砖,IS1,刻俄柏的灰蕈迷境,18,RARE,12,希望+4，可携带干员+1,这种压缩食品的制作工艺不明，坚硬无比，甚至可以砌墙。比普通的烹饪失败产物更具杀伤力。,,,,,是,,relic_18,https://prts.wiki/index.php?title=Special:Redirect/file/%E6%94%B6%E8%97%8F%E5%93%81_18.png
,易爆建材箱,IS1,刻俄柏的灰蕈迷境,19,RARE,12,希望+4，可同时部署人数+1,罗德岛的便携型基础建材包，数量有限，弄丢了需要重新申请配发。请按说明书组装，否则热量包可能会爆炸。,剩余不小于8点希望时完成游戏结局,,,,是,,relic_19,https://prts.wiki/index.php?title=Special:Redirect/file/%E6%94%B6%E8%97%8F%E5%93%81_19.png
,珠宝水果拼盘,IS1,刻俄柏的灰蕈迷境,20,SUPER_RARE,16,希望+6，可携带干员+2,萨尔贡的王储候选数量较多，这使得各个城邦每年的进贡都大有说法。不光是说站队的问题，宴会太密集也是麻烦。,拥有不小于60点以上希望上限时完成游戏结局,,,,是,,relic_20,https://prts.wiki/index.php?title=Special:Redirect/file/%E6%94%B6%E8%97%8F%E5%93%81_20.png
,恐魔金像,IS1,刻俄柏的灰蕈迷境,23,RARE,12,立即获得源石锭+18,曾经被哥伦比亚黑心矿业公司与萨尔贡本地反抗军争抢的神秘金像。造型有些怪异。,,,,,是,,relic_23,https://prts.wiki/index.php?title=Special:Redirect/file/%E6%94%B6%E8%97%8F%E5%93%81_23.png
,血钻,IS1,刻俄柏的灰蕈迷境,24,SUPER_RARE,16,立即获得源石锭+25,带有瑰丽血色光泽的昂贵宝石，产地在玻利瓦尔。背后充斥着残忍与不堪的往事。,,,,,是,,relic_24,https://prts.wiki/index.php?title=Special:Redirect/file/%E6%94%B6%E8%97%8F%E5%93%81_24.png
,小财神雕像,IS1,刻俄柏的灰蕈迷境,25,SUPER_RARE,16,战斗掉落的源石锭+50%,不要再擅自把其他干员的照片贴上去了。,剩余不小于50源石锭时完成游戏结局,,,,是,,relic_25,https://prts.wiki/index.php?title=Special:Redirect/file/%E6%94%B6%E8%97%8F%E5%93%81_25.png
,“嘎呜”挂饰,IS1,刻俄柏的灰蕈迷境,26,RARE,12,战斗掉落的源石锭+30%,少数不务正业的近卫局成员间流传的护身符，据说可以让奖金翻番。,剩余不小于15源石锭时完成游戏结局,,,,是,,relic_26,https://prts.wiki/index.php?title=Special:Redirect/file/%E6%94%B6%E8%97%8F%E5%93%81_26.png
,米格鲁的饼干,IS1,刻俄柏的灰蕈迷境,27,NORMAL,8,立即进阶一个干员（不消耗希望）,你偷吃她饼干！,,,,,是,,relic_27,https://prts.wiki/index.php?title=Special:Redirect/file/%E6%94%B6%E8%97%8F%E5%93%81_27.png
,一杯红茶,IS1,刻俄柏的灰蕈迷境,28,RARE,12,立即进阶两个干员（不消耗希望）,锡兰小姐的手艺颇受欢迎，训练结束后来一顿精致的下午茶也不是不可以。,在多局游戏中累计进阶总共10名干员（初始不计算）,,,,是,,relic_28,https://prts.wiki/index.php?title=Special:Redirect/file/%E6%94%B6%E8%97%8F%E5%93%81_28.png
,熏黑的信号灯,IS1,刻俄柏的灰蕈迷境,42,NORMAL,8,战斗后有15%的几率额外掉落一张招募券（不叠加）,这是大部分雷姆必拓工人在荒野的夜色中传递信息的唯一方式。,,,,,是,,relic_42,https://prts.wiki/index.php?title=Special:Redirect/file/%E6%94%B6%E8%97%8F%E5%93%81_42.png
,老式电报机,IS1,刻俄柏的灰蕈迷境,43,RARE,12,战斗后有25%的几率额外掉落一张招募券（不叠加）,一台老式电报机，全套设备体积庞大且笨重。,,,,,是,,relic_43,https://prts.wiki/index.php?title=Special:Redirect/file/%E6%94%B6%E8%97%8F%E5%93%81_43.png
,无线通讯器,IS1,刻俄柏的灰蕈迷境,44,SUPER_RARE,16,战斗后有35%的几率额外掉落一张招募券（不叠加）,通过源石供能的野外远程通讯装置，侦察干员提醒，这类设备造价昂贵，工艺繁复，请爱护。,,,,,是,,relic_44,https://prts.wiki/index.php?title=Special:Redirect/file/%E6%94%B6%E8%97%8F%E5%93%81_44.png
,手绘雪雉传单,IS1,刻俄柏的灰蕈迷境,46,RARE,12,每进入一个非战斗节点，获得源石锭+3,能不能有谁来请她吃顿饭？她饿了两天了。我说你直接去食堂就好了又不会不发口粮给你......,在多局游戏中累计进入100次非战斗格,,,,是,,relic_46,https://prts.wiki/index.php?title=Special:Redirect/file/%E6%94%B6%E8%97%8F%E5%93%81_46.png
,真理的书单,IS1,刻俄柏的灰蕈迷境,47,NORMAL,8,战斗获得的经验值+20%,只是真理罗列的书。没法让你了解什么深奥的知识，但也许能教会你怎么做她喜欢吃的点心。,在多局游戏中累计胜利10场战斗,,,,是,,relic_47,https://prts.wiki/index.php?title=Special:Redirect/file/%E6%94%B6%E8%97%8F%E5%93%81_47.png
,教官的爱鞭,IS1,刻俄柏的灰蕈迷境,48,RARE,12,战斗获得的经验值+30%,罗德岛的教官们一定都要用这种武器吗？！,在多局游戏中累计胜利50场战斗,,,,是,,relic_48,https://prts.wiki/index.php?title=Special:Redirect/file/%E6%94%B6%E8%97%8F%E5%93%81_48.png
,咪波·运输型,IS1,刻俄柏的灰蕈迷境,49,NORMAL,8,初始部署费用+10,“大咪波碑”上挤满了它同胞的代号。它没有悲喜。它只想工作。,,,,,是,,relic_49,https://prts.wiki/index.php?title=Special:Redirect/file/%E6%94%B6%E8%97%8F%E5%93%81_49.png
,萨卡兹监工哨子,IS1,刻俄柏的灰蕈迷境,50,RARE,12,初始部署费用+20,被某个萨卡兹佣兵偷走的哨子，原本属于一个萨卡兹工头。他们自己吹的时候也要捂上耳朵。,,,,,是,,relic_50,https://prts.wiki/index.php?title=Special:Redirect/file/%E6%94%B6%E8%97%8F%E5%93%81_50.png
,忧伤的驮兽,IS1,刻俄柏的灰蕈迷境,51,SUPER_RARE,16,初始部署费用+30,你看到了一头忧伤的驮兽，不知为何，你也忧伤了起来。,通过第二层【蜜饼山脉】,,,,是,,relic_51,https://prts.wiki/index.php?title=Special:Redirect/file/%E6%94%B6%E8%97%8F%E5%93%81_51.png
,奇怪的$墨镜,IS1,刻俄柏的灰蕈迷境,52,RARE,12,商店中购买道具所需源石锭-50%,戴上它，你会感到整个哥伦比亚音乐界的资本都在为你旋转。,在多局游戏中累计在商店消费200源石锭,,,,是,,relic_52,https://prts.wiki/index.php?title=Special:Redirect/file/%E6%94%B6%E8%97%8F%E5%93%81_52.png
,破片地雷,IS1,刻俄柏的灰蕈迷境,53,RARE,12,每场战斗获得1点临时目标生命值,罗德岛上埋设好的破片地雷有两种既定作用，具体是哪种取决于设置它的人是谁。不·准·在·走·道·上·架·设·爆·炸·物。,在多局游戏中累计损失50点目标生命,,,,是,,relic_53,https://prts.wiki/index.php?title=Special:Redirect/file/%E6%94%B6%E8%97%8F%E5%93%81_53.png
,《防身手册》,IS1,刻俄柏的灰蕈迷境,54,RARE,12,每场战斗获得2点临时目标生命值,全名是《拉特兰周边他国城邦及中间地带出行防身手册》，看的来，学不来。,在多局游戏中累计损失125点目标生命,,,,是,,relic_54,https://prts.wiki/index.php?title=Special:Redirect/file/%E6%94%B6%E8%97%8F%E5%93%81_54.png
,芙蓉的健康餐,IS1,刻俄柏的灰蕈迷境,55,NORMAL,8,所有敌方单位的攻击力-7%,身体健康但是心理不太健康，只吃这样的东西就没心思作战了。,,,,,是,,relic_55,https://prts.wiki/index.php?title=Special:Redirect/file/%E6%94%B6%E8%97%8F%E5%93%81_55.png
,牧兽的排泄物,IS1,刻俄柏的灰蕈迷境,56,NORMAL,8,所有敌方单位的攻击力-9%,这种东西可以削减敌人的士气。救命……,选择【指挥分队】完成游戏结局,,,,是,,relic_56,https://prts.wiki/index.php?title=Special:Redirect/file/%E6%94%B6%E8%97%8F%E5%93%81_56.png
,锉刀,IS1,刻俄柏的灰蕈迷境,59,NORMAL,8,所有敌方单位的防御力-12%,偷偷把敌人的装备撬松。,,,,,是,,relic_59,https://prts.wiki/index.php?title=Special:Redirect/file/%E6%94%B6%E8%97%8F%E5%93%81_59.png
,废铁陷阱,IS1,刻俄柏的灰蕈迷境,60,NORMAL,8,所有敌方单位的防御力-15%,泰拉荒野上名为“锈锤”的暴力组织经常使用的陷阱。“我们杀人，也杀动物。”,选择【集群分队】完成游戏结局,,,,是,,relic_60,https://prts.wiki/index.php?title=Special:Redirect/file/%E6%94%B6%E8%97%8F%E5%93%81_60.png
,酸液源石虫,IS1,刻俄柏的灰蕈迷境,61,RARE,12,所有敌方单位的防御力-21%,战场冷知识：体型较小或幼年期的酸液源石虫可以用作杀伤性投掷物。不要......！,,,,,是,,relic_61,https://prts.wiki/index.php?title=Special:Redirect/file/%E6%94%B6%E8%97%8F%E5%93%81_61.png
,无名诗集,IS1,刻俄柏的灰蕈迷境,63,NORMAL,8,所有敌方单位的生命-10%,“酒杯的碎屑在我皮肉里欢唱，鲜血自指缝间攀上脊索。饮下尖锐的晶莹光彩，脏腑随之璨烂流落。”,,,,,是,,relic_63,https://prts.wiki/index.php?title=Special:Redirect/file/%E6%94%B6%E8%97%8F%E5%93%81_63.png
,劣化组织,IS1,刻俄柏的灰蕈迷境,64,NORMAL,8,所有敌方单位的生命-12%,在萨米以北的无尽冰原中找寻到的，十分古老的质密结缔组织。此项目立刻终止。立刻。,选择【后勤分队】完成游戏结局,,,,是,,relic_64,https://prts.wiki/index.php?title=Special:Redirect/file/%E6%94%B6%E8%97%8F%E5%93%81_64.png
,小号黄色安全帽,IS1,刻俄柏的灰蕈迷境,67,NORMAL,8,所有我方单位的防御力+15%,这个黄色的聚合物安全帽在后脑勺处写着“安全生产”的字样。是给后面的人看的......？,,,,,是,,relic_67,https://prts.wiki/index.php?title=Special:Redirect/file/%E6%94%B6%E8%97%8F%E5%93%81_67.png
,战壕沙袋,IS1,刻俄柏的灰蕈迷境,68,NORMAL,8,所有我方单位的防御力+18%,能够快速搭建起临时的防御工事。只是临时的。,选择【矛头分队】完成游戏结局,,,,是,,relic_68,https://prts.wiki/index.php?title=Special:Redirect/file/%E6%94%B6%E8%97%8F%E5%93%81_68.png
,防割断纤维背心,IS1,刻俄柏的灰蕈迷境,69,RARE,12,所有我方单位的防御力+25%,维多利亚骑警配发的基本防具，很重。不知为什么，讯使说他在谢拉格似乎也见过类似的装备......,,,,,是,,relic_69,https://prts.wiki/index.php?title=Special:Redirect/file/%E6%94%B6%E8%97%8F%E5%93%81_69.png
,《打架手册》,IS1,刻俄柏的灰蕈迷境,71,NORMAL,8,所有我方近战单位的攻击力+15%,记载了大量乌萨斯人的战吼，非常有气势。,,,,,是,,relic_71,https://prts.wiki/index.php?title=Special:Redirect/file/%E6%94%B6%E8%97%8F%E5%93%81_71.png
,《独臂电锯》,IS1,刻俄柏的灰蕈迷境,72,NORMAL,8,所有我方近战单位的攻击力+18%,一本炎国武侠小说，讲述了独臂电锯客的复仇故事。似乎有十几部后续作品。,在源石锭恰好等于0时通过第三层【千条道路】,,,,是,,relic_72,https://prts.wiki/index.php?title=Special:Redirect/file/%E6%94%B6%E8%97%8F%E5%93%81_72.png
,齿轮式外骨骼,IS1,刻俄柏的灰蕈迷境,73,RARE,12,所有我方近战单位的攻击力+25%,这种工业助力外骨骼装置可以让装备者省时省力干活……或者干点其他什么事情。他们没考虑过动力的事吗？,,,,,是,,relic_73,https://prts.wiki/index.php?title=Special:Redirect/file/%E6%94%B6%E8%97%8F%E5%93%81_73.png
,锈蚀银枪,IS1,刻俄柏的灰蕈迷境,74,SUPER_RARE,16,所有我方近战单位的攻击力+35%,枪能刺穿群峦与湖泊，奔踏的响动能让浮云流散。烟火与广告让所有人都忘记了，他们依然还在。他们现身。,,,,,是,,relic_74,https://prts.wiki/index.php?title=Special:Redirect/file/%E6%94%B6%E8%97%8F%E5%93%81_74.png
,液压气瓶,IS1,刻俄柏的灰蕈迷境,75,NORMAL,8,所有我方远程单位的攻击力+15%,压缩了惰性气体的压力容器。一定要注意压力计的读数是否正常。,,,,,是,,relic_75,https://prts.wiki/index.php?title=Special:Redirect/file/%E6%94%B6%E8%97%8F%E5%93%81_75.png
,超弹力合金弹簧,IS1,刻俄柏的灰蕈迷境,76,NORMAL,8,所有我方远程单位的攻击力+18%,有着一般弹簧数倍弹力的高质量弹簧，不论是用在哪，小心，别伤到自己。,在不损失目标生命的情况下胜利战斗【锈锤之战】,,,,是,,relic_76,https://prts.wiki/index.php?title=Special:Redirect/file/%E6%94%B6%E8%97%8F%E5%93%81_76.png
,难闻的治疗粉,IS1,刻俄柏的灰蕈迷境,79,NORMAL,8,所有我方单位的生命+20%,“干燥磨粉后的安德根与布洛克花可以用于外敷疗伤”——《罗德岛野外生存指南》,,,,,是,,relic_79,https://prts.wiki/index.php?title=Special:Redirect/file/%E6%94%B6%E8%97%8F%E5%93%81_79.png
,白垩色治疗针,IS1,刻俄柏的灰蕈迷境,82,SUPER_RARE,16,所有我方单位的生命+50%,“…提高个体细胞全能性，治愈一切伤痛不适…”——塞雷娅桌上的说明手册,,,,,是,,relic_82,https://prts.wiki/index.php?title=Special:Redirect/file/%E6%94%B6%E8%97%8F%E5%93%81_82.png
,便宜食用盐,IS1,刻俄柏的灰蕈迷境,83,NORMAL,8,所有敌方单位受到的物理伤害+15%,伤口上撒盐。,,,,,是,,relic_83,https://prts.wiki/index.php?title=Special:Redirect/file/%E6%94%B6%E8%97%8F%E5%93%81_83.png
,辅助麻痹工具,IS1,刻俄柏的灰蕈迷境,84,NORMAL,8,所有敌方单位受到的物理伤害+18%,嘉维尔想通过“让病人痛到不能再痛”这种方法来止痛，这是不对的。,选择【堡垒战术分队】完成游戏结局,,,,是,,relic_84,https://prts.wiki/index.php?title=Special:Redirect/file/%E6%94%B6%E8%97%8F%E5%93%81_84.png
,血腥链锯,IS1,刻俄柏的灰蕈迷境,85,RARE,12,所有敌方单位受到的物理伤害+25%,像是从恐怖片里带出来的道具，很吓人。煌昨天拿来切西瓜了。,,,,,是,,relic_85,https://prts.wiki/index.php?title=Special:Redirect/file/%E6%94%B6%E8%97%8F%E5%93%81_85.png
,另一颗铆钉,IS1,刻俄柏的灰蕈迷境,86,SUPER_RARE,16,所有敌方单位受到的物理伤害+35%,随处可见的铆钉。“朋友，你又弄得满手油污？你啥时候磨平了双角？你为什么身上长石头？你怎么一句话也不说？”,,,,,是,,relic_86,https://prts.wiki/index.php?title=Special:Redirect/file/%E6%94%B6%E8%97%8F%E5%93%81_86.png
,活性粉尘,IS1,刻俄柏的灰蕈迷境,87,NORMAL,8,所有敌方单位受到的法术伤害+20%,泰拉源石工业生产中的废弃物，很危险，请妥善处置。阿——嚏。,,,,,是,,relic_87,https://prts.wiki/index.php?title=Special:Redirect/file/%E6%94%B6%E8%97%8F%E5%93%81_87.png
,源石射灯,IS1,刻俄柏的灰蕈迷境,88,NORMAL,8,所有敌方单位受到的法术伤害+23%,通过激发源石活性而获得照明效果的射灯，直接照射对人体有损害。,？？？,,,,是,,relic_88,https://prts.wiki/index.php?title=Special:Redirect/file/%E6%94%B6%E8%97%8F%E5%93%81_88.png
,源石环境发生器,IS1,刻俄柏的灰蕈迷境,89,RARE,12,所有敌方单位受到的法术伤害+30%,通过提前布置源石晶体以确保法术小队完成任务，这种作战方式......,,,,,是,,relic_89,https://prts.wiki/index.php?title=Special:Redirect/file/%E6%94%B6%E8%97%8F%E5%93%81_89.png
,无主的萨克斯,IS1,刻俄柏的灰蕈迷境,90,SUPER_RARE,16,所有敌方单位受到的法术伤害+40%,它的主人已死。有一位术师生前从未登上高塔，却能奏响整个天空。它等待，等待莱塔尼亚的一切技艺重归自由，它等待已久。,,,,,是,,relic_90,https://prts.wiki/index.php?title=Special:Redirect/file/%E6%94%B6%E8%97%8F%E5%93%81_90.png
,手工小包,IS1,刻俄柏的灰蕈迷境,92,NORMAL,8,所有干员的初始技力+6,巫恋和柏喙各自负责制作了其中一部分。,,,,,是,,relic_92,https://prts.wiki/index.php?title=Special:Redirect/file/%E6%94%B6%E8%97%8F%E5%93%81_92.png
,*一点*加班费,IS1,刻俄柏的灰蕈迷境,93,NORMAL,8,所有干员的初始技力+8,一小笔提升员工动力的成本费用，看得出来老板给得很不情愿，真的。所以这肯定不是企鹅物流的老板。,在目标生命值不小于15时通过第三层【千条道路】,,,,是,,relic_93,https://prts.wiki/index.php?title=Special:Redirect/file/%E6%94%B6%E8%97%8F%E5%93%81_93.png
,可露希尔的怜悯,IS1,刻俄柏的灰蕈迷境,94,RARE,12,所有干员的初始技力+12,资源富足的时期才会出现的梦幻票劵，这时候可露希尔甚至允许干员们在她的商店尽情挥霍。其实根本不够尽情挥霍。,,,,,是,,relic_94,https://prts.wiki/index.php?title=Special:Redirect/file/%E6%94%B6%E8%97%8F%E5%93%81_94.png
,“日光灯”,IS1,刻俄柏的灰蕈迷境,95,SUPER_RARE,16,所有干员的初始技力+18,我生下来就是拉特兰人。啊，不。我从会说话开始就是拉特兰人。,,,,,是,,relic_95,https://prts.wiki/index.php?title=Special:Redirect/file/%E6%94%B6%E8%97%8F%E5%93%81_95.png
,丰蹄能量饮料,IS1,刻俄柏的灰蕈迷境,97,NORMAL,8,所有自然回复技能的技力恢复+0.25/s,“你以为拜松凭什么能骑自行车追上德克萨斯？”,选择【远程战术分队】完成游戏结局,,,,是,,relic_97,https://prts.wiki/index.php?title=Special:Redirect/file/%E6%94%B6%E8%97%8F%E5%93%81_97.png
,辣椒老妈,IS1,刻俄柏的灰蕈迷境,98,RARE,12,所有自然回复技能的技力恢复+0.35/s,来自炎国某个西南移动城邦的特色饮料，口味辛辣，据说也是一种调料。,,,,,是,,relic_98,https://prts.wiki/index.php?title=Special:Redirect/file/%E6%94%B6%E8%97%8F%E5%93%81_98.png
,脑力药片,IS1,刻俄柏的灰蕈迷境,99,SUPER_RARE,16,所有自然回复技能的技力恢复+0.5/s,沙滩伞制药公司开发的新型醒脑剂，无副作用，薄荷口味，无糖。,,,,,是,,relic_99,https://prts.wiki/index.php?title=Special:Redirect/file/%E6%94%B6%E8%97%8F%E5%93%81_99.png
,迷幻的藏宝图,IS1,刻俄柏的灰蕈迷境,160,SUPER_RARE,16,立即获得源石锭+2，希望+1,有人把他梦中看见的名字写在了这张藏宝图上，依坐标来看这座“城市”好像是一片芭蕉树林？,完成游戏结局,,,,是,,relic_160,https://prts.wiki/index.php?title=Special:Redirect/file/%E6%94%B6%E8%97%8F%E5%93%81_160.png
,染血的传单,IS1,刻俄柏的灰蕈迷境,161,SUPER_RARE,16,立即获得源石锭+22，并让探险走向不同的结局,满是童话和儿歌中才会出现的物品和地点，糖果城堡的彼端，甜蜜的风车男孩，这意味着什么？,完成游戏结局,,,,是,,relic_161,https://prts.wiki/index.php?title=Special:Redirect/file/%E6%94%B6%E8%97%8F%E5%93%81_161.png
,辉煌工匠包,IS1,刻俄柏的灰蕈迷境,162,SUPER_RARE,16,所有近卫和狙击干员的攻击力+16%，所有辅助和术师干员的攻击力-8%,只有喝闷酒的时候，Mechanist才会想起自己有血有肉，而非某种物理性质的化身。,,,,,是,,relic_162,https://prts.wiki/index.php?title=Special:Redirect/file/%E6%94%B6%E8%97%8F%E5%93%81_162.png
,Logos的骨笔,IS1,刻俄柏的灰蕈迷境,163,SUPER_RARE,16,所有辅助和术师干员的攻击力+16%，所有近卫和狙击干员的攻击力-8%,这个神经质的萨卡兹咒术大师落笔的每一划都属于源石技艺的范畴。观看是禁忌。查阅是禁忌。理解是禁忌。,,,,,是,,relic_163,https://prts.wiki/index.php?title=Special:Redirect/file/%E6%94%B6%E8%97%8F%E5%93%81_163.png
,无限续杯瓶,IS1,刻俄柏的灰蕈迷境,164,SUPER_RARE,16,每进入一个非战斗节点，获得希望+1,只要把水倒进去，这个杯子就会产生无限的气泡快乐水，这简直是天才般的发明！你从来没有见过这种东西。,,,,,是,,relic_164,https://prts.wiki/index.php?title=Special:Redirect/file/%E6%94%B6%E8%97%8F%E5%93%81_164.png
,左半边椰子壳,IS1,刻俄柏的灰蕈迷境,165,SUPER_RARE,16,所有干员的部署费用+6，但攻击力、防御力和生命值+8%,椰子壳上用工整的印刷体写着“战斗啊，朋友，如果不能直面生活的苦难，生命本身将失去意义。”,,,,,是,,relic_165,https://prts.wiki/index.php?title=Special:Redirect/file/%E6%94%B6%E8%97%8F%E5%93%81_165.png
,右半边椰子壳,IS1,刻俄柏的灰蕈迷境,166,SUPER_RARE,16,所有干员的生命值-35%，但再部署时间-50%,椰子壳上用工整的印刷体写着“逃避是一种处事的手段，熟练使用逃避的技巧是通往成功路线的一条捷径。”,,,,,是,,relic_166,https://prts.wiki/index.php?title=Special:Redirect/file/%E6%94%B6%E8%97%8F%E5%93%81_166.png
,倒转的怀表,IS1,刻俄柏的灰蕈迷境,167,SUPER_RARE,16,所有敌方单位的攻击速度-15,一个锈迹斑斑，材质不明而且倒着转的怀表，你没有找到上发条的地方，也不知道怎么拆开他，非常古怪。,,,,,是,,relic_167,https://prts.wiki/index.php?title=Special:Redirect/file/%E6%94%B6%E8%97%8F%E5%93%81_167.png
,“手铳”,IS1,刻俄柏的灰蕈迷境,168,SUPER_RARE,16,所有我方单位的部署费用-3，攻击力、防御力、生命值+5%，并让探险走向不同的结局,已经白骨化的断手紧握着这把大口径火铳，它属于谁？断手的主人还好么？这背后到底发生了什么？,？？？,,,,是,,relic_168,https://prts.wiki/index.php?title=Special:Redirect/file/%E6%94%B6%E8%97%8F%E5%93%81_168.png
,沉重的铁皮箱,IS1,刻俄柏的灰蕈迷境,169,SUPER_RARE,16,所有我方单位的部署费用+2,这个厚实，沉重的铁皮箱严重影响了你的行程，但是不知为何你不想丢弃它，或许你太想知道里面装了什么。,？？？,,,,是,,relic_169,https://prts.wiki/index.php?title=Special:Redirect/file/%E6%94%B6%E8%97%8F%E5%93%81_169.png
,漆黑的钥匙,IS1,刻俄柏的灰蕈迷境,170,SUPER_RARE,16,所有我方单位的攻击力、防御力、生命值+3%,你非常惊讶，这把造型精妙的钥匙是用源石制成的，什么样的加工技术才能如此精妙地打造一把钥匙？,？？？,,,,是,,relic_170,https://prts.wiki/index.php?title=Special:Redirect/file/%E6%94%B6%E8%97%8F%E5%93%81_170.png
,鸟卜探索仪,IS1,刻俄柏的灰蕈迷境,171,RARE,12,可同时部署人数+2,哥伦比亚某个神秘学会制造的特殊仪器，这个用源石结晶制成的球形设备可以探测周围数十米内的地貌，非常神奇。,,,,,是,,relic_171,https://prts.wiki/index.php?title=Special:Redirect/file/%E6%94%B6%E8%97%8F%E5%93%81_171.png
,超高级沙发,IS1,刻俄柏的灰蕈迷境,172,RARE,12,可携带干员+1，可同时部署人数+1,“全泰拉最舒服的沙发”、“躺在上面会让你忘却人生的烦恼”、“休闲旅行必备”......这广告词浮夸得可疑。,在多局游戏中累计招募总共90名干员（初始不计算）,,,,是,,relic_172,https://prts.wiki/index.php?title=Special:Redirect/file/%E6%94%B6%E8%97%8F%E5%93%81_172.png
,立体投影仪,IS1,刻俄柏的灰蕈迷境,173,NORMAL,8,立即获得目标生命+6,这台投影仪会生成一个虚假的人形幻影，不仔细看根本无法辨别，可以很好地误导敌人，但是别拿来恶作剧......,,,,,是,,relic_173,https://prts.wiki/index.php?title=Special:Redirect/file/%E6%94%B6%E8%97%8F%E5%93%81_173.png
,一台旧冰箱,IS1,刻俄柏的灰蕈迷境,174,NORMAL,8,立即获得目标生命+6,一台没有动力，不能制冷的旧冰箱，但是躲在里面可以躲避很多危险，甚至可以防御最危险的源石炸弹，电影里都是这么演的。,,,,,是,,relic_174,https://prts.wiki/index.php?title=Special:Redirect/file/%E6%94%B6%E8%97%8F%E5%93%81_174.png
,个人避难所,IS1,刻俄柏的灰蕈迷境,175,RARE,12,立即获得目标生命+8,哥伦比亚的科技公司“约翰老妈”提供给拓荒者的个人防护掩体，然而拓荒者要是有钱买这个就不会去当拓荒者了......,,,,,是,,relic_175,https://prts.wiki/index.php?title=Special:Redirect/file/%E6%94%B6%E8%97%8F%E5%93%81_175.png
,虚空发生器,IS1,刻俄柏的灰蕈迷境,176,SUPER_RARE,16,立即获得目标生命+10,罗德岛库房里来历不明的神秘设备之一，不需要源石供能，启动之后会在使用者周围生成一片不可见的防御立场。,,,,,是,,relic_176,https://prts.wiki/index.php?title=Special:Redirect/file/%E6%94%B6%E8%97%8F%E5%93%81_176.png
,“坏家伙”来了！,IS1,刻俄柏的灰蕈迷境,178,SUPER_RARE,16,所有我方单位的攻击力和防御力+35%，生命值+45%,这台集合了罗德岛所有精锐技术为一身的运输飞行器为你提供一切保障，保证你的旅途犹如野外春游般顺畅。,,,,,是,,relic_178,https://prts.wiki/index.php?title=Special:Redirect/file/%E6%94%B6%E8%97%8F%E5%93%81_178.png
,鬼血,IS1,刻俄柏的灰蕈迷境,179,SUPER_RARE,16,所有敌方单位的攻击力、防御力、生命值+20%,某支血脉的血液，加上一点独特的源石技艺产物，仅仅是打开瓶盖就足以成为引发流血事件的元凶。,完成游戏结局,,,,是,,relic_179,https://prts.wiki/index.php?title=Special:Redirect/file/%E6%94%B6%E8%97%8F%E5%93%81_179.png
,冰封的异爪,IS1,刻俄柏的灰蕈迷境,180,SUPER_RARE,16,所有敌方单位的攻击力、防御力、生命值+12%，且所有BOSS单位还会攻击力、防御力+16%，生命值+36%,即使麦哲伦这样的探险家一代又一代向着这片纯白的大地发起挑战，这处亘古不变的冰原依旧有无数未解之谜......以及可怖之物。,完成游戏结局,,,,是,,relic_180,https://prts.wiki/index.php?title=Special:Redirect/file/%E6%94%B6%E8%97%8F%E5%93%81_180.png
,巫王旋角,IS1,刻俄柏的灰蕈迷境,181,SUPER_RARE,16,所有敌方单位的攻击力、防御力、生命值+12%，且每进入一个新节点后，失去1目标生命（最多降至1）,呵，伟大的巫王！你的阴影笼罩着大地！你的腐败浸没了高塔！你死了，你的法术随之散逸，莱塔尼亚不会再畏惧你！,完成游戏结局,,,,是,,relic_181,https://prts.wiki/index.php?title=Special:Redirect/file/%E6%94%B6%E8%97%8F%E5%93%81_181.png
,浅海轻唱,IS1,刻俄柏的灰蕈迷境,182,SUPER_RARE,16,所有敌方单位的攻击力、防御力、生命值+8%，且招募4星以上干员时希望消耗+1,伊比利亚的临海断崖上常见的鲜花，但唯独这一朵沾染了违背常理的颜色。只听它呢喃呓语，拒绝希望，就连花草也坠入疯狂。,完成游戏结局,,,,是,,relic_182,https://prts.wiki/index.php?title=Special:Redirect/file/%E6%94%B6%E8%97%8F%E5%93%81_182.png
,后勤分队,IS1,刻俄柏的灰蕈迷境,999,BORN,0,初始源石锭+20，初始希望+2,,在多局游戏中累计获得150源石锭,,,,是,,relic_b3,https://prts.wiki/index.php?title=Special:Redirect/file/%E6%94%B6%E8%97%8F%E5%93%81_999.png
,堡垒战术分队,IS1,刻俄柏的灰蕈迷境,999,BORN,0,招募4星以上的【重装】【辅助】干员时直接就是已进阶的状态,,拥有合计至少5名重装或辅助干员完成游戏结局,,,,是,,relic_b6,https://prts.wiki/index.php?title=Special:Redirect/file/%E6%94%B6%E8%97%8F%E5%93%81_999.png
,指挥分队,IS1,刻俄柏的灰蕈迷境,999,BORN,0,每场战斗获得4点临时目标生命值,,,,,,是,,relic_b1,https://prts.wiki/index.php?title=Special:Redirect/file/%E6%94%B6%E8%97%8F%E5%93%81_999.png
,矛头分队,IS1,刻俄柏的灰蕈迷境,999,BORN,0,初始目标生命值变为1，所有干员的攻击力+15%，生命值+15%,,剩余10点以上目标生命时完成游戏结局,,,,是,,relic_b4,https://prts.wiki/index.php?title=Special:Redirect/file/%E6%94%B6%E8%97%8F%E5%93%81_999.png
,破坏战术分队,IS1,刻俄柏的灰蕈迷境,999,BORN,0,招募4星以上的【术师】【特种】干员时直接就是已进阶的状态,,拥有合计至少5名特种或术师干员完成游戏结局,,,,是,,relic_b8,https://prts.wiki/index.php?title=Special:Redirect/file/%E6%94%B6%E8%97%8F%E5%93%81_999.png
,突击战术分队,IS1,刻俄柏的灰蕈迷境,999,BORN,0,招募4星以上的【先锋】【近卫】干员时直接就是已进阶的状态,,拥有合计至少5名先锋或近卫干员完成游戏结局,,,,是,,relic_b5,https://prts.wiki/index.php?title=Special:Redirect/file/%E6%94%B6%E8%97%8F%E5%93%81_999.png
,远程战术分队,IS1,刻俄柏的灰蕈迷境,999,BORN,0,招募4星以上的【医疗】【狙击】干员时直接就是已进阶的状态,,拥有合计至少5名医疗或狙击干员完成游戏结局,,,,是,,relic_b7,https://prts.wiki/index.php?title=Special:Redirect/file/%E6%94%B6%E8%97%8F%E5%93%81_999.png
,集群分队,IS1,刻俄柏的灰蕈迷境,999,BORN,0,可携带干员+2，可同时部署人数+2,,通过第三层【千条道路】,,,,是,,relic_b2,https://prts.wiki/index.php?title=Special:Redirect/file/%E6%94%B6%E8%97%8F%E5%93%81_999.png
../../Assets/_Game/Resources/RogueRelics/Icons/rogue_1/rogue_1_relic_r14.png,尖笑鬼牌,IS2,傀影与猩红孤钻,014,NORMAL,,立即进阶一个干员（不消耗希望）,这是给予你的特权。,,,,,是,,rogue_1_relic_r14,https://prts.wiki/index.php?title=Special:Redirect/file/%E6%94%B6%E8%97%8F%E5%93%81_%E5%82%80%E5%BD%B1%E4%B8%8E%E7%8C%A9%E7%BA%A2%E5%AD%A4%E9%92%BB_014.png
../../Assets/_Game/Resources/RogueRelics/Icons/rogue_1/rogue_1_relic_r29.png,猩红剧团票根,IS2,傀影与猩红孤钻,029,RARE,,战斗后有25%的几率额外掉落一张招募券,猩红剧团的门票，没有写演出和表演者的名字。究竟是怎样的演出在等待着你？,,,,,是,,rogue_1_relic_r29,https://prts.wiki/index.php?title=Special:Redirect/file/%E6%94%B6%E8%97%8F%E5%93%81_%E5%82%80%E5%BD%B1%E4%B8%8E%E7%8C%A9%E7%BA%A2%E5%AD%A4%E9%92%BB_029.png
../../Assets/_Game/Resources/RogueRelics/Icons/rogue_1/rogue_1_relic_r31.png,假面舞会面具,IS2,傀影与猩红孤钻,031,RARE,,每进入一个非战斗节点，获得源石锭+3,尊敬的客人，欢迎来到猩红剧团，接下来的演出一定会令您印象深刻。,在多局游戏中累计进入100次非战斗格,,,,是,,rogue_1_relic_r31,https://prts.wiki/index.php?title=Special:Redirect/file/%E6%94%B6%E8%97%8F%E5%93%81_%E5%82%80%E5%BD%B1%E4%B8%8E%E7%8C%A9%E7%BA%A2%E5%AD%A4%E9%92%BB_031.png
../../Assets/_Game/Resources/RogueRelics/Icons/rogue_1/rogue_1_relic_r37.png,突击协议扩充,IS2,傀影与猩红孤钻,037,NORMAL,,商店和战斗掉落的先锋招募券都被升级成高级人事调度函,单一的干员组成难以在前线战斗中取得优势，通过协议补充战力也是有效的手段。,携带不小于4名先锋干员胜利一场战斗,,,,是,,rogue_1_relic_r37,https://prts.wiki/index.php?title=Special:Redirect/file/%E6%94%B6%E8%97%8F%E5%93%81_%E5%82%80%E5%BD%B1%E4%B8%8E%E7%8C%A9%E7%BA%A2%E5%AD%A4%E9%92%BB_037.png
../../Assets/_Game/Resources/RogueRelics/Icons/rogue_1/rogue_1_relic_r38.png,突击协议增援,IS2,傀影与猩红孤钻,038,NORMAL,,商店和战斗掉落的近卫招募券都被升级成高级人事调度函,单一的干员组成难以在前线战斗中取得优势，通过协议补充战力也是有效的手段。,携带不小于4名近卫干员胜利一场战斗,,,,是,,rogue_1_relic_r38,https://prts.wiki/index.php?title=Special:Redirect/file/%E6%94%B6%E8%97%8F%E5%93%81_%E5%82%80%E5%BD%B1%E4%B8%8E%E7%8C%A9%E7%BA%A2%E5%AD%A4%E9%92%BB_038.png
../../Assets/_Game/Resources/RogueRelics/Icons/rogue_1/rogue_1_relic_r39.png,堡垒协议扩充,IS2,傀影与猩红孤钻,039,NORMAL,,商店和战斗掉落的重装招募券都被升级成高级人事调度函,单一的干员组成难以在前线战斗中取得优势，通过协议补充战力也是有效的手段。,携带不小于4名重装干员胜利一场战斗,,,,是,,rogue_1_relic_r39,https://prts.wiki/index.php?title=Special:Redirect/file/%E6%94%B6%E8%97%8F%E5%93%81_%E5%82%80%E5%BD%B1%E4%B8%8E%E7%8C%A9%E7%BA%A2%E5%AD%A4%E9%92%BB_039.png
../../Assets/_Game/Resources/RogueRelics/Icons/rogue_1/rogue_1_relic_r40.png,堡垒协议增援,IS2,傀影与猩红孤钻,040,NORMAL,,商店和战斗掉落的辅助招募券都被升级成高级人事调度函,单一的干员组成难以在前线战斗中取得优势，通过协议补充战力也是有效的手段。,携带不小于4名辅助干员胜利一场战斗,,,,是,,rogue_1_relic_r40,https://prts.wiki/index.php?title=Special:Redirect/file/%E6%94%B6%E8%97%8F%E5%93%81_%E5%82%80%E5%BD%B1%E4%B8%8E%E7%8C%A9%E7%BA%A2%E5%AD%A4%E9%92%BB_040.png
../../Assets/_Game/Resources/RogueRelics/Icons/rogue_1/rogue_1_relic_r41.png,远程协议扩充,IS2,傀影与猩红孤钻,041,NORMAL,,商店和战斗掉落的医疗招募券都被升级成高级人事调度函,单一的干员组成难以在前线战斗中取得优势，通过协议补充战力也是有效的手段。,携带不小于3名医疗干员胜利一场战斗,,,,是,,rogue_1_relic_r41,https://prts.wiki/index.php?title=Special:Redirect/file/%E6%94%B6%E8%97%8F%E5%93%81_%E5%82%80%E5%BD%B1%E4%B8%8E%E7%8C%A9%E7%BA%A2%E5%AD%A4%E9%92%BB_041.png
../../Assets/_Game/Resources/RogueRelics/Icons/rogue_1/rogue_1_relic_r42.png,远程协议增援,IS2,傀影与猩红孤钻,042,NORMAL,,商店和战斗掉落的狙击招募券都被升级成高级人事调度函,单一的干员组成难以在前线战斗中取得优势，通过协议补充战力也是有效的手段。,携带不小于4名狙击干员胜利一场战斗,,,,是,,rogue_1_relic_r42,https://prts.wiki/index.php?title=Special:Redirect/file/%E6%94%B6%E8%97%8F%E5%93%81_%E5%82%80%E5%BD%B1%E4%B8%8E%E7%8C%A9%E7%BA%A2%E5%AD%A4%E9%92%BB_042.png
../../Assets/_Game/Resources/RogueRelics/Icons/rogue_1/rogue_1_relic_r43.png,破坏协议扩充,IS2,傀影与猩红孤钻,043,NORMAL,,商店和战斗掉落的术师招募券都被升级成高级人事调度函,单一的干员组成难以在前线战斗中取得优势，通过协议补充战力也是有效的手段。,携带不小于4名术师干员胜利一场战斗,,,,是,,rogue_1_relic_r43,https://prts.wiki/index.php?title=Special:Redirect/file/%E6%94%B6%E8%97%8F%E5%93%81_%E5%82%80%E5%BD%B1%E4%B8%8E%E7%8C%A9%E7%BA%A2%E5%AD%A4%E9%92%BB_043.png
../../Assets/_Game/Resources/RogueRelics/Icons/rogue_1/rogue_1_relic_r44.png,破坏协议增援,IS2,傀影与猩红孤钻,044,NORMAL,,商店和战斗掉落的特种招募券都被升级成高级人事调度函,单一的干员组成难以在前线战斗中取得优势，通过协议补充战力也是有效的手段。,携带不小于4名特种干员胜利一场战斗,,,,是,,rogue_1_relic_r44,https://prts.wiki/index.php?title=Special:Redirect/file/%E6%94%B6%E8%97%8F%E5%93%81_%E5%82%80%E5%BD%B1%E4%B8%8E%E7%8C%A9%E7%BA%A2%E5%AD%A4%E9%92%BB_044.png
../../Assets/_Game/Resources/RogueRelics/Icons/rogue_1/rogue_1_relic_a06.png,作者的喉舌,IS2,傀影与猩红孤钻,050,RARE,,所有敌方单位的防御力-21%,剧作家用笔蘸着自己的血创作。他为自己设计了丧身火海的最后一幕。,选择【集群分队】完成游戏结局,,,,是,,rogue_1_relic_a06,https://prts.wiki/index.php?title=Special:Redirect/file/%E6%94%B6%E8%97%8F%E5%93%81_%E5%82%80%E5%BD%B1%E4%B8%8E%E7%8C%A9%E7%BA%A2%E5%AD%A4%E9%92%BB_050.png
../../Assets/_Game/Resources/RogueRelics/Icons/rogue_1/rogue_1_relic_a35.png,乌萨斯列巴,IS2,傀影与猩红孤钻,079,NORMAL,,可携带干员+1,一种来自乌萨斯的食物，吃起来有一股子浓烈的发酵味儿。就是酸。,,,,,是,,rogue_1_relic_a35,https://prts.wiki/index.php?title=Special:Redirect/file/%E6%94%B6%E8%97%8F%E5%93%81_%E5%82%80%E5%BD%B1%E4%B8%8E%E7%8C%A9%E7%BA%A2%E5%AD%A4%E9%92%BB_079.png
../../Assets/_Game/Resources/RogueRelics/Icons/rogue_1/rogue_1_relic_a36.png,苦行者泡芙,IS2,傀影与猩红孤钻,080,NORMAL,,可携带干员+1,行在苦路上的人们常常用这甘甜来抚慰心灵。,,,,,是,,rogue_1_relic_a36,https://prts.wiki/index.php?title=Special:Redirect/file/%E6%94%B6%E8%97%8F%E5%93%81_%E5%82%80%E5%BD%B1%E4%B8%8E%E7%8C%A9%E7%BA%A2%E5%AD%A4%E9%92%BB_080.png
../../Assets/_Game/Resources/RogueRelics/Icons/rogue_1/rogue_1_relic_a37.png,铁棍面包,IS2,傀影与猩红孤钻,081,NORMAL,,可携带干员+1,坚硬的棍状面包，随身带上一根，既可以饱腹，又能够防身。,在一次【微型舞台】事件中，连续投硬币不小于10次,,,,是,,rogue_1_relic_a37,https://prts.wiki/index.php?title=Special:Redirect/file/%E6%94%B6%E8%97%8F%E5%93%81_%E5%82%80%E5%BD%B1%E4%B8%8E%E7%8C%A9%E7%BA%A2%E5%AD%A4%E9%92%BB_081.png
../../Assets/_Game/Resources/RogueRelics/Icons/rogue_1/rogue_1_relic_a38.png,试制巧克力,IS2,傀影与猩红孤钻,082,RARE,,可携带干员+2,只是将研发员个人偏爱的咸蛋黄与巧克力进行简单混合后的试制品，尚未达到能作为商品面世的水准。“还缺少酥脆的灵魂……”,在多局游戏中累计招募总共70名干员,,,,是,,rogue_1_relic_a38,https://prts.wiki/index.php?title=Special:Redirect/file/%E6%94%B6%E8%97%8F%E5%93%81_%E5%82%80%E5%BD%B1%E4%B8%8E%E7%8C%A9%E7%BA%A2%E5%AD%A4%E9%92%BB_082.png
../../Assets/_Game/Resources/RogueRelics/Icons/rogue_1/rogue_1_relic_a39.png,高卢小圆饼,IS2,傀影与猩红孤钻,083,RARE,,可携带干员+2,由于高卢圆饼的糖分高得吓人，部分店家推出了微缩版本以供顾客享用。,,,,,是,,rogue_1_relic_a39,https://prts.wiki/index.php?title=Special:Redirect/file/%E6%94%B6%E8%97%8F%E5%93%81_%E5%82%80%E5%BD%B1%E4%B8%8E%E7%8C%A9%E7%BA%A2%E5%AD%A4%E9%92%BB_083.png
../../Assets/_Game/Resources/RogueRelics/Icons/rogue_1/rogue_1_relic_a40.png,维多利亚蛋糕,IS2,傀影与猩红孤钻,084,SUPER_RARE,,可携带干员+3,纪念我们常胜不败的皇帝！,在任意时刻拥有不小于13个可携带干员数,,,,是,,rogue_1_relic_a40,https://prts.wiki/index.php?title=Special:Redirect/file/%E6%94%B6%E8%97%8F%E5%93%81_%E5%82%80%E5%BD%B1%E4%B8%8E%E7%8C%A9%E7%BA%A2%E5%AD%A4%E9%92%BB_084.png
../../Assets/_Game/Resources/RogueRelics/Icons/rogue_1/rogue_1_relic_a41.png,路线说明图,IS2,傀影与猩红孤钻,085,NORMAL,,可同时部署人数+1,一张干员亲手绘制的地图，附赠路线说明。除了书写者本人，没人看得懂。,,,,,是,,rogue_1_relic_a41,https://prts.wiki/index.php?title=Special:Redirect/file/%E6%94%B6%E8%97%8F%E5%93%81_%E5%82%80%E5%BD%B1%E4%B8%8E%E7%8C%A9%E7%BA%A2%E5%AD%A4%E9%92%BB_085.png
../../Assets/_Game/Resources/RogueRelics/Icons/rogue_1/rogue_1_relic_a42.png,昏暗的提灯,IS2,傀影与猩红孤钻,086,NORMAL,,可同时部署人数+1,"干员探险用的提灯，可以手提，也可以挂在背包上。
明明在外面很亮，但在这里就不好使。",,,,,是,,rogue_1_relic_a42,https://prts.wiki/index.php?title=Special:Redirect/file/%E6%94%B6%E8%97%8F%E5%93%81_%E5%82%80%E5%BD%B1%E4%B8%8E%E7%8C%A9%E7%BA%A2%E5%AD%A4%E9%92%BB_086.png
../../Assets/_Game/Resources/RogueRelics/Icons/rogue_1/rogue_1_relic_a43.png,黄铜指南针,IS2,傀影与猩红孤钻,087,RARE,,可同时部署人数+2,它总是指向同一个方向。但那到底是哪儿？,,,,,是,,rogue_1_relic_a43,https://prts.wiki/index.php?title=Special:Redirect/file/%E6%94%B6%E8%97%8F%E5%93%81_%E5%82%80%E5%BD%B1%E4%B8%8E%E7%8C%A9%E7%BA%A2%E5%AD%A4%E9%92%BB_087.png
../../Assets/_Game/Resources/RogueRelics/Icons/rogue_1/rogue_1_relic_a44.png,破损的面具,IS2,傀影与猩红孤钻,088,RARE,,可同时部署人数+2,"他戴上了面具。
是他在说话还是面具在说话？",,,,,是,,rogue_1_relic_a44,https://prts.wiki/index.php?title=Special:Redirect/file/%E6%94%B6%E8%97%8F%E5%93%81_%E5%82%80%E5%BD%B1%E4%B8%8E%E7%8C%A9%E7%BA%A2%E5%AD%A4%E9%92%BB_088.png
../../Assets/_Game/Resources/RogueRelics/Icons/rogue_1/rogue_1_relic_a45.png,空白名片,IS2,傀影与猩红孤钻,089,RARE,,可携带干员+1，可同时部署人数+1,神秘的名片，以神秘方式记录着神秘杀手的联系方式。,在多局游戏中累计招募总共120名干员,,,,是,,rogue_1_relic_a45,https://prts.wiki/index.php?title=Special:Redirect/file/%E6%94%B6%E8%97%8F%E5%93%81_%E5%82%80%E5%BD%B1%E4%B8%8E%E7%8C%A9%E7%BA%A2%E5%AD%A4%E9%92%BB_089.png
../../Assets/_Game/Resources/RogueRelics/Icons/rogue_1/rogue_1_relic_p04.png,钝爪-振奋,IS2,傀影与猩红孤钻,096,RARE,,所有【先锋】干员的再部署时间-50%,只是战略性撤退而已，这样才好在贯穿敌人前看清他们长什么样。,在多局游戏中累计击败领袖【“遗弃者”】3次,,,,是,,rogue_1_relic_p04,https://prts.wiki/index.php?title=Special:Redirect/file/%E6%94%B6%E8%97%8F%E5%93%81_%E5%82%80%E5%BD%B1%E4%B8%8E%E7%8C%A9%E7%BA%A2%E5%AD%A4%E9%92%BB_096.png
../../Assets/_Game/Resources/RogueRelics/Icons/rogue_1/rogue_1_relic_p13.png,铁卫-不动,IS2,傀影与猩红孤钻,105,RARE,,所有【重装】干员的防御力+25%，生命+50%,“真有人能在那种规模的轰炸下一动不动？”“谁说一动不动的，他还往前挪了几步。”,,,,,是,,rogue_1_relic_p13,https://prts.wiki/index.php?title=Special:Redirect/file/%E6%94%B6%E8%97%8F%E5%93%81_%E5%82%80%E5%BD%B1%E4%B8%8E%E7%8C%A9%E7%BA%A2%E5%AD%A4%E9%92%BB_105.png
../../Assets/_Game/Resources/RogueRelics/Icons/rogue_1/rogue_1_relic_p18.png,残弩-战场依存,IS2,傀影与猩红孤钻,110,RARE,,所有【狙击】干员的自然技力恢复+0.5/秒,和武器越发亲密的狙击手，越不容易遭到武器的背叛。,,,,,是,,rogue_1_relic_p18,https://prts.wiki/index.php?title=Special:Redirect/file/%E6%94%B6%E8%97%8F%E5%93%81_%E5%82%80%E5%BD%B1%E4%B8%8E%E7%8C%A9%E7%BA%A2%E5%AD%A4%E9%92%BB_110.png
../../Assets/_Game/Resources/RogueRelics/Icons/rogue_1/rogue_1_relic_p23.png,断杖-咏唱,IS2,傀影与猩红孤钻,115,RARE,,所有【术师】干员的攻击速度+40,虽然音乐与法术有着奇妙的联系，呃，但这不是某些人五音不全的借口。,,,,,是,,rogue_1_relic_p23,https://prts.wiki/index.php?title=Special:Redirect/file/%E6%94%B6%E8%97%8F%E5%93%81_%E5%82%80%E5%BD%B1%E4%B8%8E%E7%8C%A9%E7%BA%A2%E5%AD%A4%E9%92%BB_115.png
../../Assets/_Game/Resources/RogueRelics/Icons/rogue_1/rogue_1_relic_p27.png,支柱-次要战场,IS2,傀影与猩红孤钻,119,NORMAL,,所有【辅助】干员的【召唤物】攻击力+50%,“呃，机械和源石技艺衍生物我尚且能理解，但是不是有些别的......”,在多局游戏中累计进入事件【讲故事的人】2次,,,,是,,rogue_1_relic_p27,https://prts.wiki/index.php?title=Special:Redirect/file/%E6%94%B6%E8%97%8F%E5%93%81_%E5%82%80%E5%BD%B1%E4%B8%8E%E7%8C%A9%E7%BA%A2%E5%AD%A4%E9%92%BB_119.png
../../Assets/_Game/Resources/RogueRelics/Icons/rogue_1/rogue_1_relic_p29.png,支柱-破兵,IS2,傀影与猩红孤钻,121,RARE,,所有【辅助】干员攻击范围内的敌方单位攻击力-15%,削弱敌人的伤害有很多手段：腐蚀兵器，摧残精神，加大重力，以及......让他们肚子疼。,在多局游戏中累计进入事件【讲故事的人】8次,,,,是,,rogue_1_relic_p29,https://prts.wiki/index.php?title=Special:Redirect/file/%E6%94%B6%E8%97%8F%E5%93%81_%E5%82%80%E5%BD%B1%E4%B8%8E%E7%8C%A9%E7%BA%A2%E5%AD%A4%E9%92%BB_121.png
../../Assets/_Game/Resources/RogueRelics/Icons/rogue_1/rogue_1_relic_p33.png,医者-强效试剂,IS2,傀影与猩红孤钻,125,RARE,,所有【医疗】干员的攻击力+40%,除了华法琳，没人敢采取这么激进的医疗手段，不过她从没失误过一次。,,,,,是,,rogue_1_relic_p33,https://prts.wiki/index.php?title=Special:Redirect/file/%E6%94%B6%E8%97%8F%E5%93%81_%E5%82%80%E5%BD%B1%E4%B8%8E%E7%8C%A9%E7%BA%A2%E5%AD%A4%E9%92%BB_125.png
../../Assets/_Game/Resources/RogueRelics/Icons/rogue_1/rogue_1_relic_p35.png,医者-理智固剂,IS2,傀影与猩红孤钻,127,SUPER_RARE,,所有【医疗】干员攻击范围内的我方单位获得抵抗,加固你的思维，让你脑中帝国疆域上的每株杂草都无懈可击。,在多局游戏中累计进入事件【扎营】16次,,,,是,,rogue_1_relic_p35,https://prts.wiki/index.php?title=Special:Redirect/file/%E6%94%B6%E8%97%8F%E5%93%81_%E5%82%80%E5%BD%B1%E4%B8%8E%E7%8C%A9%E7%BA%A2%E5%AD%A4%E9%92%BB_127.png
../../Assets/_Game/Resources/RogueRelics/Icons/rogue_1/rogue_1_relic_p37.png,锈刃-处决,IS2,傀影与猩红孤钻,129,NORMAL,,所有【特种】干员的攻击速度+30,红有一把小刀。她有一把小刀。,在多局游戏中累计进入事件【善良的木偶】2次,,,,是,,rogue_1_relic_p37,https://prts.wiki/index.php?title=Special:Redirect/file/%E6%94%B6%E8%97%8F%E5%93%81_%E5%82%80%E5%BD%B1%E4%B8%8E%E7%8C%A9%E7%BA%A2%E5%AD%A4%E9%92%BB_129.png
../../Assets/_Game/Resources/RogueRelics/Icons/rogue_1/rogue_1_relic_p39.png,锈刃-无人之境,IS2,傀影与猩红孤钻,131,RARE,,所有【特种】干员的再部署时间-35%,部分干员的作战方式很特殊，无论见到他们“好几次”还是“好几个”，都不要大惊小怪。,在多局游戏中累计进入事件【善良的木偶】8次,,,,是,,rogue_1_relic_p39,https://prts.wiki/index.php?title=Special:Redirect/file/%E6%94%B6%E8%97%8F%E5%93%81_%E5%82%80%E5%BD%B1%E4%B8%8E%E7%8C%A9%E7%BA%A2%E5%AD%A4%E9%92%BB_131.png
../../Assets/_Game/Resources/RogueRelics/Icons/rogue_1/rogue_1_relic_p44.png,扩散之手,IS2,傀影与猩红孤钻,136,SUPER_RARE,,【扩散术师】、【链术师】和【轰击术师】每对一个单位造成伤害就回复2点技力值,多揍一个敌人，多攒一份力量。,,,,,是,,rogue_1_relic_p44,https://prts.wiki/index.php?title=Special:Redirect/file/%E6%94%B6%E8%97%8F%E5%93%81_%E5%82%80%E5%BD%B1%E4%B8%8E%E7%8C%A9%E7%BA%A2%E5%AD%A4%E9%92%BB_136.png
../../Assets/_Game/Resources/RogueRelics/Icons/rogue_1/rogue_1_relic_p45.png,撕扯之手,IS2,傀影与猩红孤钻,137,SUPER_RARE,,【无畏者】、【剑豪】和【教官】攻击时无视目标70%的防御力,东撕西扯，铁甲如布匹。,,,,,是,,rogue_1_relic_p45,https://prts.wiki/index.php?title=Special:Redirect/file/%E6%94%B6%E8%97%8F%E5%93%81_%E5%82%80%E5%BD%B1%E4%B8%8E%E7%8C%A9%E7%BA%A2%E5%AD%A4%E9%92%BB_137.png
../../Assets/_Game/Resources/RogueRelics/Icons/rogue_1/rogue_1_relic_q11.png,爱丽舍钱袋,IS2,傀影与猩红孤钻,150,NORMAL,,所有干员的初始技力+8,逛爱丽舍大街的贵妇们用的钱袋，慕斯有个同款。,在目标生命值不小于15时通过第三层【故土残躯】,,,,是,,rogue_1_relic_q11,https://prts.wiki/index.php?title=Special:Redirect/file/%E6%94%B6%E8%97%8F%E5%93%81_%E5%82%80%E5%BD%B1%E4%B8%8E%E7%8C%A9%E7%BA%A2%E5%AD%A4%E9%92%BB_150.png
../../Assets/_Game/Resources/RogueRelics/Icons/rogue_1/rogue_1_relic_q15.png,球球果汁,IS2,傀影与猩红孤钻,154,NORMAL,,所有自然回复技能的技力恢复+0.25/秒,说是果汁其实是酒，瓶身上标注未成年禁止饮用。原产地曾在高卢版图内，现属于维多利亚。,选择【远程战术分队】完成游戏结局,,,,是,,rogue_1_relic_q15,https://prts.wiki/index.php?title=Special:Redirect/file/%E6%94%B6%E8%97%8F%E5%93%81_%E5%82%80%E5%BD%B1%E4%B8%8E%E7%8C%A9%E7%BA%A2%E5%AD%A4%E9%92%BB_154.png
../../Assets/_Game/Resources/RogueRelics/Icons/rogue_1/rogue_1_relic_q18.png,荒地龙舌兰,IS2,傀影与猩红孤钻,157,NORMAL,,所有攻击和受击回复的技能每3.5秒回复1点技力,原产自玻利瓦尔的廉价蒸馏酒，味道很冲，广受哥伦比亚拓荒者的好评。,,,,,是,,rogue_1_relic_q18,https://prts.wiki/index.php?title=Special:Redirect/file/%E6%94%B6%E8%97%8F%E5%93%81_%E5%82%80%E5%BD%B1%E4%B8%8E%E7%8C%A9%E7%BA%A2%E5%AD%A4%E9%92%BB_157.png
../../Assets/_Game/Resources/RogueRelics/Icons/rogue_1/rogue_1_relic_q23.png,“当红歌手”,IS2,傀影与猩红孤钻,162,RARE,,敌人被晕眩、冰冻、束缚时，每秒受到600点法术伤害,别管它唱什么，赶紧让它闭嘴，吵死了！,,,,,是,,rogue_1_relic_q23,https://prts.wiki/index.php?title=Special:Redirect/file/%E6%94%B6%E8%97%8F%E5%93%81_%E5%82%80%E5%BD%B1%E4%B8%8E%E7%8C%A9%E7%BA%A2%E5%AD%A4%E9%92%BB_162.png
../../Assets/_Game/Resources/RogueRelics/Icons/rogue_1/rogue_1_relic_q30.png,073号安全试剂,IS2,傀影与猩红孤钻,169,RARE,,所有干员技能触发后1秒内攻击力+65%,严谨实验下的安全产物，绝对安全，不会爆炸，令人安心。,在多局游戏中累计在事件【微型舞台】中投硬币不小于15次,,,,是,,rogue_1_relic_q30,https://prts.wiki/index.php?title=Special:Redirect/file/%E6%94%B6%E8%97%8F%E5%93%81_%E5%82%80%E5%BD%B1%E4%B8%8E%E7%8C%A9%E7%BA%A2%E5%AD%A4%E9%92%BB_169.png
../../Assets/_Game/Resources/RogueRelics/Icons/rogue_1/rogue_1_relic_q34.png,“忠义”,IS2,傀影与猩红孤钻,173,SUPER_RARE,,所有我方单位阻挡3名及以上敌人时，每秒回复150点生命,何为忠，何为义。有一群人早在数十年前就已经给出答案。,在多局游戏中累计在事件【微型舞台】中投硬币不小于50次,,,,是,,rogue_1_relic_q34,https://prts.wiki/index.php?title=Special:Redirect/file/%E6%94%B6%E8%97%8F%E5%93%81_%E5%82%80%E5%BD%B1%E4%B8%8E%E7%8C%A9%E7%BA%A2%E5%AD%A4%E9%92%BB_173.png
../../Assets/_Game/Resources/RogueRelics/Icons/rogue_1/rogue_1_relic_c01.png,乌萨斯弯刀,IS2,傀影与猩红孤钻,177,SUPER_RARE,,所有敌方单位的攻击力、防御力、生命+40%,钢铁的洪流在荒芜的土地上疾驰，远方传来不容忤逆的绝对意志，乌萨斯，是我双手的延伸。,完成游戏结局,,,,是,,rogue_1_relic_c01,https://prts.wiki/index.php?title=Special:Redirect/file/%E6%94%B6%E8%97%8F%E5%93%81_%E5%82%80%E5%BD%B1%E4%B8%8E%E7%8C%A9%E7%BA%A2%E5%AD%A4%E9%92%BB_177.png
../../Assets/_Game/Resources/RogueRelics/Icons/rogue_1/rogue_1_relic_c07.png,乌萨斯弯刀（重铸）,IS2,傀影与猩红孤钻,178,SUPER_RARE,,所有敌方单位的攻击力、防御力、生命+35%，每进入新的一层额外+10%，完成紧急作战时-5%（最低35%）,钢铁的洪流在荒芜的土地上疾驰，远方传来不容忤逆的绝对意志，乌萨斯，是我双手的延伸。,完成游戏结局,,,,是,,rogue_1_relic_c07,https://prts.wiki/index.php?title=Special:Redirect/file/%E6%94%B6%E8%97%8F%E5%93%81_%E5%82%80%E5%BD%B1%E4%B8%8E%E7%8C%A9%E7%BA%A2%E5%AD%A4%E9%92%BB_178.png
../../Assets/_Game/Resources/RogueRelics/Icons/rogue_1/rogue_1_relic_c02.png,维多利亚王冠,IS2,傀影与猩红孤钻,179,SUPER_RARE,,所有敌方单位的攻击力、防御力、生命+30%，且所有领袖单位还会攻击力、防御力+15%，生命+30%,当最后一位统治维多利亚的阿斯兰被推上断头台时，愤怒的群众一拥而上，踩踏着过去的君权。,完成游戏结局,,,,是,,rogue_1_relic_c02,https://prts.wiki/index.php?title=Special:Redirect/file/%E6%94%B6%E8%97%8F%E5%93%81_%E5%82%80%E5%BD%B1%E4%B8%8E%E7%8C%A9%E7%BA%A2%E5%AD%A4%E9%92%BB_179.png
../../Assets/_Game/Resources/RogueRelics/Icons/rogue_1/rogue_1_relic_c08.png,维多利亚王冠（重铸）,IS2,傀影与猩红孤钻,180,SUPER_RARE,,所有敌方单位的攻击力、防御力、生命+35%，所有领袖单位还会攻击力、防御力+20%，生命+50%，编入所有职业的干员时领袖加成减半,当最后一位统治维多利亚的阿斯兰被推上断头台时，愤怒的群众一拥而上，踩踏着过去的君权。,完成游戏结局,,,,是,,rogue_1_relic_c08,https://prts.wiki/index.php?title=Special:Redirect/file/%E6%94%B6%E8%97%8F%E5%93%81_%E5%82%80%E5%BD%B1%E4%B8%8E%E7%8C%A9%E7%BA%A2%E5%AD%A4%E9%92%BB_180.png
../../Assets/_Game/Resources/RogueRelics/Icons/rogue_1/rogue_1_relic_c03.png,莱塔尼亚权杖,IS2,傀影与猩红孤钻,181,SUPER_RARE,,所有敌方单位的攻击力、防御力、生命+30%，且每进入一个新节点后，失去1目标生命（最多降至1）,曾几何时，巫王的权杖上流淌着白天与黑夜。,完成游戏结局,,,,是,,rogue_1_relic_c03,https://prts.wiki/index.php?title=Special:Redirect/file/%E6%94%B6%E8%97%8F%E5%93%81_%E5%82%80%E5%BD%B1%E4%B8%8E%E7%8C%A9%E7%BA%A2%E5%AD%A4%E9%92%BB_181.png
../../Assets/_Game/Resources/RogueRelics/Icons/rogue_1/rogue_1_relic_c09.png,莱塔尼亚权杖（重铸）,IS2,傀影与猩红孤钻,182,SUPER_RARE,,所有敌方单位的攻击力、防御力、生命+35%，进入节点时目标生命-1（最低降至1），关卡生命低于3时我方部署费用+2，技力回复速度-20%,曾几何时，巫王的权杖上流淌着白天与黑夜。,完成游戏结局,,,,是,,rogue_1_relic_c09,https://prts.wiki/index.php?title=Special:Redirect/file/%E6%94%B6%E8%97%8F%E5%93%81_%E5%82%80%E5%BD%B1%E4%B8%8E%E7%8C%A9%E7%BA%A2%E5%AD%A4%E9%92%BB_182.png
../../Assets/_Game/Resources/RogueRelics/Icons/rogue_1/rogue_1_relic_c04.png,高卢长袍,IS2,傀影与猩红孤钻,183,SUPER_RARE,,所有敌方单位的攻击力、防御力、生命+25%，且招募4星及以上干员时希望消耗+1,高卢皇帝的遗物，威权与盛世的象征。,完成游戏结局,,,,是,,rogue_1_relic_c04,https://prts.wiki/index.php?title=Special:Redirect/file/%E6%94%B6%E8%97%8F%E5%93%81_%E5%82%80%E5%BD%B1%E4%B8%8E%E7%8C%A9%E7%BA%A2%E5%AD%A4%E9%92%BB_183.png
../../Assets/_Game/Resources/RogueRelics/Icons/rogue_1/rogue_1_relic_c10.png,高卢长袍（重铸）,IS2,傀影与猩红孤钻,184,SUPER_RARE,,所有敌方单位的攻击力、防御力、生命+30%，在奇数层招募4星以上干员时希望消耗+2，偶数层晋升干员希望消耗+2,高卢皇帝的遗物，威权与盛世的象征。,完成游戏结局,,,,是,,rogue_1_relic_c10,https://prts.wiki/index.php?title=Special:Redirect/file/%E6%94%B6%E8%97%8F%E5%93%81_%E5%82%80%E5%BD%B1%E4%B8%8E%E7%8C%A9%E7%BA%A2%E5%AD%A4%E9%92%BB_184.png
../../Assets/_Game/Resources/RogueRelics/Icons/rogue_1/rogue_1_relic_c05.png,半洗孤钻,IS2,傀影与猩红孤钻,185,SUPER_RARE,,所有敌方单位的攻击力、防御力、生命+25%，且战斗获得的指挥经验-50%,一半闪耀着艺术的光辉，一半浸染着猩红的疯癫，这才是剧团长梦想中的“傀影”。,完成游戏结局,,,,是,,rogue_1_relic_c05,https://prts.wiki/index.php?title=Special:Redirect/file/%E6%94%B6%E8%97%8F%E5%93%81_%E5%82%80%E5%BD%B1%E4%B8%8E%E7%8C%A9%E7%BA%A2%E5%AD%A4%E9%92%BB_185.png
../../Assets/_Game/Resources/RogueRelics/Icons/rogue_1/rogue_1_relic_c11.png,半洗孤钻（重铸）,IS2,傀影与猩红孤钻,186,SUPER_RARE,,所有敌方单位的攻击力、防御力、生命+30%，战斗获得的指挥经验-70%；险路恶敌中获得的指挥经验变为15倍,一半闪耀着艺术的光辉，一半浸染着猩红的疯癫，这才是剧团长梦想中的“傀影”。,完成游戏结局,,,,是,,rogue_1_relic_c11,https://prts.wiki/index.php?title=Special:Redirect/file/%E6%94%B6%E8%97%8F%E5%93%81_%E5%82%80%E5%BD%B1%E4%B8%8E%E7%8C%A9%E7%BA%A2%E5%AD%A4%E9%92%BB_186.png
../../Assets/_Game/Resources/RogueRelics/Icons/rogue_1/rogue_1_relic_c06.png,酒神的印记,IS2,傀影与猩红孤钻,187,SUPER_RARE,,所有敌方单位的攻击力、防御力、生命+30%，且可同时部署人数-2,猩红剧团内随处可见的图案，将剧团长和他对艺术的渴求深深烙印进每个人的脑海中。,完成游戏结局,,,,是,,rogue_1_relic_c06,https://prts.wiki/index.php?title=Special:Redirect/file/%E6%94%B6%E8%97%8F%E5%93%81_%E5%82%80%E5%BD%B1%E4%B8%8E%E7%8C%A9%E7%BA%A2%E5%AD%A4%E9%92%BB_187.png
../../Assets/_Game/Resources/RogueRelics/Icons/rogue_1/rogue_1_relic_c12.png,酒神的印记（重铸）,IS2,傀影与猩红孤钻,188,SUPER_RARE,,所有敌方单位的攻击力、防御力、生命+35%，可同时部署人数-3，每次进入幕间余兴时可同时部署人数+2,猩红剧团内随处可见的图案，将剧团长和他对艺术的渴求深深烙印进每个人的脑海中。,完成游戏结局,,,,是,,rogue_1_relic_c12,https://prts.wiki/index.php?title=Special:Redirect/file/%E6%94%B6%E8%97%8F%E5%93%81_%E5%82%80%E5%BD%B1%E4%B8%8E%E7%8C%A9%E7%BA%A2%E5%AD%A4%E9%92%BB_188.png
../../Assets/_Game/Resources/RogueRelics/Icons/rogue_1/rogue_1_relic_c13.png,剧作家手稿：维多利亚,IS2,傀影与猩红孤钻,189,RARE,,所有敌方单位的攻击力、防御力和生命+10%，下次招募干员时希望消耗+1（招募后效果消失）,“菲林的王冠四分五裂——”,,,,,是,,rogue_1_relic_c13,https://prts.wiki/index.php?title=Special:Redirect/file/%E6%94%B6%E8%97%8F%E5%93%81_%E5%82%80%E5%BD%B1%E4%B8%8E%E7%8C%A9%E7%BA%A2%E5%AD%A4%E9%92%BB_189.png
../../Assets/_Game/Resources/RogueRelics/Icons/rogue_1/rogue_1_relic_c14.png,剧作家手稿：乌萨斯,IS2,傀影与猩红孤钻,190,RARE,,所有敌方单位的攻击力、防御力和生命+10%，每次进入非战斗节点时失去1源石锭,“乌萨斯的宴会戛然而止——”,,,,,是,,rogue_1_relic_c14,https://prts.wiki/index.php?title=Special:Redirect/file/%E6%94%B6%E8%97%8F%E5%93%81_%E5%82%80%E5%BD%B1%E4%B8%8E%E7%8C%A9%E7%BA%A2%E5%AD%A4%E9%92%BB_190.png
../../Assets/_Game/Resources/RogueRelics/Icons/rogue_1/rogue_1_relic_c15.png,剧作家手稿：莱塔尼亚,IS2,傀影与猩红孤钻,191,RARE,,所有敌方单位的攻击力、防御力和生命+10%，部署费用低于99时我方攻击力-10%,“卡普里尼的高塔轰然倒塌——”,,,,,是,,rogue_1_relic_c15,https://prts.wiki/index.php?title=Special:Redirect/file/%E6%94%B6%E8%97%8F%E5%93%81_%E5%82%80%E5%BD%B1%E4%B8%8E%E7%8C%A9%E7%BA%A2%E5%AD%A4%E9%92%BB_191.png
../../Assets/_Game/Resources/RogueRelics/Icons/rogue_1/rogue_1_relic_c16.png,剧作家手稿：高卢,IS2,傀影与猩红孤钻,192,RARE,,所有敌方单位的攻击力、防御力和生命+10%，每场战斗首次损失关卡生命时变为2倍,“黎博利的砖石化为齑粉——”,,,,,是,,rogue_1_relic_c16,https://prts.wiki/index.php?title=Special:Redirect/file/%E6%94%B6%E8%97%8F%E5%93%81_%E5%82%80%E5%BD%B1%E4%B8%8E%E7%8C%A9%E7%BA%A2%E5%AD%A4%E9%92%BB_192.png
../../Assets/_Game/Resources/RogueRelics/Icons/rogue_1/rogue_1_relic_m01.png,“游禽的右眼”,IS2,傀影与猩红孤钻,193,SUPER_RARE,,所有近卫和狙击干员的攻击力+15%，所有辅助和术师干员的攻击力-5%,高卢皇后冠冕的一部分，现存于伦蒂尼姆皇家博物馆。在得知皇帝逝世的消息后，这位皇后决定同敌人战至最后一刻——为了国家，也为了她离世的爱人。,,,,,是,,rogue_1_relic_m01,https://prts.wiki/index.php?title=Special:Redirect/file/%E6%94%B6%E8%97%8F%E5%93%81_%E5%82%80%E5%BD%B1%E4%B8%8E%E7%8C%A9%E7%BA%A2%E5%AD%A4%E9%92%BB_193.png
../../Assets/_Game/Resources/RogueRelics/Icons/rogue_1/rogue_1_relic_m02.png,“游禽的左眼”,IS2,傀影与猩红孤钻,194,SUPER_RARE,,所有辅助和术师干员的攻击力+15%，所有近卫和狙击干员的攻击力-5%,高卢皇后冠冕的一部分，现存于莱塔尼亚女皇图书馆。皇后遣走所有侍从，宽恕一切罪犯，随后独自坐在曾属于丈夫的宝座上，等待着入侵者的到来——她决心死于源石结晶，而非敌人的剑刃。,,,,,是,,rogue_1_relic_m02,https://prts.wiki/index.php?title=Special:Redirect/file/%E6%94%B6%E8%97%8F%E5%93%81_%E5%82%80%E5%BD%B1%E4%B8%8E%E7%8C%A9%E7%BA%A2%E5%AD%A4%E9%92%BB_194.png
../../Assets/_Game/Resources/RogueRelics/Icons/rogue_1/rogue_1_relic_m03.png,“华美容貌”,IS2,傀影与猩红孤钻,195,SUPER_RARE,,每进入一个非战斗节点，获得希望+1,只见其面容便能充满希望的确是件幸事——即使知晓其灾祸本质，亦是如此。,,,,,是,,rogue_1_relic_m03,https://prts.wiki/index.php?title=Special:Redirect/file/%E6%94%B6%E8%97%8F%E5%93%81_%E5%82%80%E5%BD%B1%E4%B8%8E%E7%8C%A9%E7%BA%A2%E5%AD%A4%E9%92%BB_195.png
../../Assets/_Game/Resources/RogueRelics/Icons/rogue_1/rogue_1_relic_m05.png,“断剑”,IS2,傀影与猩红孤钻,197,SUPER_RARE,,所有干员的生命-30%，但再部署时间-50%,一把折断的剑，姑且能用……大概吧……,,,,,是,,rogue_1_relic_m05,https://prts.wiki/index.php?title=Special:Redirect/file/%E6%94%B6%E8%97%8F%E5%93%81_%E5%82%80%E5%BD%B1%E4%B8%8E%E7%8C%A9%E7%BA%A2%E5%AD%A4%E9%92%BB_197.png
../../Assets/_Game/Resources/RogueRelics/Icons/rogue_1/rogue_1_relic_m07.png,友谊之证,IS2,傀影与猩红孤钻,199,RARE,,战斗掉落的源石锭+30%,一些古老的血魔家族还沿用旧时的繁琐礼节。他们交付出高昂的友谊，并不允许他人随意冒犯。,,,,,是,,rogue_1_relic_m07,https://prts.wiki/index.php?title=Special:Redirect/file/%E6%94%B6%E8%97%8F%E5%93%81_%E5%82%80%E5%BD%B1%E4%B8%8E%E7%8C%A9%E7%BA%A2%E5%AD%A4%E9%92%BB_199.png
../../Assets/_Game/Resources/RogueRelics/Icons/rogue_1/rogue_1_relic_m10.png,“刀舞”,IS2,傀影与猩红孤钻,202,SUPER_RARE,,战斗开始时，使随机一名干员在本局内攻击力+100%，生命+100%,“猩红剧团”成员的遗物。“刀舞”是一位沉默寡言的萨尔贡舞者，也是一位武艺高超的战士，她对剧团无比忠诚，即便是在猩红剧团内也少有人知晓她的黑暗过去。,完成游戏结局,,,,是,,rogue_1_relic_m10,https://prts.wiki/index.php?title=Special:Redirect/file/%E6%94%B6%E8%97%8F%E5%93%81_%E5%82%80%E5%BD%B1%E4%B8%8E%E7%8C%A9%E7%BA%A2%E5%AD%A4%E9%92%BB_202.png
../../Assets/_Game/Resources/RogueRelics/Icons/rogue_1/rogue_1_relic_m11.png,“白英花”,IS2,傀影与猩红孤钻,203,SUPER_RARE,,战斗开始时，打乱所有干员的部署费用,“猩红剧团”成员的遗物。“白英花”这个艺名属于一位著名的莱塔尼亚歌剧演员，据说这位被称作“莱塔尼亚高塔上的白英花”的女演员与多位高塔贵族保持着微妙的私人关系，甚至尝试以此挑起贵族之间的争斗。,完成游戏结局,,,,是,,rogue_1_relic_m11,https://prts.wiki/index.php?title=Special:Redirect/file/%E6%94%B6%E8%97%8F%E5%93%81_%E5%82%80%E5%BD%B1%E4%B8%8E%E7%8C%A9%E7%BA%A2%E5%AD%A4%E9%92%BB_203.png
../../Assets/_Game/Resources/RogueRelics/Icons/rogue_1/rogue_1_relic_m12.png,“影子”,IS2,傀影与猩红孤钻,204,SUPER_RARE,,提高招募券中临时招募出现的概率,“猩红剧团”成员的遗物。据说在加入剧团之前，“影子”是一位著名的叙拉古舞台魔术师，以自己高超的幻术而出名，然而他被指控在表演中使用源石技艺暗杀了多位家族成员。,完成游戏结局,,,,是,,rogue_1_relic_m12,https://prts.wiki/index.php?title=Special:Redirect/file/%E6%94%B6%E8%97%8F%E5%93%81_%E5%82%80%E5%BD%B1%E4%B8%8E%E7%8C%A9%E7%BA%A2%E5%AD%A4%E9%92%BB_204.png
../../Assets/_Game/Resources/RogueRelics/Icons/rogue_1/rogue_1_relic_m13.png,《坎德之花》,IS2,傀影与猩红孤钻,205,NORMAL,,所有我方单位每秒回复10点生命,雕刻在石板上的叙事诗，是八百年前高卢一位著名的诗人留下的巨作。尽管后世的文学家对这首诗有着相当高的评价，但是依据历史记载，这位诗人却因为自己身形的臃肿与长相的丑陋而被人嘲笑。,,,,,是,,rogue_1_relic_m13,https://prts.wiki/index.php?title=Special:Redirect/file/%E6%94%B6%E8%97%8F%E5%93%81_%E5%82%80%E5%BD%B1%E4%B8%8E%E7%8C%A9%E7%BA%A2%E5%AD%A4%E9%92%BB_205.png
../../Assets/_Game/Resources/RogueRelics/Icons/rogue_1/rogue_1_relic_m15.png,《世间的美与丑》,IS2,傀影与猩红孤钻,207,SUPER_RARE,,仅一次，在非区域最终战斗中失败时不结束探索，目标生命+10并继续下一步行动,十五年前出版于维多利亚的传奇书籍，这本书简单地记述了作者对审美的理解，记载了大量文学、艺术、音乐相关的知识与历史。该书的内容涵盖古今，通俗易懂，被誉为“本世代的艺术大典”。然而据说该书的作者只是某个小剧团的剧团长，数年前被一个代号为“血钻”的刺客谋害。,在一次战斗中累计失去20目标生命（包含战斗失败）,,,,是,,rogue_1_relic_m15,https://prts.wiki/index.php?title=Special:Redirect/file/%E6%94%B6%E8%97%8F%E5%93%81_%E5%82%80%E5%BD%B1%E4%B8%8E%E7%8C%A9%E7%BA%A2%E5%AD%A4%E9%92%BB_207.png
../../Assets/_Game/Resources/RogueRelics/Icons/rogue_1/rogue_1_relic_m16.png,残破的玩偶,IS2,傀影与猩红孤钻,208,SUPER_RARE,,让探索走向不同的结局,“他说，他受够了，他再也不愿做他人手中的牵线木偶。”,完成游戏结局,,,,是,,rogue_1_relic_m16,https://prts.wiki/index.php?title=Special:Redirect/file/%E6%94%B6%E8%97%8F%E5%93%81_%E5%82%80%E5%BD%B1%E4%B8%8E%E7%8C%A9%E7%BA%A2%E5%AD%A4%E9%92%BB_208.png
../../Assets/_Game/Resources/RogueRelics/Icons/rogue_1/rogue_1_relic_m17.png,无用的剪刀,IS2,傀影与猩红孤钻,209,SUPER_RARE,,立即获得源石锭+11，希望+3,这把剪刀被使用了太久太久，久到已经没有办法再剪断任何有形之物，久到能将许多无形束缚全部剪碎。,完成游戏结局,,,,是,,rogue_1_relic_m17,https://prts.wiki/index.php?title=Special:Redirect/file/%E6%94%B6%E8%97%8F%E5%93%81_%E5%82%80%E5%BD%B1%E4%B8%8E%E7%8C%A9%E7%BA%A2%E5%AD%A4%E9%92%BB_209.png
../../Assets/_Game/Resources/RogueRelics/Icons/rogue_1/rogue_1_relic_m18.png,空白遗书,IS2,傀影与猩红孤钻,210,SUPER_RARE,,使【伤心的大锁】自愈能力失效,摆脱那个试图操纵他的疯子，就是他唯一的心愿。现在，他已经如愿了。,完成游戏结局,,,,是,,rogue_1_relic_m18,https://prts.wiki/index.php?title=Special:Redirect/file/%E6%94%B6%E8%97%8F%E5%93%81_%E5%82%80%E5%BD%B1%E4%B8%8E%E7%8C%A9%E7%BA%A2%E5%AD%A4%E9%92%BB_210.png
../../Assets/_Game/Resources/RogueRelics/Icons/rogue_1/rogue_1_relic_m19.png,替罪领巾,IS2,傀影与猩红孤钻,211,SUPER_RARE,,所有我方单位的部署费用+2,疯癫的高塔术师主办了一场特殊的宴会，所有碍于体面而出现在会客大厅的宾客，都是幕布揭开那一瞬间的见证者。,？？？,,,,是,,rogue_1_relic_m19,https://prts.wiki/index.php?title=Special:Redirect/file/%E6%94%B6%E8%97%8F%E5%93%81_%E5%82%80%E5%BD%B1%E4%B8%8E%E7%8C%A9%E7%BA%A2%E5%AD%A4%E9%92%BB_211.png
../../Assets/_Game/Resources/RogueRelics/Icons/rogue_1/rogue_1_relic_m20.png,替补演员,IS2,傀影与猩红孤钻,212,SUPER_RARE,,所有我方单位的攻击力、防御力、生命+3%,剧作家始终未认可由他揭幕的这几场戏。但是没关系，报幕人并不气馁，他的手中从不缺少替补演员。,？？？,,,,是,,rogue_1_relic_m20,https://prts.wiki/index.php?title=Special:Redirect/file/%E6%94%B6%E8%97%8F%E5%93%81_%E5%82%80%E5%BD%B1%E4%B8%8E%E7%8C%A9%E7%BA%A2%E5%AD%A4%E9%92%BB_212.png
../../Assets/_Game/Resources/RogueRelics/Icons/rogue_1/rogue_1_relic_m21.png,恍悟,IS2,傀影与猩红孤钻,213,SUPER_RARE,,所有我方单位的部署费用-3，攻击力、防御力、生命+5%，让探索走向不同的结局,巫王曾经的追随者已向艺术献出其全部。血肉、骨骼、信仰、心灵。,？？？,,,,是,,rogue_1_relic_m21,https://prts.wiki/index.php?title=Special:Redirect/file/%E6%94%B6%E8%97%8F%E5%93%81_%E5%82%80%E5%BD%B1%E4%B8%8E%E7%8C%A9%E7%BA%A2%E5%AD%A4%E9%92%BB_213.png
../../Assets/_Game/Resources/RogueRelics/Icons/rogue_1/rogue_1_relic_n01.png,死囚之舞,IS2,傀影与猩红孤钻,214,SUPER_RARE,,所有干员的再部署时间-10%,是他们自己将自己关在这里。啊，多么安静，再也没有人能打扰这场创作了。,【内容拓展 · 二】后，完成一次游戏结局,,,,是,,rogue_1_relic_n01,https://prts.wiki/index.php?title=Special:Redirect/file/%E6%94%B6%E8%97%8F%E5%93%81_%E5%82%80%E5%BD%B1%E4%B8%8E%E7%8C%A9%E7%BA%A2%E5%AD%A4%E9%92%BB_214.png
../../Assets/_Game/Resources/RogueRelics/Icons/rogue_1/rogue_1_relic_n02.png,初幕,IS2,傀影与猩红孤钻,215,SUPER_RARE,,希望+3，让探索走向不同的结局,这是第一场戏的落幕，是年轻人曾经为自己设计的第一个结局。在焚毁所有珍视之物的火焰之中，落魄的主人公蘸着仇敌的鲜血，写下复仇的最后一幕。,【内容拓展 · 二】后，完成一次游戏结局,,,,是,,rogue_1_relic_n02,https://prts.wiki/index.php?title=Special:Redirect/file/%E6%94%B6%E8%97%8F%E5%93%81_%E5%82%80%E5%BD%B1%E4%B8%8E%E7%8C%A9%E7%BA%A2%E5%AD%A4%E9%92%BB_215.png
../../Assets/_Game/Resources/RogueRelics/Icons/rogue_1/rogue_1_relic_n03.png,今日菜谱,IS2,傀影与猩红孤钻,216,SUPER_RARE,,所有我方单位受到的治疗和生命回复效果+40%,剧团厨师长每顿都做不同的菜品，所有人被剧团长严令不准打听食物来源。,在不损失目标生命的情况下胜利紧急作战【先来后到】,,,,是,,rogue_1_relic_n03,https://prts.wiki/index.php?title=Special:Redirect/file/%E6%94%B6%E8%97%8F%E5%93%81_%E5%82%80%E5%BD%B1%E4%B8%8E%E7%8C%A9%E7%BA%A2%E5%AD%A4%E9%92%BB_216.png
../../Assets/_Game/Resources/RogueRelics/Icons/rogue_1/rogue_1_relic_n04.png,“迷醉荷谟伊”,IS2,傀影与猩红孤钻,217,SUPER_RARE,,所有我方单位每秒回复2%的最大生命值,只要闻到一点，帕拉斯的眼角便会湿润，也不知道莱娜在香水里加了什么魔法......,,,,,是,,rogue_1_relic_n04,https://prts.wiki/index.php?title=Special:Redirect/file/%E6%94%B6%E8%97%8F%E5%93%81_%E5%82%80%E5%BD%B1%E4%B8%8E%E7%8C%A9%E7%BA%A2%E5%AD%A4%E9%92%BB_217.png
../../Assets/_Game/Resources/RogueRelics/Icons/rogue_1/rogue_1_relic_n05.png,女皇之愿,IS2,傀影与猩红孤钻,218,SUPER_RARE,,所有我方单位获得15%物理与法术闪避,两位女皇如同朝夜悬于高塔之上，当晨昏相通，意见一致，莱塔尼亚便再无异议。,,,,,是,,rogue_1_relic_n05,https://prts.wiki/index.php?title=Special:Redirect/file/%E6%94%B6%E8%97%8F%E5%93%81_%E5%82%80%E5%BD%B1%E4%B8%8E%E7%8C%A9%E7%BA%A2%E5%AD%A4%E9%92%BB_218.png
../../Assets/_Game/Resources/RogueRelics/Icons/rogue_1/rogue_1_relic_n10.png,“逝者垂泪”,IS2,傀影与猩红孤钻,223,SUPER_RARE,,所有干员受到晕眩、寒冷、冰冻等负面状态影响时，获得50%庇护,这枚古典挂坠以真诚和毅力铸就，在此之后，Whitesmith的锻炉再也没能燃起火焰。,在不损失目标生命的情况下胜利紧急作战【雕匠与石像】,,,,是,,rogue_1_relic_n10,https://prts.wiki/index.php?title=Special:Redirect/file/%E6%94%B6%E8%97%8F%E5%93%81_%E5%82%80%E5%BD%B1%E4%B8%8E%E7%8C%A9%E7%BA%A2%E5%AD%A4%E9%92%BB_223.png
../../Assets/_Game/Resources/RogueRelics/Icons/rogue_1/rogue_1_relic_n15.png,“噤声”,IS2,傀影与猩红孤钻,228,SUPER_RARE,,所有我方干员技能未开启时60秒内攻击力逐渐提升至最高+60%，每次技能结束时失去该加成,在等候那即将到来的至高一刻时，演员捂住自己刺痛不止的喉咙，按住胸腔中翻滚的火焰，闭口不言。,在不损失目标生命的情况下胜利战斗【观察】,,,,是,,rogue_1_relic_n15,https://prts.wiki/index.php?title=Special:Redirect/file/%E6%94%B6%E8%97%8F%E5%93%81_%E5%82%80%E5%BD%B1%E4%B8%8E%E7%8C%A9%E7%BA%A2%E5%AD%A4%E9%92%BB_228.png
../../Assets/_Game/Resources/RogueRelics/Icons/rogue_1/rogue_1_relic_n16.png,“聚焦”,IS2,傀影与猩红孤钻,229,SUPER_RARE,,每次部署我方单位时，对场上随机一个敌人及其周围造成3000点法术伤害,聚光灯交汇于主角身上，演员发出最后的呼号，死亡突至，戏剧落幕。,？？？,,,,是,,rogue_1_relic_n16,https://prts.wiki/index.php?title=Special:Redirect/file/%E6%94%B6%E8%97%8F%E5%93%81_%E5%82%80%E5%BD%B1%E4%B8%8E%E7%8C%A9%E7%BA%A2%E5%AD%A4%E9%92%BB_229.png
../../Assets/_Game/Resources/RogueRelics/Icons/rogue_1/rogue_1_relic_sp06.png,“夜骇”,IS2,傀影与猩红孤钻,PCS06,RARE,,每次敌人进入保护目标点时，立刻对全场所有敌人造成5秒晕眩,总有一个黑暗的日子，连光芒都无法带来救赎。而剧团长早已备好美酒，准备欣赏他人的绝望时刻。,累计失去不小于30目标生命的情况下完成游戏结局,,,,是,,rogue_1_relic_sp06,https://torappu.prts.wiki/assets/roguelike_topic_itempic/rogue_1_relic_sp06.png
../../Assets/_Game/Resources/RogueRelics/Icons/rogue_1/rogue_1_relic_sp07.png,“无度”,IS2,傀影与猩红孤钻,PCS07,SUPER_RARE,,每次敌人进入保护目标点时，立刻对全场所有敌人造成3000点真实伤害,无光的宝石，如同剧团长本人永无止境的欲望。,？？？,,,,是,,rogue_1_relic_sp07,https://torappu.prts.wiki/assets/roguelike_topic_itempic/rogue_1_relic_sp07.png
../../Assets/_Game/Resources/RogueRelics/Icons/rogue_1/rogue_1_relic_sp02.png,近卫军帽,IS2,傀影与猩红孤钻,PCS02,SUPER_RARE,,在一局战斗中，所有干员每部署过一次就生命+25%,“你我终会离开，但我们的国家，将长盛不衰。”,累计在战斗中部署干员不小于200次的情况下完成游戏结局,,,,是,,rogue_1_relic_sp02,https://torappu.prts.wiki/assets/roguelike_topic_itempic/rogue_1_relic_sp02.png
../../Assets/_Game/Resources/RogueRelics/Icons/rogue_2/rogue_2_relic_grace_66.png,夜阳花,IS3,水月与深蓝之树,030,NORMAL,,灯火+10,在夜晚发光且成群生长，能提供一定的光源，因此得名。,,,,,是,,rogue_2_relic_grace_66,https://prts.wiki/index.php?title=Special:Redirect/file/%E6%94%B6%E8%97%8F%E5%93%81_%E6%B0%B4%E6%9C%88%E4%B8%8E%E6%B7%B1%E8%93%9D%E4%B9%8B%E6%A0%91_030.png
../../Assets/_Game/Resources/RogueRelics/Icons/rogue_2/rogue_2_relic_grace_67.png,聚火源石虫,IS3,水月与深蓝之树,031,NORMAL,,灯火+15,一种野生源石虫，背上时不时会窜出暗淡的火光。经过现代科学研究，发现该生物的发火效应为化学反应，并非民间流传的至亲回魂。,,,,,是,,rogue_2_relic_grace_67,https://prts.wiki/index.php?title=Special:Redirect/file/%E6%94%B6%E8%97%8F%E5%93%81_%E6%B0%B4%E6%9C%88%E4%B8%8E%E6%B7%B1%E8%93%9D%E4%B9%8B%E6%A0%91_031.png
../../Assets/_Game/Resources/RogueRelics/Icons/rogue_2/rogue_2_relic_grace_68.png,指路鳞,IS3,水月与深蓝之树,032,RARE,,灯火+30,生息于伊比利亚沿岸的无性别海栖生物，时常为渔民指引回海岸的航向，因此得名。近期已不多见，被新生代伊比利亚人视作幸运的象征。,,,,,是,,rogue_2_relic_grace_68,https://prts.wiki/index.php?title=Special:Redirect/file/%E6%94%B6%E8%97%8F%E5%93%81_%E6%B0%B4%E6%9C%88%E4%B8%8E%E6%B7%B1%E8%93%9D%E4%B9%8B%E6%A0%91_032.png
../../Assets/_Game/Resources/RogueRelics/Icons/rogue_2/rogue_2_relic_grace_52.png,“静音小队”,IS3,水月与深蓝之树,042,SUPER_RARE,,所有我方单位的攻击力和防御力+35%，生命+45%,由罗德岛工程部统一操控的探索用无人机，更高效，更安全，为外勤干员们提供全方位的支援与保障。,,,,,是,,rogue_2_relic_grace_52,https://prts.wiki/index.php?title=Special:Redirect/file/%E6%94%B6%E8%97%8F%E5%93%81_%E6%B0%B4%E6%9C%88%E4%B8%8E%E6%B7%B1%E8%93%9D%E4%B9%8B%E6%A0%91_042.png
../../Assets/_Game/Resources/RogueRelics/Icons/rogue_2/rogue_2_relic_fight_38.png,涡旋座,IS3,水月与深蓝之树,079,SUPER_RARE,,所有【特种】干员的攻击力+30%，所有【术师】干员的攻击力+3%,驾驭风浪，驾驭洋流。曾经，阿戈尔与海洋如此默契交融。,,,,,是,,rogue_2_relic_fight_38,https://prts.wiki/index.php?title=Special:Redirect/file/%E6%94%B6%E8%97%8F%E5%93%81_%E6%B0%B4%E6%9C%88%E4%B8%8E%E6%B7%B1%E8%93%9D%E4%B9%8B%E6%A0%91_079.png
../../Assets/_Game/Resources/RogueRelics/Icons/rogue_2/rogue_2_relic_fight_39.png,海程,IS3,水月与深蓝之树,080,SUPER_RARE,,所有【术师】干员的攻击力+30%，所有【特种】干员的攻击力+3%,纵然两度逃上陆地，可他们依然自豪：阿戈尔曾丈量海洋。,,,,,是,,rogue_2_relic_fight_39,https://prts.wiki/index.php?title=Special:Redirect/file/%E6%94%B6%E8%97%8F%E5%93%81_%E6%B0%B4%E6%9C%88%E4%B8%8E%E6%B7%B1%E8%93%9D%E4%B9%8B%E6%A0%91_080.png
../../Assets/_Game/Resources/RogueRelics/Icons/rogue_2/rogue_2_relic_fight_45.png,胎生百合,IS3,水月与深蓝之树,083,SUPER_RARE,,战斗开始时，所有干员的部署费用-3并将部署费用打乱,一种打破常理的生物形态。植物的繁殖能力，动物的繁殖欲望。,完成游戏结局,,,,是,,rogue_2_relic_fight_45,https://prts.wiki/index.php?title=Special:Redirect/file/%E6%94%B6%E8%97%8F%E5%93%81_%E6%B0%B4%E6%9C%88%E4%B8%8E%E6%B7%B1%E8%93%9D%E4%B9%8B%E6%A0%91_083.png
../../Assets/_Game/Resources/RogueRelics/Icons/rogue_2/rogue_2_relic_fight_105.png,安洁莉娜的创想,IS3,水月与深蓝之树,103,SUPER_RARE,,所有敌方单位移动速度-15%，且重量下降一个等级,少女并不介意分享自己的源石技艺，她相信你会将之用在正确的地方。,,,,,是,,rogue_2_relic_fight_105,https://prts.wiki/index.php?title=Special:Redirect/file/%E6%94%B6%E8%97%8F%E5%93%81_%E6%B0%B4%E6%9C%88%E4%B8%8E%E6%B7%B1%E8%93%9D%E4%B9%8B%E6%A0%91_103.png
../../Assets/_Game/Resources/RogueRelics/Icons/rogue_2/rogue_2_relic_fight_120.png,王庭盟约,IS3,水月与深蓝之树,113,SUPER_RARE,,所有干员不再受到来自【萨卡兹】敌人的伤害,古老的萨卡兹王庭牺牲自己，获得了力量，由此物始，诸王庭止戈言和，同仇敌忾。,,,,,是,,rogue_2_relic_fight_120,https://prts.wiki/index.php?title=Special:Redirect/file/%E6%94%B6%E8%97%8F%E5%93%81_%E6%B0%B4%E6%9C%88%E4%B8%8E%E6%B7%B1%E8%93%9D%E4%B9%8B%E6%A0%91_113.png
../../Assets/_Game/Resources/RogueRelics/Icons/rogue_2/rogue_2_relic_fight_128.png,遗落之帜,IS3,水月与深蓝之树,117,SUPER_RARE,,每次战斗会随机一个可部署位置，该位置上的我方单位攻击力+50%，攻击速度+50,一面残破的桅旗，并无特殊之处，但深海猎人却能凭借它找到阿戈尔曾在海洋各处秘密存储的战备补给。海洋原谅了什么，她们并不清楚，但她们无需原谅。战斗未停。,累计在战斗中部署干员不小于120次的情况下完成游戏结局,,,,是,,rogue_2_relic_fight_128,https://prts.wiki/index.php?title=Special:Redirect/file/%E6%94%B6%E8%97%8F%E5%93%81_%E6%B0%B4%E6%9C%88%E4%B8%8E%E6%B7%B1%E8%93%9D%E4%B9%8B%E6%A0%91_117.png
../../Assets/_Game/Resources/RogueRelics/Icons/rogue_2/rogue_2_relic_fight_132.png,捕鳞蓑,IS3,水月与深蓝之树,119,SUPER_RARE,,远程干员获得【迷彩】,伊比利亚海民在浅滩捕杀巨鳞时常穿的外衣，独特的造型与颜色让他们看起来像是普通的礁石。罗德岛工程部以此为原型设计了具有视觉隐匿效果的作战服，目前尚在测试阶段。,在多局游戏中累计击败领袖【圣徒伊比利亚】1次,,,,是,,rogue_2_relic_fight_132,https://prts.wiki/index.php?title=Special:Redirect/file/%E6%94%B6%E8%97%8F%E5%93%81_%E6%B0%B4%E6%9C%88%E4%B8%8E%E6%B7%B1%E8%93%9D%E4%B9%8B%E6%A0%91_119.png
../../Assets/_Game/Resources/RogueRelics/Icons/rogue_2/rogue_2_relic_fight_149.png,衍生者终端-超级改,IS3,水月与深蓝之树,130,RARE,,【召唤物】生命值+30%，攻击力+30%，攻击速度+30,雷神工业出品的最新型电子操作终端，能够自行接驳现有多数遥控机械的信号，完成客制化与性能升级，目前尚未投入市场。,,,,,是,,rogue_2_relic_fight_149,https://prts.wiki/index.php?title=Special:Redirect/file/%E6%94%B6%E8%97%8F%E5%93%81_%E6%B0%B4%E6%9C%88%E4%B8%8E%E6%B7%B1%E8%93%9D%E4%B9%8B%E6%A0%91_130.png
../../Assets/_Game/Resources/RogueRelics/Icons/rogue_2/rogue_2_relic_fight_151.png,沃特大叔养护套装,IS3,水月与深蓝之树,131,NORMAL,,所有我方远程单位受到元素损伤减少40%,哥伦比亚老牌毛发护理厂商“沃特大叔”生产的养护套装，普罗旺斯做过该产品的模特。“打理好尾巴和耳朵，它们是你的第二张脸。”,在多局游戏中累计使5个【掠海漂移体】进入目标点,,,,是,,rogue_2_relic_fight_151,https://prts.wiki/index.php?title=Special:Redirect/file/%E6%94%B6%E8%97%8F%E5%93%81_%E6%B0%B4%E6%9C%88%E4%B8%8E%E6%B7%B1%E8%93%9D%E4%B9%8B%E6%A0%91_131.png
../../Assets/_Game/Resources/RogueRelics/Icons/rogue_2/rogue_2_relic_fight_152.png,乌萨斯毡毯,IS3,水月与深蓝之树,132,NORMAL,,所有我方近战单位受到元素损伤减少40%,乌萨斯人在储藏冬粮时铺在地窖底部的特制毡毯，吸水防潮。当地窖成为藏身之所时，它也可以为里面的人抵御片刻风雪。,在多局游戏中累计击败200个【注亡拟嗣】,,,,是,,rogue_2_relic_fight_152,https://prts.wiki/index.php?title=Special:Redirect/file/%E6%94%B6%E8%97%8F%E5%93%81_%E6%B0%B4%E6%9C%88%E4%B8%8E%E6%B7%B1%E8%93%9D%E4%B9%8B%E6%A0%91_132.png
../../Assets/_Game/Resources/RogueRelics/Icons/rogue_2/rogue_2_relic_fight_54.png,折戟-一夫当关,IS3,水月与深蓝之树,140,RARE,,所有【近卫】干员的阻挡数+1,并不是只有身穿重甲或是手持盾牌的人才擅长抵御敌人的攻击。迅速击溃有可能对你造成伤害的敌人才是最好的防守。,在多局游戏中累计击败领袖【塑路者】3次,,,,是,,rogue_2_relic_fight_54,https://prts.wiki/index.php?title=Special:Redirect/file/%E6%94%B6%E8%97%8F%E5%93%81_%E6%B0%B4%E6%9C%88%E4%B8%8E%E6%B7%B1%E8%93%9D%E4%B9%8B%E6%A0%91_140.png
../../Assets/_Game/Resources/RogueRelics/Icons/rogue_2/rogue_2_relic_fight_78.png,锈刃-单兵,IS3,水月与深蓝之树,165,RARE,,所有【特种】干员的攻击力+40%，防御力+40%,S.W.E.E.P.的总管没有任何任务参与记录。*没有*。,,,,,是,,rogue_2_relic_fight_78,https://prts.wiki/index.php?title=Special:Redirect/file/%E6%94%B6%E8%97%8F%E5%93%81_%E6%B0%B4%E6%9C%88%E4%B8%8E%E6%B7%B1%E8%93%9D%E4%B9%8B%E6%A0%91_165.png
../../Assets/_Game/Resources/RogueRelics/Icons/rogue_2/rogue_2_relic_fight_80.png,锈刃-神力,IS3,水月与深蓝之树,167,SUPER_RARE,,所有【特种】干员的力度+2,地形是作战的一环......只能说这么多了。,在多局游戏中累计进入事件【先遣小队】6次,,,,是,,rogue_2_relic_fight_80,https://prts.wiki/index.php?title=Special:Redirect/file/%E6%94%B6%E8%97%8F%E5%93%81_%E6%B0%B4%E6%9C%88%E4%B8%8E%E6%B7%B1%E8%93%9D%E4%B9%8B%E6%A0%91_167.png
../../Assets/_Game/Resources/RogueRelics/Icons/rogue_2/rogue_2_relic_fight_81.png,尖刺之手,IS3,水月与深蓝之树,168,SUPER_RARE,,【铁卫】、【驭法铁卫】和【决战者】对自身阻挡的敌人每秒造成自身防御力100%的法术伤害,让敌人动手，自己打个头破血流。,,,,,是,,rogue_2_relic_fight_81,https://prts.wiki/index.php?title=Special:Redirect/file/%E6%94%B6%E8%97%8F%E5%93%81_%E6%B0%B4%E6%9C%88%E4%B8%8E%E6%B7%B1%E8%93%9D%E4%B9%8B%E6%A0%91_168.png
../../Assets/_Game/Resources/RogueRelics/Icons/rogue_2/rogue_2_relic_fight_82.png,扼喉之手,IS3,水月与深蓝之树,169,SUPER_RARE,,【重射手】、【神射手】和【攻城手】的攻击会将生命值20%以下的敌人强制击败,最后一份气力，掐断最后一点生机。,,,,,是,,rogue_2_relic_fight_82,https://prts.wiki/index.php?title=Special:Redirect/file/%E6%94%B6%E8%97%8F%E5%93%81_%E6%B0%B4%E6%9C%88%E4%B8%8E%E6%B7%B1%E8%93%9D%E4%B9%8B%E6%A0%91_169.png
../../Assets/_Game/Resources/RogueRelics/Icons/rogue_2/rogue_2_relic_fight_86.png,积攒之手,IS3,水月与深蓝之树,173,SUPER_RARE,,【冲锋手】、【尖兵】和【战术家】的部署费用-12，且击败敌人后额外获得6点部署费用,缺了什么，就从敌人身上拿，别客气。,,,,,是,,rogue_2_relic_fight_86,https://prts.wiki/index.php?title=Special:Redirect/file/%E6%94%B6%E8%97%8F%E5%93%81_%E6%B0%B4%E6%9C%88%E4%B8%8E%E6%B7%B1%E8%93%9D%E4%B9%8B%E6%A0%91_173.png
../../Assets/_Game/Resources/RogueRelics/Icons/rogue_2/rogue_2_relic_grace_57.png,“多功能”发夹,IS3,水月与深蓝之树,193,NORMAL,,钥匙+1，掷骰次数+1，护盾值+1,它的材质确实能够抵挡伤害，至于其他效果，应该也没有卡西米尔商人吹的那么神乎其神。话说回来，这只是个发夹，真的需要那么多额外用途吗？,在多局游戏中累计进入40次非战斗格,,,,是,,rogue_2_relic_grace_57,https://prts.wiki/index.php?title=Special:Redirect/file/%E6%94%B6%E8%97%8F%E5%93%81_%E6%B0%B4%E6%9C%88%E4%B8%8E%E6%B7%B1%E8%93%9D%E4%B9%8B%E6%A0%91_193.png
../../Assets/_Game/Resources/RogueRelics/Icons/rogue_2/rogue_2_relic_grace_59.png,三钥协定,IS3,水月与深蓝之树,194,RARE,,钥匙+3,按照规定，灯塔守门人必须携带三把钥匙：一把用来打开大门，一把用来建立通讯，一把用来启动射灯。签字画押，协议已定，钥匙随身，无关生死。,在多局游戏中累计进入100次非战斗格,,,,是,,rogue_2_relic_grace_59,https://prts.wiki/index.php?title=Special:Redirect/file/%E6%94%B6%E8%97%8F%E5%93%81_%E6%B0%B4%E6%9C%88%E4%B8%8E%E6%B7%B1%E8%93%9D%E4%B9%8B%E6%A0%91_194.png
../../Assets/_Game/Resources/RogueRelics/Icons/rogue_2/rogue_2_relic_grace_60.png,便携经书,IS3,水月与深蓝之树,195,NORMAL,,掷骰次数+2,还能识字的伊比利亚教徒会随身携带这种口袋书，在生存的间隙取出来读上几段，内心便能升起些许宽慰。,,,,,是,,rogue_2_relic_grace_60,https://prts.wiki/index.php?title=Special:Redirect/file/%E6%94%B6%E8%97%8F%E5%93%81_%E6%B0%B4%E6%9C%88%E4%B8%8E%E6%B7%B1%E8%93%9D%E4%B9%8B%E6%A0%91_195.png
../../Assets/_Game/Resources/RogueRelics/Icons/rogue_2/rogue_2_relic_grace_61.png,判官经文布,IS3,水月与深蓝之树,196,RARE,,每次战斗结束后掷骰次数+1,作为部分审判官衣着装饰的飘带，上面刻满了经文。他们内心坚定，绝不轻易动摇，其配饰则加强了这种形象。,在多局游戏中累计胜利50场战斗,,,,是,,rogue_2_relic_grace_61,https://prts.wiki/index.php?title=Special:Redirect/file/%E6%94%B6%E8%97%8F%E5%93%81_%E6%B0%B4%E6%9C%88%E4%B8%8E%E6%B7%B1%E8%93%9D%E4%B9%8B%E6%A0%91_196.png
../../Assets/_Game/Resources/RogueRelics/Icons/rogue_2/rogue_2_relic_grace_62.png,深洋主宰刻像,IS3,水月与深蓝之树,197,SUPER_RARE,,掷骰次数+6,深海教徒相信神灵就在大洋深处沉睡，而横行的恐鱼进一步加深了这一信念。既然真相如此，他们便再无疑虑。,在多局游戏中累计胜利100场战斗,,,,是,,rogue_2_relic_grace_62,https://prts.wiki/index.php?title=Special:Redirect/file/%E6%94%B6%E8%97%8F%E5%93%81_%E6%B0%B4%E6%9C%88%E4%B8%8E%E6%B7%B1%E8%93%9D%E4%B9%8B%E6%A0%91_197.png
../../Assets/_Game/Resources/RogueRelics/Icons/rogue_2/rogue_2_relic_grace_63.png,鸭爵金砖,IS3,水月与深蓝之树,198,SUPER_RARE,,使你的骰子获得升级,"“一个人到底怎样才能彻底摆脱霉运？”
“你手头还有金砖吗，把它塞霉运嘴里。”",认知塑造中解锁【天降鸭力】,,,,是,,rogue_2_relic_grace_63,https://prts.wiki/index.php?title=Special:Redirect/file/%E6%94%B6%E8%97%8F%E5%93%81_%E6%B0%B4%E6%9C%88%E4%B8%8E%E6%B7%B1%E8%93%9D%E4%B9%8B%E6%A0%91_198.png
../../Assets/_Game/Resources/RogueRelics/Icons/rogue_2/rogue_2_relic_grace_65.png,嵌体甲片,IS3,水月与深蓝之树,200,RARE,,目标生命上限-2，护盾值+8,“你什么都不懂，实验体。和乌萨斯那些怪物所遭受过的痛苦相比，镶嵌一块铠甲在你体内根本不值一提。”,在一次战斗中累计失去8目标生命（包含战斗失败）,,,,是,,rogue_2_relic_grace_65,https://prts.wiki/index.php?title=Special:Redirect/file/%E6%94%B6%E8%97%8F%E5%93%81_%E6%B0%B4%E6%9C%88%E4%B8%8E%E6%B7%B1%E8%93%9D%E4%B9%8B%E6%A0%91_200.png
../../Assets/_Game/Resources/RogueRelics/Icons/rogue_2/rogue_2_relic_grace_76.png,达里奥的提灯,IS3,水月与深蓝之树,201,RARE,,获得时抑制指定一名干员的排异反应,审判官达里奥曾经使用的提灯。即使早已身故，他的信念之火仍在大地上熊熊燃烧。,,,,,是,,rogue_2_relic_grace_76,https://prts.wiki/index.php?title=Special:Redirect/file/%E6%94%B6%E8%97%8F%E5%93%81_%E6%B0%B4%E6%9C%88%E4%B8%8E%E6%B7%B1%E8%93%9D%E4%B9%8B%E6%A0%91_201.png
../../Assets/_Game/Resources/RogueRelics/Icons/rogue_2/rogue_2_relic_grace_79.png,郁金香的秘方,IS3,水月与深蓝之树,203,RARE,,获得时抑制指定一名干员的排异反应,通过实情分析与重重实验后制作出的应急外用药膏，能够有效抑制人体内海嗣细胞产生的副作用。,,,,,是,,rogue_2_relic_grace_79,https://prts.wiki/index.php?title=Special:Redirect/file/%E6%94%B6%E8%97%8F%E5%93%81_%E6%B0%B4%E6%9C%88%E4%B8%8E%E6%B7%B1%E8%93%9D%E4%B9%8B%E6%A0%91_203.png
../../Assets/_Game/Resources/RogueRelics/Icons/rogue_2/rogue_2_relic_grace_80.png,火油与药膏,IS3,水月与深蓝之树,204,RARE,,灯火-30，获得时抑制指定一名干员的排异反应,焚烧过后污秽便被消除，你仍旧能成为纯净的人类。赞美火焰。,,,,,是,,rogue_2_relic_grace_80,https://prts.wiki/index.php?title=Special:Redirect/file/%E6%94%B6%E8%97%8F%E5%93%81_%E6%B0%B4%E6%9C%88%E4%B8%8E%E6%B7%B1%E8%93%9D%E4%B9%8B%E6%A0%91_204.png
../../Assets/_Game/Resources/RogueRelics/Icons/rogue_2/rogue_2_relic_grace_81.png,夜阳草,IS3,水月与深蓝之树,205,NORMAL,,灯火+5,夜阳花的草叶，只有一点淡淡的光亮。含有一定的解毒成分，可以入药。,,,,,是,,rogue_2_relic_grace_81,https://prts.wiki/index.php?title=Special:Redirect/file/%E6%94%B6%E8%97%8F%E5%93%81_%E6%B0%B4%E6%9C%88%E4%B8%8E%E6%B7%B1%E8%93%9D%E4%B9%8B%E6%A0%91_205.png
../../Assets/_Game/Resources/RogueRelics/Icons/rogue_2/rogue_2_relic_grace_82.png,大教堂拼图,IS3,水月与深蓝之树,206,SUPER_RARE,,获得时随机获得1个启示,每当一块拼图落下，伊比利亚大教堂便愈发完整。在这破败的时代中，能够再次拼凑起历史造就的最为辉煌的奇观之一，已经足以令人感到慰藉。,,,,,是,,rogue_2_relic_grace_82,https://prts.wiki/index.php?title=Special:Redirect/file/%E6%94%B6%E8%97%8F%E5%93%81_%E6%B0%B4%E6%9C%88%E4%B8%8E%E6%B7%B1%E8%93%9D%E4%B9%8B%E6%A0%91_206.png
../../Assets/_Game/Resources/RogueRelics/Icons/rogue_2/rogue_2_active_tool_6.png,支援急救包,IS3,水月与深蓝之树,214,NORMAL,,每次战斗中携带3个急救包,紧急提供给外勤干员的便携急救包。,,,,,是,,rogue_2_active_tool_6,https://prts.wiki/index.php?title=Special:Redirect/file/%E6%94%B6%E8%97%8F%E5%93%81_%E6%B0%B4%E6%9C%88%E4%B8%8E%E6%B7%B1%E8%93%9D%E4%B9%8B%E6%A0%91_214.png
../../Assets/_Game/Resources/RogueRelics/Icons/rogue_2/rogue_2_relic_curse_1.png,布雷奥甘肖像,IS3,水月与深蓝之树,215,RARE,,所有干员部署时失去15点技力,肖像的主人是一位在伊比利亚负有盛名的阿戈尔。他的发明与创举曾令伊比利亚闪闪发光，然而当浪潮淹没金光，他的死亡便已注定。,,,,,是,,rogue_2_relic_curse_1,https://prts.wiki/index.php?title=Special:Redirect/file/%E6%94%B6%E8%97%8F%E5%93%81_%E6%B0%B4%E6%9C%88%E4%B8%8E%E6%B7%B1%E8%93%9D%E4%B9%8B%E6%A0%91_215.png
../../Assets/_Game/Resources/RogueRelics/Icons/rogue_2/rogue_2_relic_curse_2.png,海神的代谢,IS3,水月与深蓝之树,216,RARE,,所有敌人生命值+25%,祂缓慢坠入海洋的最深处，血、肉、皮肤和骨骼分离溶解，被洋流冲卷，被所有生命摄取，滋养了整片海洋的繁荣。,,,,,是,,rogue_2_relic_curse_2,https://prts.wiki/index.php?title=Special:Redirect/file/%E6%94%B6%E8%97%8F%E5%93%81_%E6%B0%B4%E6%9C%88%E4%B8%8E%E6%B7%B1%E8%93%9D%E4%B9%8B%E6%A0%91_216.png
../../Assets/_Game/Resources/RogueRelics/Icons/rogue_2/rogue_2_relic_curse_3.png,失败的标本,IS3,水月与深蓝之树,217,RARE,,获得时立即使随机一名干员产生排异反应,一份并未制作完成的壳衣标本。碎屑从微小的缝隙间掉落、附着、层叠，与里面已然死去的植物融为一体，直到将原本的容器彻底吞噬。,,,,,是,,rogue_2_relic_curse_3,https://prts.wiki/index.php?title=Special:Redirect/file/%E6%94%B6%E8%97%8F%E5%93%81_%E6%B0%B4%E6%9C%88%E4%B8%8E%E6%B7%B1%E8%93%9D%E4%B9%8B%E6%A0%91_217.png
../../Assets/_Game/Resources/RogueRelics/Icons/rogue_2/rogue_2_relic_curse_5.png,“应急灯”,IS3,水月与深蓝之树,218,RARE,,每次战斗结束后灯火额外-2,阿戈尔战士曾在紧急战斗中，将某类发光的小型恐鱼锁在透明罩具内充当照明工具。躁动的恐鱼在罩具内冲撞，濒死前更加疯狂地释放光亮，连同罩具本身化为难以名状的黑色胶质。,,,,,是,,rogue_2_relic_curse_5,https://prts.wiki/index.php?title=Special:Redirect/file/%E6%94%B6%E8%97%8F%E5%93%81_%E6%B0%B4%E6%9C%88%E4%B8%8E%E6%B7%B1%E8%93%9D%E4%B9%8B%E6%A0%91_218.png
../../Assets/_Game/Resources/RogueRelics/Icons/rogue_2/rogue_2_relic_curse_6.png,“光明之躯”,IS3,水月与深蓝之树,219,RARE,,每次战斗结束后灯火额外-3,在漫长的迁徙中，为了大群的光明，族群中衰弱的个体脏器会自动溶解而发光，最终留下透明的皮囊。,,,,,是,,rogue_2_relic_curse_6,https://prts.wiki/index.php?title=Special:Redirect/file/%E6%94%B6%E8%97%8F%E5%93%81_%E6%B0%B4%E6%9C%88%E4%B8%8E%E6%B7%B1%E8%93%9D%E4%B9%8B%E6%A0%91_219.png
../../Assets/_Game/Resources/RogueRelics/Icons/rogue_2/rogue_2_relic_curse_7.png,主教的研究,IS3,水月与深蓝之树,220,RARE,,每次战斗结束后灯火额外-5,这位主教毕生的研究几乎都留在了这些文件和笔记里，其中涉及了诸多逾越伦理道德的实验。在他的观念中，接触海嗣只是手段，最终的愿景，是让人类通过与海嗣融合进化为更强大的生物。,？？？,,,,是,,rogue_2_relic_curse_7,https://prts.wiki/index.php?title=Special:Redirect/file/%E6%94%B6%E8%97%8F%E5%93%81_%E6%B0%B4%E6%9C%88%E4%B8%8E%E6%B7%B1%E8%93%9D%E4%B9%8B%E6%A0%91_220.png
../../Assets/_Game/Resources/RogueRelics/Icons/rogue_2/rogue_2_relic_curse_8.png,深蓝之心,IS3,水月与深蓝之树,221,SUPER_RARE,,灯火-50，获得时立即使随机一名干员产生排异反应，让探索走向不同的结局,吞噬诞生之处随后死去的“初生”，其残存下来的核心器官。只有海嗣能够与之同化，却又只有人类能够理解蕴含其中的悲痛情感。啊啊，即使演化不息，它们，祂们的苦痛仍在。,,,,,是,,rogue_2_relic_curse_8,https://prts.wiki/index.php?title=Special:Redirect/file/%E6%94%B6%E8%97%8F%E5%93%81_%E6%B0%B4%E6%9C%88%E4%B8%8E%E6%B7%B1%E8%93%9D%E4%B9%8B%E6%A0%91_221.png
../../Assets/_Game/Resources/RogueRelics/Icons/rogue_2/rogue_2_relic_grace_83.png,海潮的气息,IS3,水月与深蓝之树,222,SUPER_RARE,,可同时部署人数+1；获得后【猎潮的骑士】出现在战场，直至被击败,他闻到了海潮的气味，于是出现在你近旁。你于他而言，没有意义。,完成游戏结局,,,,是,,rogue_2_relic_grace_83,https://prts.wiki/index.php?title=Special:Redirect/file/%E6%94%B6%E8%97%8F%E5%93%81_%E6%B0%B4%E6%9C%88%E4%B8%8E%E6%B7%B1%E8%93%9D%E4%B9%8B%E6%A0%91_222.png
../../Assets/_Game/Resources/RogueRelics/Icons/rogue_2/rogue_2_relic_grace_84.png,退行的罗辛南特,IS3,水月与深蓝之树,223,NORMAL,,【猎潮的骑士】不再出现在战场,只有一位英雄能够骑乘它，当英雄死去，它的生命也就到了尽头。,完成游戏结局,,,,是,,rogue_2_relic_grace_84,https://prts.wiki/index.php?title=Special:Redirect/file/%E6%94%B6%E8%97%8F%E5%93%81_%E6%B0%B4%E6%9C%88%E4%B8%8E%E6%B7%B1%E8%93%9D%E4%B9%8B%E6%A0%91_223.png
../../Assets/_Game/Resources/RogueRelics/Icons/rogue_2/rogue_2_relic_grace_85.png,“荒诞命运”,IS3,水月与深蓝之树,224,RARE,,源石锭+10，钥匙+1,在卡西米尔，他的名字受众人传颂，他的遗族开设公司以其形象谋取利益，他以生命捍卫的事物，尽数化为了钱袋中的一枚枚金币。,完成游戏结局,,,,是,,rogue_2_relic_grace_85,https://prts.wiki/index.php?title=Special:Redirect/file/%E6%94%B6%E8%97%8F%E5%93%81_%E6%B0%B4%E6%9C%88%E4%B8%8E%E6%B7%B1%E8%93%9D%E4%B9%8B%E6%A0%91_224.png
../../Assets/_Game/Resources/RogueRelics/Icons/rogue_2/rogue_2_relic_grace_86.png,骑士骨血,IS3,水月与深蓝之树,225,RARE,,【猎潮的骑士】的防御力-80%,反抗不是毫无代价的。骑士早已遍体鳞伤，但他从不在意。纵使粉身碎骨，他也要抗争到底。,完成游戏结局,,,,是,,rogue_2_relic_grace_86,https://prts.wiki/index.php?title=Special:Redirect/file/%E6%94%B6%E8%97%8F%E5%93%81_%E6%B0%B4%E6%9C%88%E4%B8%8E%E6%B7%B1%E8%93%9D%E4%B9%8B%E6%A0%91_225.png
../../Assets/_Game/Resources/RogueRelics/Icons/rogue_2/rogue_2_relic_grace_87.png,“绝唱”,IS3,水月与深蓝之树,226,SUPER_RARE,,获得时随机获得2个启示,"呜呼，呜呼，深海猎人今何在？
可叹，可叹，海中只余涌潮声。",？？？,,,,是,,rogue_2_relic_grace_87,https://prts.wiki/index.php?title=Special:Redirect/file/%E6%94%B6%E8%97%8F%E5%93%81_%E6%B0%B4%E6%9C%88%E4%B8%8E%E6%B7%B1%E8%93%9D%E4%B9%8B%E6%A0%91_226.png
../../Assets/_Game/Resources/RogueRelics/Icons/rogue_2/rogue_2_relic_fight_121.png,“审判庭之火”,IS3,水月与深蓝之树,229,SUPER_RARE,,所有干员对【海怪】造成伤害时回复2点技力,正因为恶物们自海中诞生，所以它们畏惧，畏惧这与海水绝不相融的烈火。,在“前瞻性投资系统”中的投资储备余额最高达到过325,,,,是,,rogue_2_relic_fight_121,https://prts.wiki/index.php?title=Special:Redirect/file/%E6%94%B6%E8%97%8F%E5%93%81_%E6%B0%B4%E6%9C%88%E4%B8%8E%E6%B7%B1%E8%93%9D%E4%B9%8B%E6%A0%91_229.png
../../Assets/_Game/Resources/RogueRelics/Icons/rogue_2/rogue_2_relic_fight_40.png,“基岩”,IS3,水月与深蓝之树,235,SUPER_RARE,,所有干员的部署费用+5，但攻击力、防御力和生命+15%,据说是专为深海猎人打造的武器。他的主人曾与斯卡蒂并肩作战，砸烂过海中巨物一根触须，但在抛出武器为斯卡蒂挡下骨质投射物后，消失在了恐鱼的大群中。,,,,,是,,rogue_2_relic_fight_40,https://prts.wiki/index.php?title=Special:Redirect/file/%E6%94%B6%E8%97%8F%E5%93%81_%E6%B0%B4%E6%9C%88%E4%B8%8E%E6%B7%B1%E8%93%9D%E4%B9%8B%E6%A0%91_235.png
../../Assets/_Game/Resources/RogueRelics/Icons/rogue_2/rogue_2_relic_fight_41.png,“分浪”,IS3,水月与深蓝之树,236,SUPER_RARE,,所有干员的生命-25%，但再部署时间-50%,据说是专为深海猎人打造的武器。她的主人曾是歌蕾蒂娅的队员，被其收割的恐鱼不计其数。但为了让其他队伍能够顺利接近海中巨物，身负重伤的她自愿断后，没有人再见到过她的身影。,,,,,是,,rogue_2_relic_fight_41,https://prts.wiki/index.php?title=Special:Redirect/file/%E6%94%B6%E8%97%8F%E5%93%81_%E6%B0%B4%E6%9C%88%E4%B8%8E%E6%B7%B1%E8%93%9D%E4%B9%8B%E6%A0%91_236.png
../../Assets/_Game/Resources/RogueRelics/Icons/rogue_2/rogue_2_relic_fight_42.png,“海洋的脉搏”,IS3,水月与深蓝之树,237,SUPER_RARE,,所有我方单位的攻击速度+10，所有敌方单位的攻击速度-10,造型精巧的水脉仪，能够监测洋流的实时流向，在阿戈尔人的水下代步工具中比较常见。,,,,,是,,rogue_2_relic_fight_42,https://prts.wiki/index.php?title=Special:Redirect/file/%E6%94%B6%E8%97%8F%E5%93%81_%E6%B0%B4%E6%9C%88%E4%B8%8E%E6%B7%B1%E8%93%9D%E4%B9%8B%E6%A0%91_237.png
../../Assets/_Game/Resources/RogueRelics/Icons/rogue_2/rogue_2_relic_grace_88.png,“决心”,IS3,水月与深蓝之树,238,SUPER_RARE,,所有我方干员阻挡数+2，防御力和生命+120%，法术抗性+20，让探索走向不同的结局,时至今日，水月的人性光辉仍未褪色，他作为人类接受了海嗣，也定能由海嗣重新化作人类。,【内容拓展 · 二】后，完成一次游戏结局,,,,是,,rogue_2_relic_grace_88,https://prts.wiki/index.php?title=Special:Redirect/file/%E6%94%B6%E8%97%8F%E5%93%81_%E6%B0%B4%E6%9C%88%E4%B8%8E%E6%B7%B1%E8%93%9D%E4%B9%8B%E6%A0%91_238.png
../../Assets/_Game/Resources/RogueRelics/Icons/rogue_2/rogue_2_relic_grace_89.png,“观望”,IS3,水月与深蓝之树,239,SUPER_RARE,,所有我方干员阻挡数+1，让探索走向不同的结局,水月对自己的认知并不偏向海嗣或是人类，他只是在做自己认为正确的事。,【内容拓展 · 二】后，完成一次游戏结局,,,,是,,rogue_2_relic_grace_89,https://prts.wiki/index.php?title=Special:Redirect/file/%E6%94%B6%E8%97%8F%E5%93%81_%E6%B0%B4%E6%9C%88%E4%B8%8E%E6%B7%B1%E8%93%9D%E4%B9%8B%E6%A0%91_239.png
../../Assets/_Game/Resources/RogueRelics/Icons/rogue_2/rogue_2_relic_grace_90.png,“犹疑”,IS3,水月与深蓝之树,240,SUPER_RARE,,所有我方干员阻挡数-1（不会低于1），让探索走向不同的结局,水月的海嗣本能压过人性后产生自我怀疑的具象表征。只要这种身份认知还不明晰，就仍会对水月造成不良影响。,【内容拓展 · 二】后，完成一次游戏结局,,,,是,,rogue_2_relic_grace_90,https://prts.wiki/index.php?title=Special:Redirect/file/%E6%94%B6%E8%97%8F%E5%93%81_%E6%B0%B4%E6%9C%88%E4%B8%8E%E6%B7%B1%E8%93%9D%E4%B9%8B%E6%A0%91_240.png
../../Assets/_Game/Resources/RogueRelics/Icons/rogue_2/rogue_2_relic_curse_4.png,“未尽的生命”,IS3,水月与深蓝之树,241,RARE,,每进入新的一层时，使随机一名干员产生排异反应,恐鱼体内的囊状组织，用以临时存储即将排出体外的幼卵，在主体死去后会自动脱落，在较长时间内仍能保持活性。当心，不要戳破它！,,,,,是,,rogue_2_relic_curse_4,https://prts.wiki/index.php?title=Special:Redirect/file/%E6%94%B6%E8%97%8F%E5%93%81_%E6%B0%B4%E6%9C%88%E4%B8%8E%E6%B7%B1%E8%93%9D%E4%B9%8B%E6%A0%91_241.png
../../Assets/_Game/Resources/RogueRelics/Icons/rogue_2/rogue_2_relic_curse_9.png,深蓝回忆,IS3,水月与深蓝之树,242,SUPER_RARE,,灯火-100，获得时立即使随机一名干员产生排异反应,即使你对实验室的研究内容只有丁点记忆 ，那也足以让你感到畏惧。或许在那个年代，为了生存，你，以及那些与你身份相同的人，都曾做过一些无法被饶恕的事。,【内容拓展 · 二】后，完成一次游戏结局,,,,是,,rogue_2_relic_curse_9,https://prts.wiki/index.php?title=Special:Redirect/file/%E6%94%B6%E8%97%8F%E5%93%81_%E6%B0%B4%E6%9C%88%E4%B8%8E%E6%B7%B1%E8%93%9D%E4%B9%8B%E6%A0%91_242.png
../../Assets/_Game/Resources/RogueRelics/Icons/rogue_2/rogue_2_relic_curse_10.png,深蓝之树,IS3,水月与深蓝之树,243,SUPER_RARE,,所有敌人攻击速度+15；每次作战若未损失目标生命，战斗结束后灯火+15,通过祂的躯体，水月得以成为祂们的一员。祂的意志虽已消亡，祂的细胞仍在活动，熔岩已是祂的食粮，参天大树将向星球核心生长。若无人阻止，终有一日，祂将在星核中重生，并将泰拉邀为大群的一员。,【内容拓展 · 二】后，完成一次游戏结局,,,,是,,rogue_2_relic_curse_10,https://prts.wiki/index.php?title=Special:Redirect/file/%E6%94%B6%E8%97%8F%E5%93%81_%E6%B0%B4%E6%9C%88%E4%B8%8E%E6%B7%B1%E8%93%9D%E4%B9%8B%E6%A0%91_243.png
../../Assets/_Game/Resources/RogueRelics/Icons/rogue_2/rogue_2_relic_grace_71.png,无字珊瑚,IS3,水月与深蓝之树,246,RARE,,每消耗1掷骰次数，回复5灯火,这物体上没有字迹，只有淡淡的香味。某种物质在空气中传播，为大群带去信息。,在不损失目标生命的情况下胜利紧急作战【瞻前顾后】,,,,是,,rogue_2_relic_grace_71,https://prts.wiki/index.php?title=Special:Redirect/file/%E6%94%B6%E8%97%8F%E5%93%81_%E6%B0%B4%E6%9C%88%E4%B8%8E%E6%B7%B1%E8%93%9D%E4%B9%8B%E6%A0%91_246.png
../../Assets/_Game/Resources/RogueRelics/Icons/rogue_2/rogue_2_relic_grace_72.png,地底的灼痕,IS3,水月与深蓝之树,247,RARE,,每次作战若未损失目标生命，战斗结束后灯火+6,海民们对陆上的事情毫不关心，自然也体会不到被阳光照耀时深入心灵的暖意。,,,,,是,,rogue_2_relic_grace_72,https://prts.wiki/index.php?title=Special:Redirect/file/%E6%94%B6%E8%97%8F%E5%93%81_%E6%B0%B4%E6%9C%88%E4%B8%8E%E6%B7%B1%E8%93%9D%E4%B9%8B%E6%A0%91_247.png
../../Assets/_Game/Resources/RogueRelics/Icons/rogue_2/rogue_2_relic_grace_73.png,铸阳巨械,IS3,水月与深蓝之树,248,SUPER_RARE,,每次作战若未损失目标生命，战斗结束后灯火+9,“别再贪恋陆上的阳光了，我们能创造出更好的。”,在不损失目标生命的情况下胜利紧急作战【铳与秩序】,,,,是,,rogue_2_relic_grace_73,https://prts.wiki/index.php?title=Special:Redirect/file/%E6%94%B6%E8%97%8F%E5%93%81_%E6%B0%B4%E6%9C%88%E4%B8%8E%E6%B7%B1%E8%93%9D%E4%B9%8B%E6%A0%91_248.png
../../Assets/_Game/Resources/RogueRelics/Icons/rogue_2/rogue_2_relic_grace_74.png,凝固灯油,IS3,水月与深蓝之树,249,NORMAL,,战斗损伤导致的灯火损失降低40%,凝结成块状的固体灯油，可以随时取用，维持提灯的光亮。,,,,,是,,rogue_2_relic_grace_74,https://prts.wiki/index.php?title=Special:Redirect/file/%E6%94%B6%E8%97%8F%E5%93%81_%E6%B0%B4%E6%9C%88%E4%B8%8E%E6%B7%B1%E8%93%9D%E4%B9%8B%E6%A0%91_249.png
../../Assets/_Game/Resources/RogueRelics/Icons/rogue_2/rogue_2_relic_grace_75.png,崇圣灯油,IS3,水月与深蓝之树,250,RARE,,战斗损伤导致的灯火损失降低60%,审判庭经过处理后分发给审判官们的灯油，清淡的香味能够提神醒脑，令他们时刻保持警戒，不漏判任何一件恶事。,在不损失目标生命的情况下胜利紧急作战【余烬方阵】,,,,是,,rogue_2_relic_grace_75,https://prts.wiki/index.php?title=Special:Redirect/file/%E6%94%B6%E8%97%8F%E5%93%81_%E6%B0%B4%E6%9C%88%E4%B8%8E%E6%B7%B1%E8%93%9D%E4%B9%8B%E6%A0%91_250.png
../../Assets/_Game/Resources/RogueRelics/Icons/rogue_2/rogue_2_relic_fight_131.png,刻勋之手,IS3,水月与深蓝之树,252,SUPER_RARE,,【无畏者】【决战者】【武者】每次击败敌人时，上述职业全体干员永久获得1%攻击力、1攻击速度和1%最大生命值（最多可获得99次）,胜利本身，便是最好的补给。,,,,,是,,rogue_2_relic_fight_131,https://prts.wiki/index.php?title=Special:Redirect/file/%E6%94%B6%E8%97%8F%E5%93%81_%E6%B0%B4%E6%9C%88%E4%B8%8E%E6%B7%B1%E8%93%9D%E4%B9%8B%E6%A0%91_252.png
../../Assets/_Game/Resources/RogueRelics/Icons/rogue_2/rogue_2_relic_fight_142.png,蓝卡坞安全衣,IS3,水月与深蓝之树,253,RARE,,每拥有一个遭诅古物，所有友方单位防御力+25%，法术抗性+10,蓝卡坞片场定制护具，用以帮助演员完成超高难度动作戏的拍摄，设计原型为某种军用器械。食铁兽曾在合作拍摄时拒绝使用该护具。,,,,,是,,rogue_2_relic_fight_142,https://prts.wiki/index.php?title=Special:Redirect/file/%E6%94%B6%E8%97%8F%E5%93%81_%E6%B0%B4%E6%9C%88%E4%B8%8E%E6%B7%B1%E8%93%9D%E4%B9%8B%E6%A0%91_253.png
../../Assets/_Game/Resources/RogueRelics/Icons/rogue_2/rogue_2_relic_fight_143.png,《刀光剑影》,IS3,水月与深蓝之树,254,RARE,,每拥有一个遭诅古物，所有友方单位攻击速度+35,蓝卡坞限量发行的典藏影像合集，往届获奖动作电影的实拍花絮以及经典格斗戏的设计过程均在其中首度公开。,在不损失目标生命的情况下胜利紧急作战【饥渴】,,,,是,,rogue_2_relic_fight_143,https://prts.wiki/index.php?title=Special:Redirect/file/%E6%94%B6%E8%97%8F%E5%93%81_%E6%B0%B4%E6%9C%88%E4%B8%8E%E6%B7%B1%E8%93%9D%E4%B9%8B%E6%A0%91_254.png
../../Assets/_Game/Resources/RogueRelics/Icons/rogue_2/rogue_2_relic_fight_150.png,佣兵保单,IS3,水月与深蓝之树,255,NORMAL,,所有我方单位获得10%的庇护，灯火低于50时改为获得35%的庇护,为独立雇佣兵提供的特殊保险，当任务失败或损耗过大时，第三方机构将向佣兵提供一笔保障性收入。,,,,,是,,rogue_2_relic_fight_150,https://prts.wiki/index.php?title=Special:Redirect/file/%E6%94%B6%E8%97%8F%E5%93%81_%E6%B0%B4%E6%9C%88%E4%B8%8E%E6%B7%B1%E8%93%9D%E4%B9%8B%E6%A0%91_255.png
../../Assets/_Game/Resources/RogueRelics/Icons/rogue_2/rogue_2_relic_fight_153.png,断杖-学识,IS3,水月与深蓝之树,256,RARE,,每拥有一个收藏品，【术师】干员的攻击力+2%，攻击速度+1,遍览大地蕴藏之学识，无知便成为敌人的软肋。,,,,,是,,rogue_2_relic_fight_153,https://prts.wiki/index.php?title=Special:Redirect/file/%E6%94%B6%E8%97%8F%E5%93%81_%E6%B0%B4%E6%9C%88%E4%B8%8E%E6%B7%B1%E8%93%9D%E4%B9%8B%E6%A0%91_256.png
../../Assets/_Game/Resources/RogueRelics/Icons/rogue_2/rogue_2_relic_fight_154.png,断杖-智慧之光,IS3,水月与深蓝之树,257,SUPER_RARE,,每拥有一个收藏品，【术师】干员的攻击力+3%，攻击速度+2,丰富的阅历不应只留在脑中，它应成为制胜的关键。,,,,,是,,rogue_2_relic_fight_154,https://prts.wiki/index.php?title=Special:Redirect/file/%E6%94%B6%E8%97%8F%E5%93%81_%E6%B0%B4%E6%9C%88%E4%B8%8E%E6%B7%B1%E8%93%9D%E4%B9%8B%E6%A0%91_257.png
../../Assets/_Game/Resources/RogueRelics/Icons/rogue_2/rogue_2_relic_fight_155.png,断杖-破解,IS3,水月与深蓝之树,258,RARE,,场上每有1名【术师】干员，所有敌人的法术抗性-12,术师最大的敌人自然是术师。,在不损失目标生命的情况下胜利紧急作战【互助】,,,,是,,rogue_2_relic_fight_155,https://prts.wiki/index.php?title=Special:Redirect/file/%E6%94%B6%E8%97%8F%E5%93%81_%E6%B0%B4%E6%9C%88%E4%B8%8E%E6%B7%B1%E8%93%9D%E4%B9%8B%E6%A0%91_258.png
../../Assets/_Game/Resources/RogueRelics/Icons/rogue_2/rogue_2_relic_fight_156.png,铁卫-城墙,IS3,水月与深蓝之树,259,RARE,,所有【重装】干员防御力+40%，法术抗性+10,没有人会愚蠢到用身躯冲撞城墙，对吧？,,,,,是,,rogue_2_relic_fight_156,https://prts.wiki/index.php?title=Special:Redirect/file/%E6%94%B6%E8%97%8F%E5%93%81_%E6%B0%B4%E6%9C%88%E4%B8%8E%E6%B7%B1%E8%93%9D%E4%B9%8B%E6%A0%91_259.png
../../Assets/_Game/Resources/RogueRelics/Icons/rogue_2/rogue_2_relic_fight_157.png,铁卫-高塔,IS3,水月与深蓝之树,260,SUPER_RARE,,所有【重装】干员防御力+70%，法术抗性+20，受到元素损伤减少60%,它高耸入云，俯视着敌人在其脚下跳来蹦去。,,,,,是,,rogue_2_relic_fight_157,https://prts.wiki/index.php?title=Special:Redirect/file/%E6%94%B6%E8%97%8F%E5%93%81_%E6%B0%B4%E6%9C%88%E4%B8%8E%E6%B7%B1%E8%93%9D%E4%B9%8B%E6%A0%91_260.png
../../Assets/_Game/Resources/RogueRelics/Icons/rogue_2/rogue_2_relic_fight_159.png,养育者基因种,IS3,水月与深蓝之树,262,SUPER_RARE,,排异反应干员会同化周围2名正常干员，同化完成将临时获得【进化】：排异反应无效，获得35%的庇护，攻击无视目标35%的法术抗性和防御力,集体进化由个体突变推动，个体难题由集体智慧解决。陆对这一模型很有信心，如果养育者计划能有足够的时间，或许......,,,,,是,,rogue_2_relic_fight_159,https://prts.wiki/index.php?title=Special:Redirect/file/%E6%94%B6%E8%97%8F%E5%93%81_%E6%B0%B4%E6%9C%88%E4%B8%8E%E6%B7%B1%E8%93%9D%E4%B9%8B%E6%A0%91_262.png
../../Assets/_Game/Resources/RogueRelics/Icons/rogue_3/rogue_3_relic_legacy_54.png,地区行动方案,IS4,探索者的银凇止境,015,RARE,,招募4星干员的希望消耗-2,罗德岛在各个重要的枢纽区域都设有专门的办事处。信使们努力在这片大地上勉强织了一张易碎的网。,,,,,是,,rogue_3_relic_legacy_54,https://prts.wiki/index.php?title=Special:Redirect/file/%E6%94%B6%E8%97%8F%E5%93%81_%E6%8E%A2%E7%B4%A2%E8%80%85%E7%9A%84%E9%93%B6%E5%87%87%E6%AD%A2%E5%A2%83_015.png
../../Assets/_Game/Resources/RogueRelics/Icons/rogue_3/rogue_3_relic_legacy_55.png,全局作战文件,IS4,探索者的银凇止境,016,RARE,,招募5星干员的希望消耗-2,陆上行舟，如履薄冰。记得要培养自己的大局观。,,,,,是,,rogue_3_relic_legacy_55,https://prts.wiki/index.php?title=Special:Redirect/file/%E6%94%B6%E8%97%8F%E5%93%81_%E6%8E%A2%E7%B4%A2%E8%80%85%E7%9A%84%E9%93%B6%E5%87%87%E6%AD%A2%E5%A2%83_016.png
../../Assets/_Game/Resources/RogueRelics/Icons/rogue_3/rogue_3_relic_res_2.png,光谱分析仪,IS4,探索者的银凇止境,049,NORMAL,,抗干扰指数+1，护盾值+2,请谨慎，关于萨米的异常现象，测定电磁辐射的结果和样本显微结晶分析的结果完全互斥。,,,,,是,,rogue_3_relic_res_2,https://prts.wiki/index.php?title=Special:Redirect/file/%E6%94%B6%E8%97%8F%E5%93%81_%E6%8E%A2%E7%B4%A2%E8%80%85%E7%9A%84%E9%93%B6%E5%87%87%E6%AD%A2%E5%A2%83_049.png
../../Assets/_Game/Resources/RogueRelics/Icons/rogue_3/rogue_3_relic_res_4.png,闲暇时光,IS4,探索者的银凇止境,050,RARE,,可携带干员+1，抗干扰指数+1,孩子们擅长捡回各种东西拼搭自己的游乐王国。那些外来者总是在半路上突然抛下他们的载具，泽地的居民对此已经见怪不怪。,,,,,是,,rogue_3_relic_res_4,https://prts.wiki/index.php?title=Special:Redirect/file/%E6%94%B6%E8%97%8F%E5%93%81_%E6%8E%A2%E7%B4%A2%E8%80%85%E7%9A%84%E9%93%B6%E5%87%87%E6%AD%A2%E5%A2%83_050.png
../../Assets/_Game/Resources/RogueRelics/Icons/rogue_3/rogue_3_relic_res_8.png,宁静泉流,IS4,探索者的银凇止境,051,SUPER_RARE,,抗干扰指数+2，目标生命上限+3，希望+3,在跟随水滴声逃出风雪围困之后，这份标本成了科考队的护身符。,,,,,是,,rogue_3_relic_res_8,https://prts.wiki/index.php?title=Special:Redirect/file/%E6%94%B6%E8%97%8F%E5%93%81_%E6%8E%A2%E7%B4%A2%E8%80%85%E7%9A%84%E9%93%B6%E5%87%87%E6%AD%A2%E5%A2%83_051.png
../../Assets/_Game/Resources/RogueRelics/Icons/rogue_3/rogue_3_relic_legacy_153.png,食腐者手杖,IS4,探索者的银凇止境,113,SUPER_RARE,,所有我方单位受到的治疗溢出时，周围敌人会受到相当于该次溢出治疗量的法术伤害,食腐者吞吃生命，也利用生命。,携带不小于3名医疗干员胜利一场战斗,,,,是,,rogue_3_relic_legacy_153,https://prts.wiki/index.php?title=Special:Redirect/file/%E6%94%B6%E8%97%8F%E5%93%81_%E6%8E%A2%E7%B4%A2%E8%80%85%E7%9A%84%E9%93%B6%E5%87%87%E6%AD%A2%E5%A2%83_113.png
../../Assets/_Game/Resources/RogueRelics/Icons/rogue_3/rogue_3_relic_legacy_168.png,国王的圆饼,IS4,探索者的银凇止境,120,RARE,,目标生命为1时，所有干员的阻挡数+2,直视前方，让坚韧的内心抗御万难。,,,,,是,,rogue_3_relic_legacy_168,https://prts.wiki/index.php?title=Special:Redirect/file/%E6%94%B6%E8%97%8F%E5%93%81_%E6%8E%A2%E7%B4%A2%E8%80%85%E7%9A%84%E9%93%B6%E5%87%87%E6%AD%A2%E5%A2%83_120.png
../../Assets/_Game/Resources/RogueRelics/Icons/rogue_3/rogue_3_relic_legacy_169.png,国王的枝条,IS4,探索者的银凇止境,121,RARE,,目标生命为1时，所有干员每2秒额外回复1点技力,放下无用的威仪，以恩慈待人。他们也会这样待你，他们会的。,,,,,是,,rogue_3_relic_legacy_169,https://prts.wiki/index.php?title=Special:Redirect/file/%E6%94%B6%E8%97%8F%E5%93%81_%E6%8E%A2%E7%B4%A2%E8%80%85%E7%9A%84%E9%93%B6%E5%87%87%E6%AD%A2%E5%A2%83_121.png
../../Assets/_Game/Resources/RogueRelics/Icons/rogue_3/rogue_3_relic_fight_6.png,“永夜的窥视”,IS4,探索者的银凇止境,129,SUPER_RARE,,所有干员的攻击力+25%，攻击速度+25，但每秒流失25生命值,她转身走向北地的那一刻，黑色的群山铺陈于眼前，如她多年前所见的预兆。,,,,,是,,rogue_3_relic_fight_6,https://prts.wiki/index.php?title=Special:Redirect/file/%E6%94%B6%E8%97%8F%E5%93%81_%E6%8E%A2%E7%B4%A2%E8%80%85%E7%9A%84%E9%93%B6%E5%87%87%E6%AD%A2%E5%A2%83_129.png
../../Assets/_Game/Resources/RogueRelics/Icons/rogue_3/rogue_3_relic_fight_7.png,“枯木的回声”,IS4,探索者的银凇止境,130,SUPER_RARE,,所有干员每秒恢复50生命值，但最大生命-25%,击鼓唤先灵，击鼓通草木，击鼓驱邪祟。一位又一位萨满巫医接过兽骨锤，其中有些人留下的回声比别人更长久。,,,,,是,,rogue_3_relic_fight_7,https://prts.wiki/index.php?title=Special:Redirect/file/%E6%94%B6%E8%97%8F%E5%93%81_%E6%8E%A2%E7%B4%A2%E8%80%85%E7%9A%84%E9%93%B6%E5%87%87%E6%AD%A2%E5%A2%83_130.png
../../Assets/_Game/Resources/RogueRelics/Icons/rogue_3/rogue_3_relic_fight_8.png,凝冰砥石,IS4,探索者的银凇止境,131,SUPER_RARE,,战斗开始时，使随机一名干员生命值、攻击力、防御力、法术抗性、阻挡数、初始技力、部署费用翻倍,石面光滑如冰，制作者请求了山岩的许可，将它过于沉重的力量复写在刀刃上。,,,,,是,,rogue_3_relic_fight_8,https://prts.wiki/index.php?title=Special:Redirect/file/%E6%94%B6%E8%97%8F%E5%93%81_%E6%8E%A2%E7%B4%A2%E8%80%85%E7%9A%84%E9%93%B6%E5%87%87%E6%AD%A2%E5%A2%83_131.png
../../Assets/_Game/Resources/RogueRelics/Icons/rogue_3/rogue_3_relic_fight_9.png,远见者之示,IS4,探索者的银凇止境,132,SUPER_RARE,,所有干员部署费用和再部署时间随机变化,没有任何一个方向能避开厄运。,,,,,是,,rogue_3_relic_fight_9,https://prts.wiki/index.php?title=Special:Redirect/file/%E6%94%B6%E8%97%8F%E5%93%81_%E6%8E%A2%E7%B4%A2%E8%80%85%E7%9A%84%E9%93%B6%E5%87%87%E6%AD%A2%E5%A2%83_132.png
../../Assets/_Game/Resources/RogueRelics/Icons/rogue_3/rogue_3_relic_fight_13.png,鳞皮壳盾,IS4,探索者的银凇止境,135,NORMAL,,所有我方远程单位部署时获得3层护盾,来自远方的层层创伤，越不过躯壳垒起的重重防护。,,,,,是,,rogue_3_relic_fight_13,https://prts.wiki/index.php?title=Special:Redirect/file/%E6%94%B6%E8%97%8F%E5%93%81_%E6%8E%A2%E7%B4%A2%E8%80%85%E7%9A%84%E9%93%B6%E5%87%87%E6%AD%A2%E5%A2%83_135.png
../../Assets/_Game/Resources/RogueRelics/Icons/rogue_3/rogue_3_relic_fight_20.png,不灭的火炬,IS4,探索者的银凇止境,140,RARE,,所有干员周围4格每有一名干员，攻击速度+30,火焰代表着光芒与温暖，聚集在火焰下，绝望就成了希望。,累计在战斗中部署干员不小于200次的情况下完成游戏结局,,,,是,,rogue_3_relic_fight_20,https://prts.wiki/index.php?title=Special:Redirect/file/%E6%94%B6%E8%97%8F%E5%93%81_%E6%8E%A2%E7%B4%A2%E8%80%85%E7%9A%84%E9%93%B6%E5%87%87%E6%AD%A2%E5%A2%83_140.png
../../Assets/_Game/Resources/RogueRelics/Icons/rogue_3/rogue_3_relic_fight_26.png,移云者图腾,IS4,探索者的银凇止境,144,SUPER_RARE,,所有敌方单位移动速度-15%，且失重时重量额外下降2个等级,信奉着羽兽之王的萨米部落制作了这个图腾，据说只要诚心呼唤，它就会鼓动双翼扬起风暴，让大地为之震颤。,,,,,是,,rogue_3_relic_fight_26,https://prts.wiki/index.php?title=Special:Redirect/file/%E6%94%B6%E8%97%8F%E5%93%81_%E6%8E%A2%E7%B4%A2%E8%80%85%E7%9A%84%E9%93%B6%E5%87%87%E6%AD%A2%E5%A2%83_144.png
../../Assets/_Game/Resources/RogueRelics/Icons/rogue_3/rogue_3_relic_book_2.png,锈刃-锋芒发硎,IS4,探索者的银凇止境,176,SUPER_RARE,,所有【特种】干员的攻击力+40%，力度+2,“试试新武器——还是说，就在刚刚，你已经试过了？”,在多局游戏中累计进入事件【低地市集】6次,,,,是,,rogue_3_relic_book_2,https://prts.wiki/index.php?title=Special:Redirect/file/%E6%94%B6%E8%97%8F%E5%93%81_%E6%8E%A2%E7%B4%A2%E8%80%85%E7%9A%84%E9%93%B6%E5%87%87%E6%AD%A2%E5%A2%83_176.png
../../Assets/_Game/Resources/RogueRelics/Icons/rogue_3/rogue_3_relic_legacy_133.png,炸裂之手,IS4,探索者的银凇止境,178,SUPER_RARE,,【要塞】、【链术师】和【轰击术师】每对一个单位造成伤害就回复2点技力值,数量越多，力量越强。,,,,,是,,rogue_3_relic_legacy_133,https://prts.wiki/index.php?title=Special:Redirect/file/%E6%94%B6%E8%97%8F%E5%93%81_%E6%8E%A2%E7%B4%A2%E8%80%85%E7%9A%84%E9%93%B6%E5%87%87%E6%AD%A2%E5%A2%83_178.png
../../Assets/_Game/Resources/RogueRelics/Icons/rogue_3/rogue_3_relic_legacy_134.png,极速之手,IS4,探索者的银凇止境,179,SUPER_RARE,,【处决者】、【伏击客】和【傀儡师】相邻四格内没有我方单位时，攻击速度+120,振臂一挥，只留残影。,,,,,是,,rogue_3_relic_legacy_134,https://prts.wiki/index.php?title=Special:Redirect/file/%E6%94%B6%E8%97%8F%E5%93%81_%E6%8E%A2%E7%B4%A2%E8%80%85%E7%9A%84%E9%93%B6%E5%87%87%E6%AD%A2%E5%A2%83_179.png
../../Assets/_Game/Resources/RogueRelics/Icons/rogue_3/rogue_3_relic_legacy_135.png,净尘之手,IS4,探索者的银凇止境,180,SUPER_RARE,,【吟游者】【阵法术师】【疗养师】对攻击范围内敌人每秒造成50%攻击力的法术伤害,所在，即为无尘之地。,,,,,是,,rogue_3_relic_legacy_135,https://prts.wiki/index.php?title=Special:Redirect/file/%E6%94%B6%E8%97%8F%E5%93%81_%E6%8E%A2%E7%B4%A2%E8%80%85%E7%9A%84%E9%93%B6%E5%87%87%E6%AD%A2%E5%A2%83_180.png
../../Assets/_Game/Resources/RogueRelics/Icons/rogue_3/rogue_3_relic_legacy_136.png,碎靶之手,IS4,探索者的银凇止境,181,SUPER_RARE,,【炮手】【扩散术师】【投掷手】每对一个单位造成伤害就使自身攻击力+15%，最高+150%，5秒未造成伤害则使加成清空,目标，可不仅仅只是连续命中靶心。,,,,,是,,rogue_3_relic_legacy_136,https://prts.wiki/index.php?title=Special:Redirect/file/%E6%94%B6%E8%97%8F%E5%93%81_%E6%8E%A2%E7%B4%A2%E8%80%85%E7%9A%84%E9%93%B6%E5%87%87%E6%AD%A2%E5%A2%83_181.png
../../Assets/_Game/Resources/RogueRelics/Icons/rogue_3/rogue_3_relic_legacy_137.png,永流之手,IS4,探索者的银凇止境,182,SUPER_RARE,,【中坚术师】【秘术师】【召唤师】每使用过一次技能，自身的技力自然回复速度+0.5/秒，最多叠加4层,海洋从不断流，在于它永远奔涌。,,,,,是,,rogue_3_relic_legacy_137,https://prts.wiki/index.php?title=Special:Redirect/file/%E6%94%B6%E8%97%8F%E5%93%81_%E6%8E%A2%E7%B4%A2%E8%80%85%E7%9A%84%E9%93%B6%E5%87%87%E6%AD%A2%E5%A2%83_182.png
../../Assets/_Game/Resources/RogueRelics/Icons/rogue_3/rogue_3_relic_hand_1.png,缠斗之手,IS4,探索者的银凇止境,183,SUPER_RARE,,【铁卫】、【驭法铁卫】和【决战者】每2秒束缚自身附近所有敌人1秒，并造成相当于攻击力100%的真实伤害,她站在那里的意思就是，不可越过。,,,,,是,,rogue_3_relic_hand_1,https://prts.wiki/index.php?title=Special:Redirect/file/%E6%94%B6%E8%97%8F%E5%93%81_%E6%8E%A2%E7%B4%A2%E8%80%85%E7%9A%84%E9%93%B6%E5%87%87%E6%AD%A2%E5%A2%83_183.png
../../Assets/_Game/Resources/RogueRelics/Icons/rogue_3/rogue_3_relic_hand_2.png,应机之手,IS4,探索者的银凇止境,184,SUPER_RARE,,【冲锋手】、【尖兵】和【战术家】的部署费用-10，且击败敌人后使所有未部署干员下次部署费用-1,现在我们不缺战场情报，我们缺一个来得及读完情报的队长。,,,,,是,,rogue_3_relic_hand_2,https://prts.wiki/index.php?title=Special:Redirect/file/%E6%94%B6%E8%97%8F%E5%93%81_%E6%8E%A2%E7%B4%A2%E8%80%85%E7%9A%84%E9%93%B6%E5%87%87%E6%AD%A2%E5%A2%83_184.png
../../Assets/_Game/Resources/RogueRelics/Icons/rogue_3/rogue_3_relic_hand_3.png,溃决之手,IS4,探索者的银凇止境,185,SUPER_RARE,,【重射手】、【神射手】和【攻城手】的攻击伤害随目标生命下降而提升最高50%，并对生命20%以下的敌人强制击败,砸开每一道裂痕，或者制造第一道裂痕。,,,,,是,,rogue_3_relic_hand_3,https://prts.wiki/index.php?title=Special:Redirect/file/%E6%94%B6%E8%97%8F%E5%93%81_%E6%8E%A2%E7%B4%A2%E8%80%85%E7%9A%84%E9%93%B6%E5%87%87%E6%AD%A2%E5%A2%83_185.png
../../Assets/_Game/Resources/RogueRelics/Icons/rogue_3/rogue_3_relic_legacy_1.png,浓缩抑制剂,IS4,探索者的银凇止境,186,SUPER_RARE,,所有干员攻击【感染生物】时攻击力提升至150%并使其失去特殊能力3秒,罗德岛用于抑制急性矿石病的医疗试剂，但在浓缩提炼后，反而会对感染部位造成不可逆转的伤害。,找到并消灭一个“冰爆源石虫”或“冰爆源石虫·α”,,,,是,,rogue_3_relic_legacy_1,https://prts.wiki/index.php?title=Special:Redirect/file/%E6%94%B6%E8%97%8F%E5%93%81_%E6%8E%A2%E7%B4%A2%E8%80%85%E7%9A%84%E9%93%B6%E5%87%87%E6%AD%A2%E5%A2%83_186.png
../../Assets/_Game/Resources/RogueRelics/Icons/rogue_3/rogue_3_relic_legacy_57.png,一份演讲稿,IS4,探索者的银凇止境,188,SUPER_RARE,,招募所有干员的希望消耗-2,她有点紧张，有点担心，却一直都很坚定。话筒打开时，她两只长长的耳朵稍稍晃动了一下。,在多局游戏中累计招募总共100名干员,,,,是,,rogue_3_relic_legacy_57,https://prts.wiki/index.php?title=Special:Redirect/file/%E6%94%B6%E8%97%8F%E5%93%81_%E6%8E%A2%E7%B4%A2%E8%80%85%E7%9A%84%E9%93%B6%E5%87%87%E6%AD%A2%E5%A2%83_188.png
../../Assets/_Game/Resources/RogueRelics/Icons/rogue_3/rogue_3_relic_legacy_163.png,“国王的护戒”,IS4,探索者的银凇止境,195,RARE,,护盾值+2，将目标生命全部转化为等量护盾值（目标生命不会低于1）,深海教徒并非一蹴而就，他们在海洋与大地的交界处盘桓许久，为今后被称作“大静谧”的灾难做准备。,在多局游戏中累计在目标生命值为1的情况下战斗胜利20次,,,,是,,rogue_3_relic_legacy_163,https://prts.wiki/index.php?title=Special:Redirect/file/%E6%94%B6%E8%97%8F%E5%93%81_%E6%8E%A2%E7%B4%A2%E8%80%85%E7%9A%84%E9%93%B6%E5%87%87%E6%AD%A2%E5%A2%83_195.png
../../Assets/_Game/Resources/RogueRelics/Icons/rogue_3/rogue_3_relic_res_3.png,全自动维修台,IS4,探索者的银凇止境,197,RARE,,抗干扰指数+2，但是坍缩值+2,它有点脏，但能完全自动运转，而且没人知道它为什么在自动运转，从早到晚，哪怕无人使用。雷神工业表示他们从未设计过这样一款产品。,在多局游戏中累计进入40次非战斗节点,,,,是,,rogue_3_relic_res_3,https://prts.wiki/index.php?title=Special:Redirect/file/%E6%94%B6%E8%97%8F%E5%93%81_%E6%8E%A2%E7%B4%A2%E8%80%85%E7%9A%84%E9%93%B6%E5%87%87%E6%AD%A2%E5%A2%83_197.png
../../Assets/_Game/Resources/RogueRelics/Icons/rogue_3/rogue_3_relic_res_5.png,警戒篱木,IS4,探索者的银凇止境,198,NORMAL,,坍缩值-2，目标生命上限+2,雪地中显得十分醒目的彩色装饰，使人即使在做梦时也能清晰想象。土地没有边界，但漫游的心神需要知道恐惧在何处潜伏。,,,,,是,,rogue_3_relic_res_5,https://prts.wiki/index.php?title=Special:Redirect/file/%E6%94%B6%E8%97%8F%E5%93%81_%E6%8E%A2%E7%B4%A2%E8%80%85%E7%9A%84%E9%93%B6%E5%87%87%E6%AD%A2%E5%A2%83_198.png
../../Assets/_Game/Resources/RogueRelics/Icons/rogue_3/rogue_3_relic_res_6.png,《重型音乐选集》,IS4,探索者的银凇止境,199,NORMAL,,坍缩值-2，希望+2,驻留萨米南部的哥伦比亚救援人员每年冬天都有那么几次任务，是救助为了拍摄音乐影片而在积雪森林中迷路的乐队。,,,,,是,,rogue_3_relic_res_6,https://prts.wiki/index.php?title=Special:Redirect/file/%E6%94%B6%E8%97%8F%E5%93%81_%E6%8E%A2%E7%B4%A2%E8%80%85%E7%9A%84%E9%93%B6%E5%87%87%E6%AD%A2%E5%A2%83_199.png
../../Assets/_Game/Resources/RogueRelics/Icons/rogue_3/rogue_3_relic_res_7.png,流浪术师的怀乡,IS4,探索者的银凇止境,200,RARE,,进入深埋迷境时，坍缩值-3,有人在绝望的追念中仿制了这些音符。刀刃划过空气时演奏的旋律令人感到诡异的和谐，但并不依循十二平均律。,,,,,是,,rogue_3_relic_res_7,https://prts.wiki/index.php?title=Special:Redirect/file/%E6%94%B6%E8%97%8F%E5%93%81_%E6%8E%A2%E7%B4%A2%E8%80%85%E7%9A%84%E9%93%B6%E5%87%87%E6%AD%A2%E5%A2%83_200.png
../../Assets/_Game/Resources/RogueRelics/Icons/rogue_3/rogue_3_relic_res_9.png,仪式铃,IS4,探索者的银凇止境,201,RARE,,失去抗干扰指数时，回复1目标生命,闭上眼。你所渴望的，都要向内寻求。,在多局游戏中累计击败领袖【纠缠藤蔓】2次,,,,是,,rogue_3_relic_res_9,https://prts.wiki/index.php?title=Special:Redirect/file/%E6%94%B6%E8%97%8F%E5%93%81_%E6%8E%A2%E7%B4%A2%E8%80%85%E7%9A%84%E9%93%B6%E5%87%87%E6%AD%A2%E5%A2%83_201.png
../../Assets/_Game/Resources/RogueRelics/Icons/rogue_3/rogue_3_relic_res_11.png,北方拓荒者拐杖,IS4,探索者的银凇止境,202,RARE,,抗干扰指数不低于4时，每进入一个非战斗节点，获得源石锭+2,能探测到一些危险，但更重要的是能探测到钱币。依据合同，只有当地建起符合哥伦比亚标准的医疗机构之后，公司才会承担拓荒者的医疗保险费用。,,,,,是,,rogue_3_relic_res_11,https://prts.wiki/index.php?title=Special:Redirect/file/%E6%94%B6%E8%97%8F%E5%93%81_%E6%8E%A2%E7%B4%A2%E8%80%85%E7%9A%84%E9%93%B6%E5%87%87%E6%AD%A2%E5%A2%83_202.png
../../Assets/_Game/Resources/RogueRelics/Icons/rogue_3/rogue_3_relic_fight_1.png,猎人的洞察,IS4,探索者的银凇止境,203,SUPER_RARE,,所有干员攻击【坍缩体】时无视50%的防御力和法术抗性，并使其停顿0.5秒,在意志完全被夺取之前，女孩向靠近的救援者恳求：“让我拉弓，让我战胜它，让我永不畏惧。”,在多局游戏中累计击败200个“染污躯壳”,,,,是,,rogue_3_relic_fight_1,https://prts.wiki/index.php?title=Special:Redirect/file/%E6%94%B6%E8%97%8F%E5%93%81_%E6%8E%A2%E7%B4%A2%E8%80%85%E7%9A%84%E9%93%B6%E5%87%87%E6%AD%A2%E5%A2%83_203.png
../../Assets/_Game/Resources/RogueRelics/Icons/rogue_3/rogue_3_relic_explore_1.png,芽棍,IS4,探索者的银凇止境,209,NORMAL,,每次进入树篱之途或失与得节点，护盾值+2,它陪伴着一位健硕、黝黑的库兰塔走出黄沙之国，陪伴着成为莱茵生命科学考察科主任的他走入银白原野。即使在一场意外中与主人离散，它仍能为持有者带来生存的启示。,,,,,是,,rogue_3_relic_explore_1,https://prts.wiki/index.php?title=Special:Redirect/file/%E6%94%B6%E8%97%8F%E5%93%81_%E6%8E%A2%E7%B4%A2%E8%80%85%E7%9A%84%E9%93%B6%E5%87%87%E6%AD%A2%E5%A2%83_209.png
../../Assets/_Game/Resources/RogueRelics/Icons/rogue_3/rogue_3_relic_explore_3.png,指路藤偶,IS4,探索者的银凇止境,211,RARE,,通过纵向通路时有概率不降低抗干扰指数,萨满们用藤蔓制作的小傀儡，时常被用于在林间寻路。虽然不是很准确，但要是找对了，也能为勘察机器节省大量能耗。,,,,,是,,rogue_3_relic_explore_3,https://prts.wiki/index.php?title=Special:Redirect/file/%E6%94%B6%E8%97%8F%E5%93%81_%E6%8E%A2%E7%B4%A2%E8%80%85%E7%9A%84%E9%93%B6%E5%87%87%E6%AD%A2%E5%A2%83_211.png
../../Assets/_Game/Resources/RogueRelics/Icons/rogue_3/rogue_3_relic_explore_4.png,乌萨斯断刃,IS4,探索者的银凇止境,212,RARE,,每有1级坍缩范式，战斗获得的指挥经验+10%,他并非缺乏决心，其意志也无可置疑，只是在自决那一瞬间，身体的本能反应铸成了不可挽回的错误。,在多局游戏中累计击败领袖【“邪魔的利刃”】2次,,,,是,,rogue_3_relic_explore_4,https://prts.wiki/index.php?title=Special:Redirect/file/%E6%94%B6%E8%97%8F%E5%93%81_%E6%8E%A2%E7%B4%A2%E8%80%85%E7%9A%84%E9%93%B6%E5%87%87%E6%AD%A2%E5%A2%83_212.png
../../Assets/_Game/Resources/RogueRelics/Icons/rogue_3/rogue_3_relic_explore_5.png,伶牙，毁林者,IS4,探索者的银凇止境,213,SUPER_RARE,,战斗有概率额外掉落1个密文板,当它发现人类愿意用树果和它交换木片后，这只鼷兽就开始肆无忌惮地在林间啃食树皮获取木片。它可能也没想到，有那么些碎片中，包含着萨米的无上旨意。,,,,,是,,rogue_3_relic_explore_5,https://prts.wiki/index.php?title=Special:Redirect/file/%E6%94%B6%E8%97%8F%E5%93%81_%E6%8E%A2%E7%B4%A2%E8%80%85%E7%9A%84%E9%93%B6%E5%87%87%E6%AD%A2%E5%A2%83_213.png
../../Assets/_Game/Resources/RogueRelics/Icons/rogue_3/rogue_3_explore_tool_1.png,祭坛式雷达,IS4,探索者的银凇止境,220,SUPER_RARE,,每次战斗中携带1个祭坛式雷达,无线电定位装置，能够快速展开和收起，避免误伤。从切尔诺伯格回来后，工程部一些干员就致力于掌握这种源石装置的原理，战胜它们曾造成的伤害。,,,,,是,,rogue_3_explore_tool_1,https://prts.wiki/index.php?title=Special:Redirect/file/%E6%94%B6%E8%97%8F%E5%93%81_%E6%8E%A2%E7%B4%A2%E8%80%85%E7%9A%84%E9%93%B6%E5%87%87%E6%AD%A2%E5%A2%83_220.png
../../Assets/_Game/Resources/RogueRelics/Icons/rogue_3/rogue_3_explore_tool_2.png,R-45便携式“留声机”,IS4,探索者的银凇止境,221,SUPER_RARE,,每次战斗中携带1个R-45便携式“留声机”,源石技艺传输装置，测试中版本。工程部尝试设计一种源石技艺适应性较低的干员也能使用的传输协议。一些莱塔尼亚人的评价是“不够优雅”。,,,,,是,,rogue_3_explore_tool_2,https://prts.wiki/index.php?title=Special:Redirect/file/%E6%94%B6%E8%97%8F%E5%93%81_%E6%8E%A2%E7%B4%A2%E8%80%85%E7%9A%84%E9%93%B6%E5%87%87%E6%AD%A2%E5%A2%83_221.png
../../Assets/_Game/Resources/RogueRelics/Icons/rogue_3/rogue_3_explore_tool_3.png,景观巨蕈,IS4,探索者的银凇止境,222,SUPER_RARE,,每次战斗中携带2个景观巨蕈,人造遮蔽物，能够在恶劣天气里遮挡风雨，或是融入自然环境，为干员提供临时庇护。实际上它看起来总是和自然环境格格不入，哪怕在萨尔贡雨林也是。,,,,,是,,rogue_3_explore_tool_3,https://prts.wiki/index.php?title=Special:Redirect/file/%E6%94%B6%E8%97%8F%E5%93%81_%E6%8E%A2%E7%B4%A2%E8%80%85%E7%9A%84%E9%93%B6%E5%87%87%E6%AD%A2%E5%A2%83_222.png
../../Assets/_Game/Resources/RogueRelics/Icons/rogue_3/rogue_3_explore_tool_4.png,战场装置LUD-99X,IS4,探索者的银凇止境,223,SUPER_RARE,,每次战斗会出现战场装置LUD-99X,见过它的干员众说纷纭，有人说自己看到的是一张折凳，有人说是一根撬棍。可露希尔和绝大多数工程部干员则反复强调，这个编号下只有一个理论模型，不存在实物。罗德岛绝不会制造它。,,,,,是,,rogue_3_explore_tool_4,https://prts.wiki/index.php?title=Special:Redirect/file/%E6%94%B6%E8%97%8F%E5%93%81_%E6%8E%A2%E7%B4%A2%E8%80%85%E7%9A%84%E9%93%B6%E5%87%87%E6%AD%A2%E5%A2%83_223.png
../../Assets/_Game/Resources/RogueRelics/Icons/rogue_3/rogue_3_explore_tool_5.png,“二踢脚”型数据收集装置,IS4,探索者的银凇止境,224,SUPER_RARE,,每次战斗中携带5个“二踢脚”型数据收集装置,一次性数据收集装置，启动后会发出巨大的爆炸声。某位炎国干员使用后在说明书上增加了一条附注：它只会响一次。,,,,,是,,rogue_3_explore_tool_5,https://prts.wiki/index.php?title=Special:Redirect/file/%E6%94%B6%E8%97%8F%E5%93%81_%E6%8E%A2%E7%B4%A2%E8%80%85%E7%9A%84%E9%93%B6%E5%87%87%E6%AD%A2%E5%A2%83_224.png
../../Assets/_Game/Resources/RogueRelics/Icons/rogue_3/rogue_3_explore_tool_6.png,勘察用自走车,IS4,探索者的银凇止境,225,SUPER_RARE,,每次战斗中携带1个勘察用自走车出发点,自走型数据采集装置，能够代替干员进入危险环境获取数据、拍摄录像。和杜林工匠的大多数设计一样，在投入实战测试之前会首先供干员们游玩很长一段时间。,,,,,是,,rogue_3_explore_tool_6,https://prts.wiki/index.php?title=Special:Redirect/file/%E6%94%B6%E8%97%8F%E5%93%81_%E6%8E%A2%E7%B4%A2%E8%80%85%E7%9A%84%E9%93%B6%E5%87%87%E6%AD%A2%E5%A2%83_225.png
../../Assets/_Game/Resources/RogueRelics/Icons/rogue_3/rogue_3_relic_boss_1.png,树痕之盔,IS4,探索者的银凇止境,226,SUPER_RARE,,希望+3，让探索开启不同的方向,地位与权能的载物，但于战士而言，只是懦弱者自保的人工制品。有的人丢弃它是为了去离职责，有的人丢弃它，只是为了坚定自己舍弃生命的决心。,完成游戏结局,,,,是,,rogue_3_relic_boss_1,https://prts.wiki/index.php?title=Special:Redirect/file/%E6%94%B6%E8%97%8F%E5%93%81_%E6%8E%A2%E7%B4%A2%E8%80%85%E7%9A%84%E9%93%B6%E5%87%87%E6%AD%A2%E5%A2%83_226.png
../../Assets/_Game/Resources/RogueRelics/Icons/rogue_3/rogue_3_relic_boss_2.png,无垠赠礼,IS4,探索者的银凇止境,227,SUPER_RARE,,坍缩值+3，让探索开启不同的方向,在眼见不到的地方扎根，从想象不及的去处吸收养分，花朵绽放跨越无垠，成为边界之外的第一枚信标。,？？？,,,,是,,rogue_3_relic_boss_2,https://prts.wiki/index.php?title=Special:Redirect/file/%E6%94%B6%E8%97%8F%E5%93%81_%E6%8E%A2%E7%B4%A2%E8%80%85%E7%9A%84%E9%93%B6%E5%87%87%E6%AD%A2%E5%A2%83_227.png
../../Assets/_Game/Resources/RogueRelics/Icons/rogue_3/rogue_3_relic_boss_2b.png,路网,IS4,探索者的银凇止境,228,SUPER_RARE,,战斗出现额外敌人，让探索开启不同的方向,一张错综复杂的网织成了无人理解的地图。看上去是在显现四通八达的道路，但它所展示的，只有结果。,？？？,,,,是,,rogue_3_relic_boss_2b,https://prts.wiki/index.php?title=Special:Redirect/file/%E6%94%B6%E8%97%8F%E5%93%81_%E6%8E%A2%E7%B4%A2%E8%80%85%E7%9A%84%E9%93%B6%E5%87%87%E6%AD%A2%E5%A2%83_228.png
../../Assets/_Game/Resources/RogueRelics/Icons/rogue_3/rogue_3_relic_legacy_157.png,“岁怒”,IS4,探索者的银凇止境,229,SUPER_RARE,,每次部署我方单位时，对场上随机一个敌人及其周围造成3000点法术伤害,巨兽昂首，天地惊。,携带不小于3名特种干员胜利一场战斗,,,,是,,rogue_3_relic_legacy_157,https://prts.wiki/index.php?title=Special:Redirect/file/%E6%94%B6%E8%97%8F%E5%93%81_%E6%8E%A2%E7%B4%A2%E8%80%85%E7%9A%84%E9%93%B6%E5%87%87%E6%AD%A2%E5%A2%83_229.png
../../Assets/_Game/Resources/RogueRelics/Icons/rogue_3/rogue_3_relic_res_10.png,“盲目”,IS4,探索者的银凇止境,234,SUPER_RARE,,抗干扰指数为0-1时，水平或垂直移动随机获得护盾值、源石锭、希望、抗干扰指数或密文板,他们是否还保留着萨卡兹王庭的建制，是否还有王庭之主，如今无人能够确定。众人所能追溯的最后记忆，停留在某位独眼巨人摘下头顶黑色王冠的那一刻。,累计失去不小于30目标生命的情况下完成游戏结局,,,,是,,rogue_3_relic_res_10,https://prts.wiki/index.php?title=Special:Redirect/file/%E6%94%B6%E8%97%8F%E5%93%81_%E6%8E%A2%E7%B4%A2%E8%80%85%E7%9A%84%E9%93%B6%E5%87%87%E6%AD%A2%E5%A2%83_234.png
../../Assets/_Game/Resources/RogueRelics/Icons/rogue_3/rogue_3_relic_res_12.png,琥珀伤痕,IS4,探索者的银凇止境,235,SUPER_RARE,,抗干扰指数可以超出上限，且每超出1点使所有我方单位的生命值+8%，攻击力+8%,精灵们如此孤独地遗留在泰拉的大地上，怀抱尘土，背靠异乡。,在多局游戏中累计获得20抗干扰指数,,,,是,,rogue_3_relic_res_12,https://prts.wiki/index.php?title=Special:Redirect/file/%E6%94%B6%E8%97%8F%E5%93%81_%E6%8E%A2%E7%B4%A2%E8%80%85%E7%9A%84%E9%93%B6%E5%87%87%E6%AD%A2%E5%A2%83_235.png
../../Assets/_Game/Resources/RogueRelics/Icons/rogue_3/rogue_3_relic_explore_6.png,安玛的爱,IS4,探索者的银凇止境,236,SUPER_RARE,,所有我方单位的生命、攻击力、防御力+1%；有时会发挥奇妙的效果,祂确是爱你的，口袋里那份重量便是佐证；可祂的爱飘忽又无常，你永远不知道能从口袋中取出的，是祂护佑的证明，还是一捧融雪。,完成游戏结局,,,,是,,rogue_3_relic_explore_6,https://prts.wiki/index.php?title=Special:Redirect/file/%E6%94%B6%E8%97%8F%E5%93%81_%E6%8E%A2%E7%B4%A2%E8%80%85%E7%9A%84%E9%93%B6%E5%87%87%E6%AD%A2%E5%A2%83_236.png
../../Assets/_Game/Resources/RogueRelics/Icons/rogue_3/rogue_3_relic_boss_4a.png,视界邀约,IS4,探索者的银凇止境,237,SUPER_RARE,,让探索开启不同的方向,一份进入冰原尽头的邀请函，通过秘密渠道分发或售卖给有资格的人。然而，拿到邀请函只是第一步，考验即将到来——,【内容拓展 · 二】后，完成一次游戏结局,,,,是,,rogue_3_relic_boss_4a,https://prts.wiki/index.php?title=Special:Redirect/file/%E6%94%B6%E8%97%8F%E5%93%81_%E6%8E%A2%E7%B4%A2%E8%80%85%E7%9A%84%E9%93%B6%E5%87%87%E6%AD%A2%E5%A2%83_237.png
../../Assets/_Game/Resources/RogueRelics/Icons/rogue_3/rogue_3_relic_boss_4b.png,维度流质,IS4,探索者的银凇止境,238,SUPER_RARE,,让探索开启不同的方向,融合各国技术，对坍缩体和冰原巨构进行深入研究后研制的核心原料。在通过考验后，那位罗德岛干员把它正式交付给了你，还给你留了一句叮嘱：“把它安全送去冰原尽头，凯尔希在那里等你。”,【内容拓展 · 二】后，完成一次游戏结局,,,,是,,rogue_3_relic_boss_4b,https://prts.wiki/index.php?title=Special:Redirect/file/%E6%94%B6%E8%97%8F%E5%93%81_%E6%8E%A2%E7%B4%A2%E8%80%85%E7%9A%84%E9%93%B6%E5%87%87%E6%AD%A2%E5%A2%83_238.png
../../Assets/_Game/Resources/RogueRelics/Icons/rogue_3/rogue_3_relic_curse_1.png,坍缩之种,IS4,探索者的银凇止境,239,SUPER_RARE,,所有我方单位的攻击力和生命值-15%,坍缩的痕迹落在此处，拒绝被清除。,【内容拓展 · 二】后，完成一次游戏结局,,,,是,,rogue_3_relic_curse_1,https://prts.wiki/index.php?title=Special:Redirect/file/%E6%94%B6%E8%97%8F%E5%93%81_%E6%8E%A2%E7%B4%A2%E8%80%85%E7%9A%84%E9%93%B6%E5%87%87%E6%AD%A2%E5%A2%83_239.png
../../Assets/_Game/Resources/RogueRelics/Icons/rogue_3/rogue_3_relic_curse_2.png,空间碎片,IS4,探索者的银凇止境,240,SUPER_RARE,,可携带干员-4,所处的空间被乱流撕碎，只剩下小小一方。,【内容拓展 · 二】后，完成一次游戏结局,,,,是,,rogue_3_relic_curse_2,https://prts.wiki/index.php?title=Special:Redirect/file/%E6%94%B6%E8%97%8F%E5%93%81_%E6%8E%A2%E7%B4%A2%E8%80%85%E7%9A%84%E9%93%B6%E5%87%87%E6%AD%A2%E5%A2%83_240.png
../../Assets/_Game/Resources/RogueRelics/Icons/rogue_3/rogue_3_relic_curse_3.png,深度灼痕,IS4,探索者的银凇止境,241,SUPER_RARE,,目标生命上限-12,磅礴能量烧尽了躯体与灵魂，它们再也无法复原。,【内容拓展 · 二】后，完成一次游戏结局,,,,是,,rogue_3_relic_curse_3,https://prts.wiki/index.php?title=Special:Redirect/file/%E6%94%B6%E8%97%8F%E5%93%81_%E6%8E%A2%E7%B4%A2%E8%80%85%E7%9A%84%E9%93%B6%E5%87%87%E6%AD%A2%E5%A2%83_241.png
../../Assets/_Game/Resources/RogueRelics/Icons/rogue_3/rogue_3_relic_legacy_173.png,“国王的水晶”,IS4,探索者的银凇止境,242,RARE,,战斗结束后使目标生命-2（目标生命不会低于1），希望+1，源石锭+5,伊比利亚人与海嗣接触的历史远超他们想象，可惜他们那时并不知道，什么是海嗣。,,,,,是,,rogue_3_relic_legacy_173,https://prts.wiki/index.php?title=Special:Redirect/file/%E6%94%B6%E8%97%8F%E5%93%81_%E6%8E%A2%E7%B4%A2%E8%80%85%E7%9A%84%E9%93%B6%E5%87%87%E6%AD%A2%E5%A2%83_242.png
../../Assets/_Game/Resources/RogueRelics/Icons/rogue_3/rogue_3_relic_hand_4.png,坚实之手,IS4,探索者的银凇止境,245,SUPER_RARE,,【工匠】、【行商】和【怪杰】在场上停留30秒后，获得3点临时目标生命值（每名干员同一作战最多触发1次）,锦上添花，险地妙用。,,,,,是,,rogue_3_relic_hand_4,https://prts.wiki/index.php?title=Special:Redirect/file/%E6%94%B6%E8%97%8F%E5%93%81_%E6%8E%A2%E7%B4%A2%E8%80%85%E7%9A%84%E9%93%B6%E5%87%87%E6%AD%A2%E5%A2%83_245.png
../../Assets/_Game/Resources/RogueRelics/Icons/rogue_3/rogue_3_relic_hand_5.png,复还之手,IS4,探索者的银凇止境,246,SUPER_RARE,,【群愈师】、【链愈师】和【行医】攻击范围内干员受到致命伤时，回复所有生命（每名干员同一作战最多触发1次）,抑制死亡，唤醒生命。,,,,,是,,rogue_3_relic_hand_5,https://prts.wiki/index.php?title=Special:Redirect/file/%E6%94%B6%E8%97%8F%E5%93%81_%E6%8E%A2%E7%B4%A2%E8%80%85%E7%9A%84%E9%93%B6%E5%87%87%E6%AD%A2%E5%A2%83_246.png
../../Assets/_Game/Resources/RogueRelics/Icons/rogue_3/rogue_3_relic_book_3.png,钝爪-拾柴,IS4,探索者的银凇止境,247,NORMAL,,场上每有一名先锋干员，每3秒获得1点部署费用（最多叠加8次）,每加入一根薪柴，火焰就更加旺盛。,,,,,是,,rogue_3_relic_book_3,https://prts.wiki/index.php?title=Special:Redirect/file/%E6%94%B6%E8%97%8F%E5%93%81_%E6%8E%A2%E7%B4%A2%E8%80%85%E7%9A%84%E9%93%B6%E5%87%87%E6%AD%A2%E5%A2%83_247.png
../../Assets/_Game/Resources/RogueRelics/Icons/rogue_3/rogue_3_relic_book_4.png,折戟-战吼,IS4,探索者的银凇止境,248,NORMAL,,场上每有一名近卫干员，所有我方单位的攻击力+8%（最多叠加8次）,作战也是项集体活动，人越多，底气越足，挥动武器时也就更有力量。,,,,,是,,rogue_3_relic_book_4,https://prts.wiki/index.php?title=Special:Redirect/file/%E6%94%B6%E8%97%8F%E5%93%81_%E6%8E%A2%E7%B4%A2%E8%80%85%E7%9A%84%E9%93%B6%E5%87%87%E6%AD%A2%E5%A2%83_248.png
../../Assets/_Game/Resources/RogueRelics/Icons/rogue_3/rogue_3_relic_book_7.png,断杖-和声,IS4,探索者的银凇止境,251,NORMAL,,场上每有一名术师干员，所有敌人受到的法术伤害+12%（最多叠加8次）,独奏虽有可取之处，合唱才能毁灭一切。,,,,,是,,rogue_3_relic_book_7,https://prts.wiki/index.php?title=Special:Redirect/file/%E6%94%B6%E8%97%8F%E5%93%81_%E6%8E%A2%E7%B4%A2%E8%80%85%E7%9A%84%E9%93%B6%E5%87%87%E6%AD%A2%E5%A2%83_251.png
../../Assets/_Game/Resources/RogueRelics/Icons/rogue_3/rogue_3_relic_book_10.png,锈刃-扰袭,IS4,探索者的银凇止境,254,NORMAL,,场上每有一名特种干员，所有敌方单位的移动速度-5%（最多叠加8次）,就像切香肠一样，每次只耽误敌人一点，等到他们回过神来，早已无计可施。,,,,,是,,rogue_3_relic_book_10,https://prts.wiki/index.php?title=Special:Redirect/file/%E6%94%B6%E8%97%8F%E5%93%81_%E6%8E%A2%E7%B4%A2%E8%80%85%E7%9A%84%E9%93%B6%E5%87%87%E6%AD%A2%E5%A2%83_254.png
../../Assets/_Game/Resources/RogueRelics/Icons/rogue_3/rogue_3_relic_fight_27.png,掌上楼阁,IS4,探索者的银凇止境,255,SUPER_RARE,,所有干员的阻挡数+1，在场上停留60秒后阻挡数额外+1,土木天师的杰作，一手可握，但掷于地面便是天机阁下楼外楼。原是天师府不传之秘，如今在量产后广泛运用于冰原驻守与探险任务中。,在不损失目标生命的情况下胜利紧急作战【事不过四】,,,,是,,rogue_3_relic_fight_27,https://prts.wiki/index.php?title=Special:Redirect/file/%E6%94%B6%E8%97%8F%E5%93%81_%E6%8E%A2%E7%B4%A2%E8%80%85%E7%9A%84%E9%93%B6%E5%87%87%E6%AD%A2%E5%A2%83_255.png
../../Assets/_Game/Resources/RogueRelics/Icons/rogue_3/rogue_3_relic_fight_32.png,破落盟约,IS4,探索者的银凇止境,260,SUPER_RARE,,所有干员受到来自【萨卡兹】和【宿主】敌人的伤害减少50%,在他人眼中萨卡兹究竟是什么？或许这件物品就能说明一切。,,,,,是,,rogue_3_relic_fight_32,https://prts.wiki/index.php?title=Special:Redirect/file/%E6%94%B6%E8%97%8F%E5%93%81_%E6%8E%A2%E7%B4%A2%E8%80%85%E7%9A%84%E9%93%B6%E5%87%87%E6%AD%A2%E5%A2%83_260.png
../../Assets/_Game/Resources/RogueRelics/Icons/rogue_3/rogue_3_relic_fight_33.png,范式中和仪,IS4,探索者的银凇止境,261,RARE,,处于【国度】中的敌方单位攻击速度-30,乌萨斯当然不愿向他国透露任何与内卫相关的研究，但毕竟事关对邪魔源头的探索，在多国施压下，乌萨斯最终还是分享了部分秘密技术。,,,,,是,,rogue_3_relic_fight_33,https://prts.wiki/index.php?title=Special:Redirect/file/%E6%94%B6%E8%97%8F%E5%93%81_%E6%8E%A2%E7%B4%A2%E8%80%85%E7%9A%84%E9%93%B6%E5%87%87%E6%AD%A2%E5%A2%83_261.png
../../Assets/_Game/Resources/RogueRelics/Icons/rogue_3/rogue_3_relic_fight_35.png,黑洞协议,IS4,探索者的银凇止境,263,RARE,,部署费用达到上限时，所有干员的生命值+150%,这是一场史无前例的联合行动。泰拉诸国都在极北的巨构前投入了大量资源，为了保证成果不被隐瞒或滥用，非政府组织罗德岛成了该行动的实际管理者。,在不损失目标生命的情况下胜利紧急作战【还之彼身】,,,,是,,rogue_3_relic_fight_35,https://prts.wiki/index.php?title=Special:Redirect/file/%E6%94%B6%E8%97%8F%E5%93%81_%E6%8E%A2%E7%B4%A2%E8%80%85%E7%9A%84%E9%93%B6%E5%87%87%E6%AD%A2%E5%A2%83_263.png
../../Assets/_Game/Resources/RogueRelics/Icons/rogue_4/rogue_4_relic_legacy_40.png,演员的首饰盒,IS5,萨卡兹的无终奇语,017,RARE,,立即获得源石锭+18,装满了各种碎裂首饰的盒子，年轻的主演佩戴着这些珠宝登台，然后从最高处纵身跃下。,,,,,是,,rogue_4_relic_legacy_40,https://prts.wiki/index.php?title=Special:Redirect/file/%E6%94%B6%E8%97%8F%E5%93%81_%E8%90%A8%E5%8D%A1%E5%85%B9%E7%9A%84%E6%97%A0%E7%BB%88%E5%A5%87%E8%AF%AD_017.png
../../Assets/_Game/Resources/RogueRelics/Icons/rogue_4/rogue_4_relic_legacy_176.png,幸运硬币,IS5,萨卡兹的无终奇语,024,RARE,,每进入一个非战斗节点，源石锭+2,在罗德岛捡到的硬币，捡到一枚就能捡到很多枚。,,,,,是,,rogue_4_relic_legacy_176,https://prts.wiki/index.php?title=Special:Redirect/file/%E6%94%B6%E8%97%8F%E5%93%81_%E8%90%A8%E5%8D%A1%E5%85%B9%E7%9A%84%E6%97%A0%E7%BB%88%E5%A5%87%E8%AF%AD_024.png
../../Assets/_Game/Resources/RogueRelics/Icons/rogue_4/rogue_4_relic_legacy_183.png,莱塔尼亚荣誉勋章,IS5,萨卡兹的无终奇语,025,RARE,,战斗获得的指挥经验+30%,两位女皇很少同做一件事，为创造艺术的人授勋，这是其中一件。,,,,,是,,rogue_4_relic_legacy_183,https://prts.wiki/index.php?title=Special:Redirect/file/%E6%94%B6%E8%97%8F%E5%93%81_%E8%90%A8%E5%8D%A1%E5%85%B9%E7%9A%84%E6%97%A0%E7%BB%88%E5%A5%87%E8%AF%AD_025.png
../../Assets/_Game/Resources/RogueRelics/Icons/rogue_4/rogue_4_relic_explore_4.png,沉眠同胞,IS5,萨卡兹的无终奇语,026,SUPER_RARE,,希望+5，此收藏品在失与得交换时额外获得1个收藏品,迷失于银色山脉的萨卡兹以休眠自保。它沉睡了太久，以至于自我都消失殆尽，直到那命中注定的同胞将其唤醒，它将成为另一个他。,,,,,是,,rogue_4_relic_explore_4,https://prts.wiki/index.php?title=Special:Redirect/file/%E6%94%B6%E8%97%8F%E5%93%81_%E8%90%A8%E5%8D%A1%E5%85%B9%E7%9A%84%E6%97%A0%E7%BB%88%E5%A5%87%E8%AF%AD_026.png
../../Assets/_Game/Resources/RogueRelics/Icons/rogue_4/rogue_4_relic_legacy_31.png,石像鬼塑像,IS5,萨卡兹的无终奇语,037,NORMAL,,目标生命上限+3,一个手掌大小的雕像，听说是石像鬼们表示友好的造物。,,,,,是,,rogue_4_relic_legacy_31,https://prts.wiki/index.php?title=Special:Redirect/file/%E6%94%B6%E8%97%8F%E5%93%81_%E8%90%A8%E5%8D%A1%E5%85%B9%E7%9A%84%E6%97%A0%E7%BB%88%E5%A5%87%E8%AF%AD_037.png
../../Assets/_Game/Resources/RogueRelics/Icons/rogue_4/rogue_4_relic_res_1.png,一袋构想,IS5,萨卡兹的无终奇语,051,NORMAL,,立即获得3缕构想,像“这里要盖一座桥”“那里要种上花”“该把这墙炸开”这类想法，就适合装进袋子里，这样当需要的时候就可以拿出来用。,,,,,是,,rogue_4_relic_res_1,https://prts.wiki/index.php?title=Special:Redirect/file/%E6%94%B6%E8%97%8F%E5%93%81_%E8%90%A8%E5%8D%A1%E5%85%B9%E7%9A%84%E6%97%A0%E7%BB%88%E5%A5%87%E8%AF%AD_051.png
../../Assets/_Game/Resources/RogueRelics/Icons/rogue_4/rogue_4_relic_res_4.png,铭记的贺礼,IS5,萨卡兹的无终奇语,052,NORMAL,,负荷临界点+5,这是河谷中永远闪烁着波光的水，由菈玛莲·杜康珐丽丝在奇迹降临后的日子里亲手盛装。再之后，“编织泪水的河谷主母”喜笑颜开地把这些小瓶送给了许多亲朋姐妹。,,,,,是,,rogue_4_relic_res_4,https://prts.wiki/index.php?title=Special:Redirect/file/%E6%94%B6%E8%97%8F%E5%93%81_%E8%90%A8%E5%8D%A1%E5%85%B9%E7%9A%84%E6%97%A0%E7%BB%88%E5%A5%87%E8%AF%AD_052.png
../../Assets/_Game/Resources/RogueRelics/Icons/rogue_4/rogue_4_relic_res_5.png,遭诅战史集,IS5,萨卡兹的无终奇语,053,RARE,,负荷临界点+2，每次完美作战后，负荷临界点+1,这本战史集被放在图书馆最深处，每个试图去阅读的人都会被卷入它所记载的无数战役，在徒劳的抵抗中精神崩溃。但死魂灵长者的手洞穿战场，直接将这位附身书中的同胞封入了自己的骨骸中。,,,,,是,,rogue_4_relic_res_5,https://prts.wiki/index.php?title=Special:Redirect/file/%E6%94%B6%E8%97%8F%E5%93%81_%E8%90%A8%E5%8D%A1%E5%85%B9%E7%9A%84%E6%97%A0%E7%BB%88%E5%A5%87%E8%AF%AD_053.png
../../Assets/_Game/Resources/RogueRelics/Icons/rogue_4/rogue_4_relic_res_9.png,无名图腾,IS5,萨卡兹的无终奇语,055,RARE,,立刻获得3缕不同种类的思绪,这图腾竖立在路口，走近的人会用双脚在大地上一遍遍踩出死魂灵模糊的现实轮廓，直至鞋底磨穿，双脚见血，力竭而亡。死魂灵长者踩碎了同胞的附身物，将其封入了自己的骨骸中。,在“印象重建”中固化【去伪存真】节点2次,,,,是,,rogue_4_relic_res_9,https://prts.wiki/index.php?title=Special:Redirect/file/%E6%94%B6%E8%97%8F%E5%93%81_%E8%90%A8%E5%8D%A1%E5%85%B9%E7%9A%84%E6%97%A0%E7%BB%88%E5%A5%87%E8%AF%AD_055.png
../../Assets/_Game/Resources/RogueRelics/Icons/rogue_4/rogue_4_relic_res_10.png,死魂灵残躯,IS5,萨卡兹的无终奇语,056,RARE,,希望+2，每个节点可刷新次数+1,失去身体，成为彷徨的幽魂。这就是部分萨卡兹为了族群的未来自愿付出的代价。,,,,,是,,rogue_4_relic_res_10,https://prts.wiki/index.php?title=Special:Redirect/file/%E6%94%B6%E8%97%8F%E5%93%81_%E8%90%A8%E5%8D%A1%E5%85%B9%E7%9A%84%E6%97%A0%E7%BB%88%E5%A5%87%E8%AF%AD_056.png
../../Assets/_Game/Resources/RogueRelics/Icons/rogue_4/rogue_4_relic_res_11.png,魔术匣,IS5,萨卡兹的无终奇语,057,NORMAL,,源石锭+4，负荷临界点+2,这个外表平平无奇的匣子肆意摄取着人们的心魄，见到它的人会迫不及待杀死拥有者将之据为己有。人类死绝后，动物们成了争夺的主角。最终，死魂灵长者从一只巨型岩角兽的胃中取出同胞，封入了自己的骨骸中。,,,,,是,,rogue_4_relic_res_11,https://prts.wiki/index.php?title=Special:Redirect/file/%E6%94%B6%E8%97%8F%E5%93%81_%E8%90%A8%E5%8D%A1%E5%85%B9%E7%9A%84%E6%97%A0%E7%BB%88%E5%A5%87%E8%AF%AD_057.png
../../Assets/_Game/Resources/RogueRelics/Icons/rogue_4/rogue_4_relic_res_13.png,没吃完的糖果,IS5,萨卡兹的无终奇语,058,NORMAL,,可携带干员+1，负荷临界点+2,“每吃下一颗糖，我就觉得自己身体的一部分不属于自己了。可我还想吃，还想吃......直到那个黑色的阴影出现，一把扯走了我身体里的怪物。但我精神里空缺的那部分，再也没能填上。”,,,,,是,,rogue_4_relic_res_13,https://prts.wiki/index.php?title=Special:Redirect/file/%E6%94%B6%E8%97%8F%E5%93%81_%E8%90%A8%E5%8D%A1%E5%85%B9%E7%9A%84%E6%97%A0%E7%BB%88%E5%A5%87%E8%AF%AD_058.png
../../Assets/_Game/Resources/RogueRelics/Icons/rogue_4/rogue_4_relic_legacy_1.png,突击协议-利刃,IS5,萨卡兹的无终奇语,059,NORMAL,,战斗编队中每有一名先锋和近卫干员，所有先锋和近卫干员的攻击力+8%,用最锋利的矛攻击最坚硬的盾，最后的结果肯定是盾碎了，相信我。,,,,,是,,rogue_4_relic_legacy_1,https://prts.wiki/index.php?title=Special:Redirect/file/%E6%94%B6%E8%97%8F%E5%93%81_%E8%90%A8%E5%8D%A1%E5%85%B9%E7%9A%84%E6%97%A0%E7%BB%88%E5%A5%87%E8%AF%AD_059.png
../../Assets/_Game/Resources/RogueRelics/Icons/rogue_4/rogue_4_relic_legacy_2.png,突击协议-散兵,IS5,萨卡兹的无终奇语,060,NORMAL,,战斗编队中每有一名先锋和近卫干员，所有先锋和近卫干员的防御力+10%,精巧的格挡技术才是保护自己身体的真髓。,,,,,是,,rogue_4_relic_legacy_2,https://prts.wiki/index.php?title=Special:Redirect/file/%E6%94%B6%E8%97%8F%E5%93%81_%E8%90%A8%E5%8D%A1%E5%85%B9%E7%9A%84%E6%97%A0%E7%BB%88%E5%A5%87%E8%AF%AD_060.png
../../Assets/_Game/Resources/RogueRelics/Icons/rogue_4/rogue_4_relic_legacy_3.png,堡垒协议-方阵,IS5,萨卡兹的无终奇语,061,NORMAL,,战斗编队中每有一名重装和辅助干员，所有重装和辅助干员的攻击力+8%,如同巨舰碾过碎石。,,,,,是,,rogue_4_relic_legacy_3,https://prts.wiki/index.php?title=Special:Redirect/file/%E6%94%B6%E8%97%8F%E5%93%81_%E8%90%A8%E5%8D%A1%E5%85%B9%E7%9A%84%E6%97%A0%E7%BB%88%E5%A5%87%E8%AF%AD_061.png
../../Assets/_Game/Resources/RogueRelics/Icons/rogue_4/rogue_4_relic_legacy_4.png,堡垒协议-固守,IS5,萨卡兹的无终奇语,062,NORMAL,,战斗编队中每有一名重装和辅助干员，所有重装和辅助干员的防御力+10%,用最锋利的矛攻击最坚硬的盾，最后的结果肯定是矛断了，相信我。,,,,,是,,rogue_4_relic_legacy_4,https://prts.wiki/index.php?title=Special:Redirect/file/%E6%94%B6%E8%97%8F%E5%93%81_%E8%90%A8%E5%8D%A1%E5%85%B9%E7%9A%84%E6%97%A0%E7%BB%88%E5%A5%87%E8%AF%AD_062.png
../../Assets/_Game/Resources/RogueRelics/Icons/rogue_4/rogue_4_relic_legacy_5.png,远程协议-遥击,IS5,萨卡兹的无终奇语,063,NORMAL,,战斗编队中每有一名医疗和狙击干员，所有医疗和狙击干员的攻击力+8%,能保持距离解决的问题，为什么要凑脸上去？,,,,,是,,rogue_4_relic_legacy_5,https://prts.wiki/index.php?title=Special:Redirect/file/%E6%94%B6%E8%97%8F%E5%93%81_%E8%90%A8%E5%8D%A1%E5%85%B9%E7%9A%84%E6%97%A0%E7%BB%88%E5%A5%87%E8%AF%AD_063.png
../../Assets/_Game/Resources/RogueRelics/Icons/rogue_4/rogue_4_relic_legacy_6.png,远程协议-克敌,IS5,萨卡兹的无终奇语,064,NORMAL,,战斗编队中每有一名医疗和狙击干员，所有医疗和狙击干员的攻击速度+6,距离太远分不清敌我？那就先射一轮，没躲开的就是敌人。,,,,,是,,rogue_4_relic_legacy_6,https://prts.wiki/index.php?title=Special:Redirect/file/%E6%94%B6%E8%97%8F%E5%93%81_%E8%90%A8%E5%8D%A1%E5%85%B9%E7%9A%84%E6%97%A0%E7%BB%88%E5%A5%87%E8%AF%AD_064.png
../../Assets/_Game/Resources/RogueRelics/Icons/rogue_4/rogue_4_relic_legacy_7.png,破坏协议-消除,IS5,萨卡兹的无终奇语,065,NORMAL,,战斗编队中每有一名术师和特种干员，所有术师和特种干员的攻击力+8%,外部的毁灭与内部的瓦解。,,,,,是,,rogue_4_relic_legacy_7,https://prts.wiki/index.php?title=Special:Redirect/file/%E6%94%B6%E8%97%8F%E5%93%81_%E8%90%A8%E5%8D%A1%E5%85%B9%E7%9A%84%E6%97%A0%E7%BB%88%E5%A5%87%E8%AF%AD_065.png
../../Assets/_Game/Resources/RogueRelics/Icons/rogue_4/rogue_4_relic_legacy_8.png,破坏协议-压制,IS5,萨卡兹的无终奇语,066,NORMAL,,战斗编队中每有一名术师和特种干员，所有术师和特种干员的攻击速度+6,不要在乎打得准不准，只要打得多，就是打得准！,,,,,是,,rogue_4_relic_legacy_8,https://prts.wiki/index.php?title=Special:Redirect/file/%E6%94%B6%E8%97%8F%E5%93%81_%E8%90%A8%E5%8D%A1%E5%85%B9%E7%9A%84%E6%97%A0%E7%BB%88%E5%A5%87%E8%AF%AD_066.png
../../Assets/_Game/Resources/RogueRelics/Icons/rogue_4/rogue_4_relic_legacy_60.png,奇渊面具,IS5,萨卡兹的无终奇语,068,RARE,,所有敌方单位的攻击力-12%,不属于所知的任何一个文化的古怪面具，会让人丧失战意......并不自觉地陷入长久的沉思。,,,,,是,,rogue_4_relic_legacy_60,https://prts.wiki/index.php?title=Special:Redirect/file/%E6%94%B6%E8%97%8F%E5%93%81_%E8%90%A8%E5%8D%A1%E5%85%B9%E7%9A%84%E6%97%A0%E7%BB%88%E5%A5%87%E8%AF%AD_068.png
../../Assets/_Game/Resources/RogueRelics/Icons/rogue_4/rogue_4_relic_legacy_65.png,镶金骨骰,IS5,萨卡兹的无终奇语,073,RARE,,所有敌方单位的生命-15%,镶金的骨骰只有一面刻着代表生存的印记，至于其他十九面......,,,,,是,,rogue_4_relic_legacy_65,https://prts.wiki/index.php?title=Special:Redirect/file/%E6%94%B6%E8%97%8F%E5%93%81_%E8%90%A8%E5%8D%A1%E5%85%B9%E7%9A%84%E6%97%A0%E7%BB%88%E5%A5%87%E8%AF%AD_073.png
../../Assets/_Game/Resources/RogueRelics/Icons/rogue_4/rogue_4_relic_legacy_128.png,古高卢银币,IS5,萨卡兹的无终奇语,105,NORMAL,,所有干员的初始技力+6,已灭亡国家“高卢”的流通货币，保存良好，收藏价值很高。,,,,,是,,rogue_4_relic_legacy_128,https://prts.wiki/index.php?title=Special:Redirect/file/%E6%94%B6%E8%97%8F%E5%93%81_%E8%90%A8%E5%8D%A1%E5%85%B9%E7%9A%84%E6%97%A0%E7%BB%88%E5%A5%87%E8%AF%AD_105.png
../../Assets/_Game/Resources/RogueRelics/Icons/rogue_4/rogue_4_relic_legacy_140.png,高闪相机,IS5,萨卡兹的无终奇语,117,RARE,,敌人受到的一次性晕眩、寒冷、冻结等异常效果影响时间提高110%,用这部相机拍摄的照片冲洗出来后基本上只有一片花白，隐约能够看到受害者扭曲的表情。,携带不小于3名辅助干员胜利一场战斗,,,,是,,rogue_4_relic_legacy_140,https://prts.wiki/index.php?title=Special:Redirect/file/%E6%94%B6%E8%97%8F%E5%93%81_%E8%90%A8%E5%8D%A1%E5%85%B9%E7%9A%84%E6%97%A0%E7%BB%88%E5%A5%87%E8%AF%AD_117.png
../../Assets/_Game/Resources/RogueRelics/Icons/rogue_4/rogue_4_relic_legacy_142.png,老蒲扇,IS5,萨卡兹的无终奇语,119,SUPER_RARE,,战斗编队中每有一个职业不同的干员，所有干员的攻击力+10%,遇上连天阴雨，大炎的老天师便会向亲友抱怨自己膝盖受不得湿寒，然后，随手扇动他的蒲扇......云开雾散，雨水退避，天气就此放晴。这一手，下回还得教教他那在大理寺当差的小徒弟。,拥有不小于20名干员时完成游戏结局,,,,是,,rogue_4_relic_legacy_142,https://prts.wiki/index.php?title=Special:Redirect/file/%E6%94%B6%E8%97%8F%E5%93%81_%E8%90%A8%E5%8D%A1%E5%85%B9%E7%9A%84%E6%97%A0%E7%BB%88%E5%A5%87%E8%AF%AD_119.png
../../Assets/_Game/Resources/RogueRelics/Icons/rogue_4/rogue_4_relic_legacy_160.png,空羽兽,IS5,萨卡兹的无终奇语,128,SUPER_RARE,,【召唤物】生命值+30%，攻击力+30%，且在场时使它所属的干员攻击力+60%,肉体早已消逝，灵魂于壳中永驻。枝叶间的不融生灵，带着冰凌于林中展翅。,,,,,是,,rogue_4_relic_legacy_160,https://prts.wiki/index.php?title=Special:Redirect/file/%E6%94%B6%E8%97%8F%E5%93%81_%E8%90%A8%E5%8D%A1%E5%85%B9%E7%9A%84%E6%97%A0%E7%BB%88%E5%A5%87%E8%AF%AD_128.png
../../Assets/_Game/Resources/RogueRelics/Icons/rogue_4/rogue_4_relic_legacy_177.png,眼熟的雕像,IS5,萨卡兹的无终奇语,139,NORMAL,,所有敌方单位的攻击速度-15,容貌相近，气质相异，你或许见过这个人？,,,,,是,,rogue_4_relic_legacy_177,https://prts.wiki/index.php?title=Special:Redirect/file/%E6%94%B6%E8%97%8F%E5%93%81_%E8%90%A8%E5%8D%A1%E5%85%B9%E7%9A%84%E6%97%A0%E7%BB%88%E5%A5%87%E8%AF%AD_139.png
../../Assets/_Game/Resources/RogueRelics/Icons/rogue_4/rogue_4_relic_legacy_178.png,“苦痛的快乐”,IS5,萨卡兹的无终奇语,140,NORMAL,,所有敌方单位的生命-15%，移动速度-15%,矿石病在剧团内蔓延，有人倒下，有人哭泣，有人乐不可支，有人一心书写。年轻人在这时收到他的成年礼物，他即将唱响身为演员的最后一支歌。,,,,,是,,rogue_4_relic_legacy_178,https://prts.wiki/index.php?title=Special:Redirect/file/%E6%94%B6%E8%97%8F%E5%93%81_%E8%90%A8%E5%8D%A1%E5%85%B9%E7%9A%84%E6%97%A0%E7%BB%88%E5%A5%87%E8%AF%AD_140.png
../../Assets/_Game/Resources/RogueRelics/Icons/rogue_4/rogue_4_relic_fight_3.png,文学的开端,IS5,萨卡兹的无终奇语,141,SUPER_RARE,,对【萨卡兹】敌人造成的物理与法术伤害提升50%,“阿卡姆·那坤·萨卡姆，那就是‘阿喃那’，是唯一的诅咒，是你未曾听见，便将要杀死你的语言。现在落泪吧！”,,,,,是,,rogue_4_relic_fight_3,https://prts.wiki/index.php?title=Special:Redirect/file/%E6%94%B6%E8%97%8F%E5%93%81_%E8%90%A8%E5%8D%A1%E5%85%B9%E7%9A%84%E6%97%A0%E7%BB%88%E5%A5%87%E8%AF%AD_141.png
../../Assets/_Game/Resources/RogueRelics/Icons/rogue_4/rogue_4_relic_fight_17.png,光环,IS5,萨卡兹的无终奇语,143,NORMAL,,【萨卡兹】敌人的移动速度-30%,“当我进入那扇门时，我的兄长已经现出圆环长出光翼。他转过身来，向我问了好。传来的语言像是一把钥匙，解开了我心头的苦难，于是，当我高声回话时，圆环完成了链接，我也由此启明。”,,,,,是,,rogue_4_relic_fight_17,https://prts.wiki/index.php?title=Special:Redirect/file/%E6%94%B6%E8%97%8F%E5%93%81_%E8%90%A8%E5%8D%A1%E5%85%B9%E7%9A%84%E6%97%A0%E7%BB%88%E5%A5%87%E8%AF%AD_143.png
../../Assets/_Game/Resources/RogueRelics/Icons/rogue_4/rogue_4_relic_book_5.png,锈刃-遗世独立,IS5,萨卡兹的无终奇语,179,SUPER_RARE,,【特种】干员周围4格没有其他友方角色时，攻击力+70%,孤独。,,,,,是,,rogue_4_relic_book_5,https://prts.wiki/index.php?title=Special:Redirect/file/%E6%94%B6%E8%97%8F%E5%93%81_%E8%90%A8%E5%8D%A1%E5%85%B9%E7%9A%84%E6%97%A0%E7%BB%88%E5%A5%87%E8%AF%AD_179.png
../../Assets/_Game/Resources/RogueRelics/Icons/rogue_4/rogue_4_relic_hand_5.png,奥秘之手,IS5,萨卡兹的无终奇语,185,SUPER_RARE,,【中坚术师】【本源术师】【巫役】每使用过一次技能，自身的技力自然回复速度+0.5/秒，最多叠加4层,寻寻觅觅，接近真相。,,,,,是,,rogue_4_relic_hand_5,https://prts.wiki/index.php?title=Special:Redirect/file/%E6%94%B6%E8%97%8F%E5%93%81_%E8%90%A8%E5%8D%A1%E5%85%B9%E7%9A%84%E6%97%A0%E7%BB%88%E5%A5%87%E8%AF%AD_185.png
../../Assets/_Game/Resources/RogueRelics/Icons/rogue_4/rogue_4_relic_hand_6.png,轰鸣之手,IS5,萨卡兹的无终奇语,186,SUPER_RARE,,【炮手】【阵法术师】【投掷手】每对一个单位造成伤害就使自身攻击力+15%，最高+150%，5秒未造成伤害则使加成清空,命中标的，撼动大地。,,,,,是,,rogue_4_relic_hand_6,https://prts.wiki/index.php?title=Special:Redirect/file/%E6%94%B6%E8%97%8F%E5%93%81_%E8%90%A8%E5%8D%A1%E5%85%B9%E7%9A%84%E6%97%A0%E7%BB%88%E5%A5%87%E8%AF%AD_186.png
../../Assets/_Game/Resources/RogueRelics/Icons/rogue_4/rogue_4_relic_legacy_162.png,Friston.P,IS5,萨卡兹的无终奇语,197,RARE,,每通过一场紧急作战，我方单位的攻击速度永久+5（最多叠加15层）,弗里斯顿当然不会错过探寻另一个前人类文明秘密的机会。哦，备份子思维这件事可露希尔并不知情，千万不要告诉她！,,,,,是,,rogue_4_relic_legacy_162,https://prts.wiki/index.php?title=Special:Redirect/file/%E6%94%B6%E8%97%8F%E5%93%81_%E8%90%A8%E5%8D%A1%E5%85%B9%E7%9A%84%E6%97%A0%E7%BB%88%E5%A5%87%E8%AF%AD_197.png
../../Assets/_Game/Resources/RogueRelics/Icons/rogue_4/rogue_4_relic_legacy_163.png,探索者背包,IS5,萨卡兹的无终奇语,198,RARE,,所有干员从异常状态恢复后，攻击力+60%并获得抵抗，持续15秒,他们总是会把一切利于生存的物资塞进背包里，然后带上那一往无前的决心与意志，挑战认知的边界。,,,,,是,,rogue_4_relic_legacy_163,https://prts.wiki/index.php?title=Special:Redirect/file/%E6%94%B6%E8%97%8F%E5%93%81_%E8%90%A8%E5%8D%A1%E5%85%B9%E7%9A%84%E6%97%A0%E7%BB%88%E5%A5%87%E8%AF%AD_198.png
../../Assets/_Game/Resources/RogueRelics/Icons/rogue_4/rogue_4_relic_legacy_164.png,米诺斯颂诗,IS5,萨卡兹的无终奇语,199,RARE,,每通过一场紧急作战，我方单位的生命值永久+5%（最多叠加15层）,“可有比远征无人之境更值得赞颂的壮举？如今便有一项，前往北方吧，去谱写英雄的篇章！”,,,,,是,,rogue_4_relic_legacy_164,https://prts.wiki/index.php?title=Special:Redirect/file/%E6%94%B6%E8%97%8F%E5%93%81_%E8%90%A8%E5%8D%A1%E5%85%B9%E7%9A%84%E6%97%A0%E7%BB%88%E5%A5%87%E8%AF%AD_199.png
../../Assets/_Game/Resources/RogueRelics/Icons/rogue_4/rogue_4_relic_legacy_174.png,投币玩具,IS5,萨卡兹的无终奇语,201,NORMAL,,每有5源石锭，所有我方单位的攻击速度+3,不知道为什么会有人喜欢这种造型，但整体的设计理念确实可圈可点——只要投币，就连石像都会动起来，千真万确。,,,,,是,,rogue_4_relic_legacy_174,https://prts.wiki/index.php?title=Special:Redirect/file/%E6%94%B6%E8%97%8F%E5%93%81_%E8%90%A8%E5%8D%A1%E5%85%B9%E7%9A%84%E6%97%A0%E7%BB%88%E5%A5%87%E8%AF%AD_201.png
../../Assets/_Game/Resources/RogueRelics/Icons/rogue_4/rogue_4_relic_legacy_175.png,骑士戒律·新编,IS5,萨卡兹的无终奇语,202,RARE,,每有5源石锭，所有我方单位的攻击速度+5,庄严宣誓那是过去的事儿了，现代骑士精神需要更加灵活的展现方式。在联络装置上输入你的编号，你便是名光荣的骑士。,,,,,是,,rogue_4_relic_legacy_175,https://prts.wiki/index.php?title=Special:Redirect/file/%E6%94%B6%E8%97%8F%E5%93%81_%E8%90%A8%E5%8D%A1%E5%85%B9%E7%9A%84%E6%97%A0%E7%BB%88%E5%A5%87%E8%AF%AD_202.png
../../Assets/_Game/Resources/RogueRelics/Icons/rogue_4/rogue_4_relic_legacy_187.png,人事部密信,IS5,萨卡兹的无终奇语,203,SUPER_RARE,,招募6星干员的希望消耗-2，招募时有概率出现全部随机直升的6星干员,“■■■给你的？哦那没事了。”,,,,,是,,rogue_4_relic_legacy_187,https://prts.wiki/index.php?title=Special:Redirect/file/%E6%94%B6%E8%97%8F%E5%93%81_%E8%90%A8%E5%8D%A1%E5%85%B9%E7%9A%84%E6%97%A0%E7%BB%88%E5%A5%87%E8%AF%AD_203.png
../../Assets/_Game/Resources/RogueRelics/Icons/rogue_4/rogue_4_relic_fight_1.png,“知识之桥”,IS5,萨卡兹的无终奇语,204,RARE,,每使用一缕灵感，所有友方干员的最大生命值+5%（最多叠加10层）,据说只要把它握住，它就会通过振动提示巫妖知识圣殿所在的方向。真的能这样到达知识圣殿的大门吗？它缄口不言。而未曾如此质疑的人，确实从未到达过那扇门。,,,,,是,,rogue_4_relic_fight_1,https://prts.wiki/index.php?title=Special:Redirect/file/%E6%94%B6%E8%97%8F%E5%93%81_%E8%90%A8%E5%8D%A1%E5%85%B9%E7%9A%84%E6%97%A0%E7%BB%88%E5%A5%87%E8%AF%AD_204.png
../../Assets/_Game/Resources/RogueRelics/Icons/rogue_4/rogue_4_relic_fight_9.png,私人巫术终端,IS5,萨卡兹的无终奇语,210,SUPER_RARE,,进入战斗时，如果使用了灵感，所有干员攻击速度+35,“我们沿用了‘提卡兹巫术’这个名字，以尊崇祖先在蒙昧时期的发现。但时至今日，它已是一门学科，渗入泰拉的方方面面，而我们对它的开发与探索，还远远没有到达尽头。”,,,,,是,,rogue_4_relic_fight_9,https://prts.wiki/index.php?title=Special:Redirect/file/%E6%94%B6%E8%97%8F%E5%93%81_%E8%90%A8%E5%8D%A1%E5%85%B9%E7%9A%84%E6%97%A0%E7%BB%88%E5%A5%87%E8%AF%AD_210.png
../../Assets/_Game/Resources/RogueRelics/Icons/rogue_4/rogue_4_relic_fight_10.png,原始痕迹,IS5,萨卡兹的无终奇语,211,SUPER_RARE,,进入战斗时，如果未使用灵感，所有干员费用-6,此类动物最为显著的变化是感染矿石病后产生的变异。除此以外，关于它们的记录在千百年间从未有过变化。,,,,,是,,rogue_4_relic_fight_10,https://prts.wiki/index.php?title=Special:Redirect/file/%E6%94%B6%E8%97%8F%E5%93%81_%E8%90%A8%E5%8D%A1%E5%85%B9%E7%9A%84%E6%97%A0%E7%BB%88%E5%A5%87%E8%AF%AD_211.png
../../Assets/_Game/Resources/RogueRelics/Icons/rogue_4/rogue_4_relic_fight_18.png,统帅肖像,IS5,萨卡兹的无终奇语,216,NORMAL,,所有我方单位的攻击力、最大生命值+10%，在险路恶敌中，攻击力、最大生命值额外+20%,画像中描绘了一位杰出之人，她让互相猜疑的君王握手言和，让语言不通的士兵并肩站立......如果她还活着，泰拉一统似乎也并非天方夜谭。,,,,,是,,rogue_4_relic_fight_18,https://prts.wiki/index.php?title=Special:Redirect/file/%E6%94%B6%E8%97%8F%E5%93%81_%E8%90%A8%E5%8D%A1%E5%85%B9%E7%9A%84%E6%97%A0%E7%BB%88%E5%A5%87%E8%AF%AD_216.png
../../Assets/_Game/Resources/RogueRelics/Icons/rogue_4/rogue_4_relic_fight_21.png,束灵骨,IS5,萨卡兹的无终奇语,217,RARE,,每携带一缕思绪，所有干员攻击力+3%,死魂灵长者用自己的骨骸做成了封印同族的囚笼，之后，他背负着自己曾经的身躯，在大地上搜捕散落在各处的死魂灵同胞。,,,,,是,,rogue_4_relic_fight_21,https://prts.wiki/index.php?title=Special:Redirect/file/%E6%94%B6%E8%97%8F%E5%93%81_%E8%90%A8%E5%8D%A1%E5%85%B9%E7%9A%84%E6%97%A0%E7%BB%88%E5%A5%87%E8%AF%AD_217.png
../../Assets/_Game/Resources/RogueRelics/Icons/rogue_4/rogue_4_relic_fight_22.png,生命熔炉之薪,IS5,萨卡兹的无终奇语,218,SUPER_RARE,,每携带一缕思绪，所有干员攻击力+5%,骨骸被掷入熔炉，火光瞬间从炉中迸发，死魂灵们纠缠在一起，将不甘、愤怒、平静、羞愧，尽数化作驱动卡兹戴尔的动力。,,,,,是,,rogue_4_relic_fight_22,https://prts.wiki/index.php?title=Special:Redirect/file/%E6%94%B6%E8%97%8F%E5%93%81_%E8%90%A8%E5%8D%A1%E5%85%B9%E7%9A%84%E6%97%A0%E7%BB%88%E5%A5%87%E8%AF%AD_218.png
../../Assets/_Game/Resources/RogueRelics/Icons/rogue_4/rogue_4_relic_res_2.png,无主的回忆,IS5,萨卡兹的无终奇语,220,SUPER_RARE,,立即获得上次探索遗留的最多5缕思绪,在被长者投入大熔炉的那一刻，一些死魂灵终于想起了自己的出身和责任，用誓言重新树立了信念；另一些则发出恍然而悟的咒骂，令火焰在炉壁上的回声更有力了几分。,,,,,是,,rogue_4_relic_res_2,https://prts.wiki/index.php?title=Special:Redirect/file/%E6%94%B6%E8%97%8F%E5%93%81_%E8%90%A8%E5%8D%A1%E5%85%B9%E7%9A%84%E6%97%A0%E7%BB%88%E5%A5%87%E8%AF%AD_220.png
../../Assets/_Game/Resources/RogueRelics/Icons/rogue_4/rogue_4_relic_res_3.png,探灵伯爵,IS5,萨卡兹的无终奇语,221,NORMAL,,负荷临界点+2，战斗后有概率掉落1缕构想,阿尔布雷希特·冯·蹊兽，蔷花圆号之塔的伯爵，愿为您效劳，承诺给您带回失落的财宝、隐藏的智慧！他只偶尔要求分得其中的一部分作为报酬，称这是为了他的妻子和儿女。,,,,,是,,rogue_4_relic_res_3,https://prts.wiki/index.php?title=Special:Redirect/file/%E6%94%B6%E8%97%8F%E5%93%81_%E8%90%A8%E5%8D%A1%E5%85%B9%E7%9A%84%E6%97%A0%E7%BB%88%E5%A5%87%E8%AF%AD_221.png
../../Assets/_Game/Resources/RogueRelics/Icons/rogue_4/rogue_4_relic_res_6.png,《神魂坚韧之歌》,IS5,萨卡兹的无终奇语,222,RARE,,每使用一缕灵感，护盾+1,歌里唱到，笞心魔天生能感应他人的恐惧，她索性把所感都诚实地讲了出来，别人却仍不肯放下那百般的戒备；后来，她练就了一身不用这个天赋克敌的好本领，却还是被冠上了“恶主”的名衔。,,,,,是,,rogue_4_relic_res_6,https://prts.wiki/index.php?title=Special:Redirect/file/%E6%94%B6%E8%97%8F%E5%93%81_%E8%90%A8%E5%8D%A1%E5%85%B9%E7%9A%84%E6%97%A0%E7%BB%88%E5%A5%87%E8%AF%AD_222.png
../../Assets/_Game/Resources/RogueRelics/Icons/rogue_4/rogue_4_relic_res_7.png,为五秒前准备的锚,IS5,萨卡兹的无终奇语,223,RARE,,进入战斗时，如果使用了灵感，战斗后会额外获得1缕灵感,年轻的巫妖时不时会为记不起五秒前乍现的灵感而感到烦恼，他于是制作了这个锚，好让自己以后可以把那些稍纵即逝的想法固定住。后来，他似乎没有再记起要使用这东西。,,,,,是,,rogue_4_relic_res_7,https://prts.wiki/index.php?title=Special:Redirect/file/%E6%94%B6%E8%97%8F%E5%93%81_%E8%90%A8%E5%8D%A1%E5%85%B9%E7%9A%84%E6%97%A0%E7%BB%88%E5%A5%87%E8%AF%AD_223.png
../../Assets/_Game/Resources/RogueRelics/Icons/rogue_4/rogue_4_relic_res_12.png,随身画笔,IS5,萨卡兹的无终奇语,224,NORMAL,,构想的负荷-1,画家拿上这支笔，蘸着自己画下一幅杰作，让见到画的人心甘情愿再来添上一笔。死魂灵长者走过满是画像的长廊，用它画下封印的符咒，随后将同胞封入了自己的骨骸中。,,,,,是,,rogue_4_relic_res_12,https://prts.wiki/index.php?title=Special:Redirect/file/%E6%94%B6%E8%97%8F%E5%93%81_%E8%90%A8%E5%8D%A1%E5%85%B9%E7%9A%84%E6%97%A0%E7%BB%88%E5%A5%87%E8%AF%AD_224.png
../../Assets/_Game/Resources/RogueRelics/Icons/rogue_4/rogue_4_relic_res_14.png,贪婪天平,IS5,萨卡兹的无终奇语,225,NORMAL,,当前所有思绪的负荷大于20时，每进入一个非战斗节点，源石锭+3,商人们将金钱，将珍宝，甚至将自己的性命与灵魂奉上，都无法平衡天平，拿到那轻如鸿毛的光点。死魂灵长者用自己的灵魂压碎了天平，将同胞封入了自己的骨骸中。,,,,,是,,rogue_4_relic_res_14,https://prts.wiki/index.php?title=Special:Redirect/file/%E6%94%B6%E8%97%8F%E5%93%81_%E8%90%A8%E5%8D%A1%E5%85%B9%E7%9A%84%E6%97%A0%E7%BB%88%E5%A5%87%E8%AF%AD_225.png
../../Assets/_Game/Resources/RogueRelics/Icons/rogue_4/rogue_4_relic_res_15.png,雕词錾刀,IS5,萨卡兹的无终奇语,226,NORMAL,,地图中的<年代之刺>与<饮泣之刺>的防御力下降50%,曾经是萨卡兹石匠惯用的工具。在恸哭之刺上錾刻祷词，据说可以平息死魂灵的怨怒。錾刀尚算锋利，祷词却已无人知晓。,,,,,是,,rogue_4_relic_res_15,https://prts.wiki/index.php?title=Special:Redirect/file/%E6%94%B6%E8%97%8F%E5%93%81_%E8%90%A8%E5%8D%A1%E5%85%B9%E7%9A%84%E6%97%A0%E7%BB%88%E5%A5%87%E8%AF%AD_226.png
../../Assets/_Game/Resources/RogueRelics/Icons/rogue_4/rogue_4_relic_res_16.png,思维捕手,IS5,萨卡兹的无终奇语,227,RARE,,每次解读后源石锭+1,去伪存真是个漫长的过程，总有一些想法会逸散出去。这时，这些经过专业训练的仆从就会立刻出击，将这些想法化作实在的财富。,在“印象重建”中固化【去伪存真】节点4次,,,,是,,rogue_4_relic_res_16,https://prts.wiki/index.php?title=Special:Redirect/file/%E6%94%B6%E8%97%8F%E5%93%81_%E8%90%A8%E5%8D%A1%E5%85%B9%E7%9A%84%E6%97%A0%E7%BB%88%E5%A5%87%E8%AF%AD_227.png
../../Assets/_Game/Resources/RogueRelics/Icons/rogue_4/rogue_4_relic_explore_2.png,希望时代的涂鸦,IS5,萨卡兹的无终奇语,228,SUPER_RARE,,希望+3，刷新节点时不再会出现紧急作战，在不期而遇中会发挥奇妙的效果,“我是个提卡兹孤儿，爸爸妈妈死于天灾，是隔壁的菲林叔叔一家收养了我，把我当作家里的一分子。我可以问心无愧地说，我是先民的后代。”,,,,,是,,rogue_4_relic_explore_2,https://prts.wiki/index.php?title=Special:Redirect/file/%E6%94%B6%E8%97%8F%E5%93%81_%E8%90%A8%E5%8D%A1%E5%85%B9%E7%9A%84%E6%97%A0%E7%BB%88%E5%A5%87%E8%AF%AD_228.png
../../Assets/_Game/Resources/RogueRelics/Icons/rogue_4/rogue_4_relic_explore_3.png,死仇时代的恨意,IS5,萨卡兹的无终奇语,229,SUPER_RARE,,所有友方单位和敌人攻击力+20%，刷新节点时更容易出现紧急作战，在不期而遇中会发挥奇妙的效果,“我的妹妹被血魔咬死，爸爸被食腐者带走，妈妈带着我逃了出来。我绝不会向萨卡兹妥协，就算要忏悔，也得等到它们彻底消失再说。”,,,,,是,,rogue_4_relic_explore_3,https://prts.wiki/index.php?title=Special:Redirect/file/%E6%94%B6%E8%97%8F%E5%93%81_%E8%90%A8%E5%8D%A1%E5%85%B9%E7%9A%84%E6%97%A0%E7%BB%88%E5%A5%87%E8%AF%AD_229.png
../../Assets/_Game/Resources/RogueRelics/Icons/rogue_4/rogue_4_relic_explore_5.png,牧驮人的摇铃,IS5,萨卡兹的无终奇语,230,SUPER_RARE,,驮兽旅行家加入队伍，在得偿所愿节点掉落战利品时，增加一个可选项,你用鞭子抽打，它会惊慌逃跑；你以缰绳拉扯，它会扭头抗拒。晃动摇铃，轻哼歌谣，它将随你走遍天涯。,,,,,是,,rogue_4_relic_explore_5,https://prts.wiki/index.php?title=Special:Redirect/file/%E6%94%B6%E8%97%8F%E5%93%81_%E8%90%A8%E5%8D%A1%E5%85%B9%E7%9A%84%E6%97%A0%E7%BB%88%E5%A5%87%E8%AF%AD_230.png
../../Assets/_Game/Resources/RogueRelics/Icons/rogue_4/rogue_4_relic_explore_6.png,美愿时代的留恋,IS5,萨卡兹的无终奇语,231,SUPER_RARE,,源石锭+10，刷新节点时更容易出现得偿所愿，在得偿所愿中会发挥奇妙的效果,“听说萨卡兹能够实现任何愿望，于是我执着地探求他们的秘密，如今看来，这成了他们苦难的开端。”,,,,,是,,rogue_4_relic_explore_6,https://prts.wiki/index.php?title=Special:Redirect/file/%E6%94%B6%E8%97%8F%E5%93%81_%E8%90%A8%E5%8D%A1%E5%85%B9%E7%9A%84%E6%97%A0%E7%BB%88%E5%A5%87%E8%AF%AD_231.png
../../Assets/_Game/Resources/RogueRelics/Icons/rogue_4/rogue_4_relic_explore_7.png,滚动先祖,IS5,萨卡兹的无终奇语,232,SUPER_RARE,,所有敌方单位的攻击速度+30，移动速度+30%，最大生命值+30%，可在虚实疆界中探索不同的险路恶敌,哦不，先祖们来了，先祖们想要体验更刺激的......,,,,,是,,rogue_4_relic_explore_7,https://prts.wiki/index.php?title=Special:Redirect/file/%E6%94%B6%E8%97%8F%E5%93%81_%E8%90%A8%E5%8D%A1%E5%85%B9%E7%9A%84%E6%97%A0%E7%BB%88%E5%A5%87%E8%AF%AD_232.png
../../Assets/_Game/Resources/RogueRelics/Icons/rogue_4/rogue_4_relic_encounter_1.png,血税之谜,IS5,萨卡兹的无终奇语,233,RARE,,所有友方单位和敌人的最大生命值减少35%，仅在诡谲断章中生效,“杜卡雷终究失败了，他挺身而出，仍没能阻止自己的兄弟丹索，殷红的锁链于是拴住了大地上的一切生灵。所以如今我们每走一步都会留下一道血的印痕，这血税就是为了还我们那时凭空欠下的债。”,,,,,是,,rogue_4_relic_encounter_1,https://prts.wiki/index.php?title=Special:Redirect/file/%E6%94%B6%E8%97%8F%E5%93%81_%E8%90%A8%E5%8D%A1%E5%85%B9%E7%9A%84%E6%97%A0%E7%BB%88%E5%A5%87%E8%AF%AD_233.png
../../Assets/_Game/Resources/RogueRelics/Icons/rogue_4/rogue_4_relic_encounter_2.png,结晶之谜,IS5,萨卡兹的无终奇语,234,RARE,,所有地面干员防御力+600，但部署后，冻结15秒，仅在诡谲断章中生效,“人们仿照‘石翼魔’，将‘防腐师’的后代称作‘冰翼魔’。他们拥有坚冰的力量与耐心，总和炎魔共事，互相弥补天性的缺点。但后来，他们全被卡尔纳巫狄卡所骗，为阻绝黑流下陷而再未回到地面。”,,,,,是,,rogue_4_relic_encounter_2,https://prts.wiki/index.php?title=Special:Redirect/file/%E6%94%B6%E8%97%8F%E5%93%81_%E8%90%A8%E5%8D%A1%E5%85%B9%E7%9A%84%E6%97%A0%E7%BB%88%E5%A5%87%E8%AF%AD_234.png
../../Assets/_Game/Resources/RogueRelics/Icons/rogue_4/rogue_4_relic_encounter_3.png,猜疑之谜,IS5,萨卡兹的无终奇语,235,RARE,,战斗后获得的源石锭翻倍，但失去目标生命值翻倍，仅在诡谲断章中生效,“杜拉喀姆公开质疑‘远逐者’对遗迹表现出的谨慎，带领子裔冲进了地下。预言说，他将崩解于‘万古不愈’的创伤，他的子裔将自称‘杜林’，他们的探井将深入大地之心，但将没有活人再能见到他们。”,,,,,是,,rogue_4_relic_encounter_3,https://prts.wiki/index.php?title=Special:Redirect/file/%E6%94%B6%E8%97%8F%E5%93%81_%E8%90%A8%E5%8D%A1%E5%85%B9%E7%9A%84%E6%97%A0%E7%BB%88%E5%A5%87%E8%AF%AD_235.png
../../Assets/_Game/Resources/RogueRelics/Icons/rogue_4/rogue_4_relic_encounter_4.png,惧傲之谜,IS5,萨卡兹的无终奇语,236,RARE,,初始部署费用+50，费用自然回复速度降低50%，仅在诡谲断章中生效,“‘大诳言者’曾造访此思维边界之地。她以多彩故事为此处风景增色，招待众萨卡兹来此讲古取乐，留下谜题若干，破解之即洞察历史。但时人都道‘笞心恶主所述皆为诳言’，故众萨卡兹离去后俱笃信其不真。”,,,,,是,,rogue_4_relic_encounter_4,https://prts.wiki/index.php?title=Special:Redirect/file/%E6%94%B6%E8%97%8F%E5%93%81_%E8%90%A8%E5%8D%A1%E5%85%B9%E7%9A%84%E6%97%A0%E7%BB%88%E5%A5%87%E8%AF%AD_236.png
../../Assets/_Game/Resources/RogueRelics/Icons/rogue_4/rogue_4_relic_encounter_5.png,预示之谜,IS5,萨卡兹的无终奇语,237,RARE,,战斗获得的指挥经验+20%，战斗时出现额外敌人，仅在诡谲断章中生效,“摩迩那剜去了自己的独眼，又请巫妖将自己放逐，试图让那偶尔瞥见的景象永久作废。自那以后，新降生的独眼巨人逐渐开始和其他萨卡兹一样，生有双眼。但那预言有人记录了下来，于是仍然应验。”,,,,,是,,rogue_4_relic_encounter_5,https://prts.wiki/index.php?title=Special:Redirect/file/%E6%94%B6%E8%97%8F%E5%93%81_%E8%90%A8%E5%8D%A1%E5%85%B9%E7%9A%84%E6%97%A0%E7%BB%88%E5%A5%87%E8%AF%AD_237.png
../../Assets/_Game/Resources/RogueRelics/Icons/rogue_4/rogue_4_relic_encounter_6.png,烙印之谜,IS5,萨卡兹的无终奇语,238,RARE,,所有干员初始技力+30，技力自然回复速度下降50%，仅在诡谲断章中生效,“在宗长的首肯之下，北风女巫卡莱莎开始教导食腐者们从永恒狩猎的恒律中汲取力量。而对孽茨雷来说，那是他臣民的理性战胜天性的开端。他超乎所有人预料的决定，让食腐者们在成为护灵者后仍继续尊他为宗长。”,,,,,是,,rogue_4_relic_encounter_6,https://prts.wiki/index.php?title=Special:Redirect/file/%E6%94%B6%E8%97%8F%E5%93%81_%E8%90%A8%E5%8D%A1%E5%85%B9%E7%9A%84%E6%97%A0%E7%BB%88%E5%A5%87%E8%AF%AD_238.png
../../Assets/_Game/Resources/RogueRelics/Icons/rogue_4/rogue_4_relic_encounter_7.png,宁静之谜,IS5,萨卡兹的无终奇语,239,RARE,,所有友方单位和敌人的攻击力减少25%，仅在诡谲断章中生效,“从阿尼尤斯山的山顶到海佩伦湖的湖心，遍布着无根之人的僧院。僧院依钟而作，亦依钟而息。那钟声仿佛出自万物之源，又回荡于亘古之中，使西图者罢返，令东掠者偃兵。维、卡两国由是至今无事。”,,,,,是,,rogue_4_relic_encounter_7,https://prts.wiki/index.php?title=Special:Redirect/file/%E6%94%B6%E8%97%8F%E5%93%81_%E8%90%A8%E5%8D%A1%E5%85%B9%E7%9A%84%E6%97%A0%E7%BB%88%E5%A5%87%E8%AF%AD_239.png
../../Assets/_Game/Resources/RogueRelics/Icons/rogue_4/rogue_4_relic_encounter_8.png,丝契之谜,IS5,萨卡兹的无终奇语,240,RARE,,干员周围8格存在其他干员时持续受到伤害，干员周围8格不存在其他干员时攻击速度+50，仅在诡谲断章中生效,“巫妖贝尔莎从小痴迷于古老知识中记载的‘其他种的萨卡兹’。在成为‘誊录’后次日，她便强行与实验动物签下巫术契约，开启其灵智，‘虫卡兹’真相如此。她的丝线现在还躲着，不敢见其他巫妖。”,,,,,是,,rogue_4_relic_encounter_8,https://prts.wiki/index.php?title=Special:Redirect/file/%E6%94%B6%E8%97%8F%E5%93%81_%E8%90%A8%E5%8D%A1%E5%85%B9%E7%9A%84%E6%97%A0%E7%BB%88%E5%A5%87%E8%AF%AD_240.png
../../Assets/_Game/Resources/RogueRelics/Icons/rogue_4/rogue_4_relic_final_1.png,巴别塔誓言,IS5,萨卡兹的无终奇语,247,SUPER_RARE,,所有干员的费用+3，让探索开启不同的方向,“巴别塔”由两位萨卡兹的魔王直接领导，在军事、科技、医疗等领域皆有建树。其最初，也是最终的目的，在于通过任何手段消灭战争本身。,完成游戏结局,,,,是,,rogue_4_relic_final_1,https://prts.wiki/index.php?title=Special:Redirect/file/%E6%94%B6%E8%97%8F%E5%93%81_%E8%90%A8%E5%8D%A1%E5%85%B9%E7%9A%84%E6%97%A0%E7%BB%88%E5%A5%87%E8%AF%AD_247.png
../../Assets/_Game/Resources/RogueRelics/Icons/rogue_4/rogue_4_relic_final_2.png,先知长角,IS5,萨卡兹的无终奇语,248,SUPER_RARE,,刷新节点时出现命运所指，在诡谲断章中无法生效,征服神民与先民的并不是铳械，而是律法。很快，“提卡兹”这个词的意义超越了种族，而卡兹戴尔，也就此成为众生的家园。,完成游戏结局,,,,是,,rogue_4_relic_final_2,https://prts.wiki/index.php?title=Special:Redirect/file/%E6%94%B6%E8%97%8F%E5%93%81_%E8%90%A8%E5%8D%A1%E5%85%B9%E7%9A%84%E6%97%A0%E7%BB%88%E5%A5%87%E8%AF%AD_248.png
../../Assets/_Game/Resources/RogueRelics/Icons/rogue_4/rogue_4_relic_final_3.png,十戒,IS5,萨卡兹的无终奇语,249,SUPER_RARE,,尊主的残影最大生命值下降50%,比起借助魔王的力量，阿米娅更希望用自己的力量来改变大地。她拒绝了魔王的好意，带着她特有的坚韧与决心行走在泰拉诸国间，救死扶伤，呼吁和平，直到矿石病夺走她的生命。,,,,,是,,rogue_4_relic_final_3,https://prts.wiki/index.php?title=Special:Redirect/file/%E6%94%B6%E8%97%8F%E5%93%81_%E8%90%A8%E5%8D%A1%E5%85%B9%E7%9A%84%E6%97%A0%E7%BB%88%E5%A5%87%E8%AF%AD_249.png
../../Assets/_Game/Resources/RogueRelics/Icons/rogue_4/rogue_4_relic_final_4.png,时与光,IS5,萨卡兹的无终奇语,250,SUPER_RARE,,年代会更频繁地出现，思绪的负荷+1，让探索开启不同的方向,唤醒律法的第一声狂嚎。,,,,,是,,rogue_4_relic_final_4,https://prts.wiki/index.php?title=Special:Redirect/file/%E6%94%B6%E8%97%8F%E5%93%81_%E8%90%A8%E5%8D%A1%E5%85%B9%E7%9A%84%E6%97%A0%E7%BB%88%E5%A5%87%E8%AF%AD_250.png
../../Assets/_Game/Resources/RogueRelics/Icons/rogue_4/rogue_4_relic_final_5.png,片瓣,IS5,萨卡兹的无终奇语,251,SUPER_RARE,,战斗获得的指挥经验与源石锭-50%，在狭路相逢中会有奇妙的效果,了悟。,【内容拓展 · 一】后，完成一次游戏结局,,,,是,,rogue_4_relic_final_5,https://prts.wiki/index.php?title=Special:Redirect/file/%E6%94%B6%E8%97%8F%E5%93%81_%E8%90%A8%E5%8D%A1%E5%85%B9%E7%9A%84%E6%97%A0%E7%BB%88%E5%A5%87%E8%AF%AD_251.png
../../Assets/_Game/Resources/RogueRelics/Icons/rogue_4/rogue_4_relic_final_6.png,阿纳萨羯磨,IS5,萨卡兹的无终奇语,252,SUPER_RARE,,领袖与精英敌人最大生命值+50%，使虚实疆界中的险路恶敌更加艰难，让探索开启不同的方向,他的心性已变，他的利剑已碎，但身上的结晶无时无刻不在提醒着他，修行尚未结束。,【内容拓展 · 一】后，完成一次游戏结局,,,,是,,rogue_4_relic_final_6,https://prts.wiki/index.php?title=Special:Redirect/file/%E6%94%B6%E8%97%8F%E5%93%81_%E8%90%A8%E5%8D%A1%E5%85%B9%E7%9A%84%E6%97%A0%E7%BB%88%E5%A5%87%E8%AF%AD_252.png
../../Assets/_Game/Resources/RogueRelics/Icons/rogue_4/rogue_4_relic_final_7.png,预言显像,IS5,萨卡兹的无终奇语,253,SUPER_RARE,,终曲合声会在作战中出现,你一定听说过这样一段文字：“我见你，头顶黑冠，将千万生灵，熬成回忆......”,【内容拓展 · 二】后，完成一次游戏结局,,,,是,,rogue_4_relic_final_7,https://prts.wiki/index.php?title=Special:Redirect/file/%E6%94%B6%E8%97%8F%E5%93%81_%E8%90%A8%E5%8D%A1%E5%85%B9%E7%9A%84%E6%97%A0%E7%BB%88%E5%A5%87%E8%AF%AD_253.png
../../Assets/_Game/Resources/RogueRelics/Icons/rogue_4/rogue_4_relic_final_11.png,无终之钥,IS5,萨卡兹的无终奇语,254,SUPER_RARE,,让探索开启不同的方向,经由你的泉涌灵思，故事从虚无中诞生；经由你的枯竭想象，阿米娅将要终止万物。你的思想能够成为反抗她的武器吗？,【内容拓展 · 二】后，完成一次游戏结局,,,,是,,rogue_4_relic_final_11,https://prts.wiki/index.php?title=Special:Redirect/file/%E6%94%B6%E8%97%8F%E5%93%81_%E8%90%A8%E5%8D%A1%E5%85%B9%E7%9A%84%E6%97%A0%E7%BB%88%E5%A5%87%E8%AF%AD_254.png
../../Assets/_Game/Resources/RogueRelics/Icons/rogue_4/rogue_4_relic_final_8.png,终结的骨架,IS5,萨卡兹的无终奇语,255,SUPER_RARE,,所有干员的部署费用+2，所有敌人受到的物理与法术伤害降低20%,到处是天灾，到处是战争。当救助本身都阻止不了死亡，所有医疗行为都只是仇恨的帮凶时，阿米娅只能徒劳且机械地“挽救生命”——这是她唯一能做的事。,【内容拓展 · 二】后，完成一次游戏结局,,,,是,,rogue_4_relic_final_8,https://prts.wiki/index.php?title=Special:Redirect/file/%E6%94%B6%E8%97%8F%E5%93%81_%E8%90%A8%E5%8D%A1%E5%85%B9%E7%9A%84%E6%97%A0%E7%BB%88%E5%A5%87%E8%AF%AD_255.png
../../Assets/_Game/Resources/RogueRelics/Icons/rogue_4/rogue_4_relic_final_9.png,终结的躯体,IS5,萨卡兹的无终奇语,256,SUPER_RARE,,所有干员的部署费用+2，所有敌人受到的物理与法术伤害降低20%，所有敌人攻击力+20%,阿米娅怀着悲伤看着眼前被封入“茧”中的人，他的一切在此定格，这样，他就再也不会疼痛，源石也不会夺走他的生命了。阿米娅不愿意去盲目使用这突然觉醒的力量，可现在......没有更好的选择了。,【内容拓展 · 二】后，完成一次游戏结局,,,,是,,rogue_4_relic_final_9,https://prts.wiki/index.php?title=Special:Redirect/file/%E6%94%B6%E8%97%8F%E5%93%81_%E8%90%A8%E5%8D%A1%E5%85%B9%E7%9A%84%E6%97%A0%E7%BB%88%E5%A5%87%E8%AF%AD_256.png
../../Assets/_Game/Resources/RogueRelics/Icons/rogue_4/rogue_4_relic_final_10.png,终结的实相,IS5,萨卡兹的无终奇语,257,SUPER_RARE,,所有干员的部署费用+2，所有敌人受到的物理与法术伤害降低20%，所有敌人攻击力+20%，最终战场上出现额外敌人,随着一切被封入“茧”中，时间在这里只作用于阿米娅一人，她会去寻找一切病源的解药——无论是生理的，还是心理的，她都想要治愈。在那之前，将是一场绝对孤独且几无尽头的长旅。阿米娅已经出发了。,【内容拓展 · 二】后，完成一次游戏结局,,,,是,,rogue_4_relic_final_10,https://prts.wiki/index.php?title=Special:Redirect/file/%E6%94%B6%E8%97%8F%E5%93%81_%E8%90%A8%E5%8D%A1%E5%85%B9%E7%9A%84%E6%97%A0%E7%BB%88%E5%A5%87%E8%AF%AD_257.png
../../Assets/_Game/Resources/RogueRelics/Icons/rogue_4/rogue_4_relic_fight_2.png,“讨魔义旗”,IS5,萨卡兹的无终奇语,260,SUPER_RARE,,所有干员对【萨卡兹】敌人造成伤害时回复2点技力,效忠伊比利亚的萨卡兹雇佣兵制作了它，用来屠戮效忠莱塔尼亚的萨卡兹雇佣兵。它现在的名字则是很多年后效忠维多利亚的萨卡兹雇佣兵捡到它时起的。,在多局游戏中累计击败领袖【凯尔希】2次,,,,是,,rogue_4_relic_fight_2,https://prts.wiki/index.php?title=Special:Redirect/file/%E6%94%B6%E8%97%8F%E5%93%81_%E8%90%A8%E5%8D%A1%E5%85%B9%E7%9A%84%E6%97%A0%E7%BB%88%E5%A5%87%E8%AF%AD_260.png
../../Assets/_Game/Resources/RogueRelics/Icons/rogue_4/rogue_4_relic_fight_5.png,“圣城之拥”,IS5,萨卡兹的无终奇语,261,NORMAL,,受到【萨卡兹】敌人的伤害降低35%,“哦，神圣的卡兹戴尔啊！愿你祝福我的子弹，如同你祝福长存的盟约一样；愿你连结我的铳口和目标，如同你连结你的萨科塔和萨卡兹一般！”,？？？,,,,是,,rogue_4_relic_fight_5,https://prts.wiki/index.php?title=Special:Redirect/file/%E6%94%B6%E8%97%8F%E5%93%81_%E8%90%A8%E5%8D%A1%E5%85%B9%E7%9A%84%E6%97%A0%E7%BB%88%E5%A5%87%E8%AF%AD_261.png
../../Assets/_Game/Resources/RogueRelics/Icons/rogue_4/rogue_4_relic_fight_16.png,“小方块”,IS5,萨卡兹的无终奇语,262,RARE,,所有我方单位最大生命值+10%，在狭路相逢中最大生命值额外+80%,巫妖们的超时空座驾，在非现实情境反而更加坚固。埃芒加德花了好久才修好它。,？？？,,,,是,,rogue_4_relic_fight_16,https://prts.wiki/index.php?title=Special:Redirect/file/%E6%94%B6%E8%97%8F%E5%93%81_%E8%90%A8%E5%8D%A1%E5%85%B9%E7%9A%84%E6%97%A0%E7%BB%88%E5%A5%87%E8%AF%AD_262.png
../../Assets/_Game/Resources/RogueRelics/Icons/rogue_4/rogue_4_relic_explore_1.png,“拱门”与“呼救”,IS5,萨卡兹的无终奇语,265,SUPER_RARE,,仅一次，在非区域最终战斗和领袖战中失败时不结束探索，且若当前不处于诡谲断章时进入一个特殊的诡谲断章,自古以来，卡兹戴尔便隐藏于北方的风雪中。独眼巨人带领着其他萨卡兹制造了这种拥有通灵力量的密文印章，危急时刻把它盖在冰雪上，就能躲藏进脚下巨兽的内心，避开“敌人”。,,,,,是,,rogue_4_relic_explore_1,https://prts.wiki/index.php?title=Special:Redirect/file/%E6%94%B6%E8%97%8F%E5%93%81_%E8%90%A8%E5%8D%A1%E5%85%B9%E7%9A%84%E6%97%A0%E7%BB%88%E5%A5%87%E8%AF%AD_265.png
../../Assets/_Game/Resources/RogueRelics/Icons/rogue_4/rogue_4_relic_curse_1.png,戈渎不语,IS5,萨卡兹的无终奇语,271,RARE,,所有敌方单位防御力+3000，但每次受到伤害时防御力下降100（最多下降30次）,他站在卡兹戴尔的最高处，自此化为石雕。神民霸主们见到黑冠后退却，萨卡兹们见到黑冠后喜悦。这名为“魔王”的奇观存在了很久，直至有一天，萨卡兹们忘却了魔王，亲手将它从塔顶上推下。,,,,,是,,rogue_4_relic_curse_1,https://prts.wiki/index.php?title=Special:Redirect/file/%E6%94%B6%E8%97%8F%E5%93%81_%E8%90%A8%E5%8D%A1%E5%85%B9%E7%9A%84%E6%97%A0%E7%BB%88%E5%A5%87%E8%AF%AD_271.png
../../Assets/_Game/Resources/RogueRelics/Icons/rogue_4/rogue_4_relic_curse_2.png,奎萨图什塔允诺,IS5,萨卡兹的无终奇语,272,RARE,,招募及进阶5星及以上干员的所需要的希望+1,每更迭一代，他都向自己的载体与子民承诺，会为萨卡兹改变现状。在那层层累积的希望与信任中，他将王冠安放在了圆环巨构上，叩响了星空之门。,,,,,是,,rogue_4_relic_curse_2,https://prts.wiki/index.php?title=Special:Redirect/file/%E6%94%B6%E8%97%8F%E5%93%81_%E8%90%A8%E5%8D%A1%E5%85%B9%E7%9A%84%E6%97%A0%E7%BB%88%E5%A5%87%E8%AF%AD_272.png
../../Assets/_Game/Resources/RogueRelics/Icons/rogue_4/rogue_4_relic_curse_3.png,霸迩萨狂言,IS5,萨卡兹的无终奇语,273,RARE,,精英及领袖敌人的生命值、防御力、攻击力+20%,熔岩顺从地跟随着霸迩萨的军队在大地上蔓延。他们不在乎神民霸主，也不在乎其他萨卡兹。这片大地是炎魔的大地，不需要容下别人，而作为炎魔的王，霸迩萨也无法容忍王冠落在别人的脑袋上。,,,,,是,,rogue_4_relic_curse_3,https://prts.wiki/index.php?title=Special:Redirect/file/%E6%94%B6%E8%97%8F%E5%93%81_%E8%90%A8%E5%8D%A1%E5%85%B9%E7%9A%84%E6%97%A0%E7%BB%88%E5%A5%87%E8%AF%AD_273.png
../../Assets/_Game/Resources/RogueRelics/Icons/rogue_4/rogue_4_relic_curse_4.png,以勒什呓语,IS5,萨卡兹的无终奇语,274,RARE,,所有干员的初始技力-20,唉，可怜的人啊，他无法理解王冠的伟力，以至成了一个傀儡。那卑微的自我再无展现的可能，口中说出的话语也不再出于自己的意志。他成了王冠觉醒的第一个牺牲品。,,,,,是,,rogue_4_relic_curse_4,https://prts.wiki/index.php?title=Special:Redirect/file/%E6%94%B6%E8%97%8F%E5%93%81_%E8%90%A8%E5%8D%A1%E5%85%B9%E7%9A%84%E6%97%A0%E7%BB%88%E5%A5%87%E8%AF%AD_274.png
../../Assets/_Game/Resources/RogueRelics/Icons/rogue_4/rogue_4_relic_curse_5.png,未叙魔王残片,IS5,萨卡兹的无终奇语,275,RARE,,负荷干员的攻击力-30%,知识圣殿的看守人以命结穿破生命的奥秘、疯狂的萨卡兹佣兵骑乘魂灵播撒混乱、恼人的兽主用熔炉建立商业帝国、古老的菲林戴上王冠征服自己的造物主......仍有许多故事折叠在思绪中，等待着被讲述。,,,,,是,,rogue_4_relic_curse_5,https://prts.wiki/index.php?title=Special:Redirect/file/%E6%94%B6%E8%97%8F%E5%93%81_%E8%90%A8%E5%8D%A1%E5%85%B9%E7%9A%84%E6%97%A0%E7%BB%88%E5%A5%87%E8%AF%AD_275.png
../../Assets/_Game/Resources/RogueRelics/Icons/rogue_4/rogue_4_relic_book_6.png,论断：近卫,IS5,萨卡兹的无终奇语,276,NORMAL,,每拥有一个仅在诡谲断章生效的收藏品，【近卫】干员的攻击力+20%，攻速+20,面对魂灵昭示的诸多谜题，近卫们挥舞武器将其剖开。,,,,,是,,rogue_4_relic_book_6,https://prts.wiki/index.php?title=Special:Redirect/file/%E6%94%B6%E8%97%8F%E5%93%81_%E8%90%A8%E5%8D%A1%E5%85%B9%E7%9A%84%E6%97%A0%E7%BB%88%E5%A5%87%E8%AF%AD_276.png
../../Assets/_Game/Resources/RogueRelics/Icons/rogue_4/rogue_4_relic_book_7.png,论断：先锋,IS5,萨卡兹的无终奇语,277,NORMAL,,每拥有一个仅在诡谲断章生效的收藏品，【先锋】干员的攻击力+20%，最大生命值+30%,面对魂灵昭示的诸多谜题，先锋们身先士卒突入其中。,,,,,是,,rogue_4_relic_book_7,https://prts.wiki/index.php?title=Special:Redirect/file/%E6%94%B6%E8%97%8F%E5%93%81_%E8%90%A8%E5%8D%A1%E5%85%B9%E7%9A%84%E6%97%A0%E7%BB%88%E5%A5%87%E8%AF%AD_277.png
../../Assets/_Game/Resources/RogueRelics/Icons/rogue_4/rogue_4_relic_book_8.png,论断：重装,IS5,萨卡兹的无终奇语,278,NORMAL,,每拥有一个仅在诡谲断章生效的收藏品，【重装】干员的防御力+20%，最大生命值+30%,面对魂灵昭示的诸多谜题，重装们做好防御稳步推进。,,,,,是,,rogue_4_relic_book_8,https://prts.wiki/index.php?title=Special:Redirect/file/%E6%94%B6%E8%97%8F%E5%93%81_%E8%90%A8%E5%8D%A1%E5%85%B9%E7%9A%84%E6%97%A0%E7%BB%88%E5%A5%87%E8%AF%AD_278.png
../../Assets/_Game/Resources/RogueRelics/Icons/rogue_4/rogue_4_relic_book_9.png,论断：狙击,IS5,萨卡兹的无终奇语,279,NORMAL,,每拥有一个仅在诡谲断章生效的收藏品，【狙击】干员的攻击力+20%，攻速+20,面对魂灵昭示的诸多谜题，狙击们调整距离倾泻火力。,,,,,是,,rogue_4_relic_book_9,https://prts.wiki/index.php?title=Special:Redirect/file/%E6%94%B6%E8%97%8F%E5%93%81_%E8%90%A8%E5%8D%A1%E5%85%B9%E7%9A%84%E6%97%A0%E7%BB%88%E5%A5%87%E8%AF%AD_279.png
../../Assets/_Game/Resources/RogueRelics/Icons/rogue_4/rogue_4_relic_book_10.png,论断：特种,IS5,萨卡兹的无终奇语,280,NORMAL,,每拥有一个仅在诡谲断章生效的收藏品，【特种】干员的攻击力+20%，最大生命值+30%,面对魂灵昭示的诸多谜题，特种们快速部署直冲要害。,,,,,是,,rogue_4_relic_book_10,https://prts.wiki/index.php?title=Special:Redirect/file/%E6%94%B6%E8%97%8F%E5%93%81_%E8%90%A8%E5%8D%A1%E5%85%B9%E7%9A%84%E6%97%A0%E7%BB%88%E5%A5%87%E8%AF%AD_280.png
../../Assets/_Game/Resources/RogueRelics/Icons/rogue_4/rogue_4_relic_book_11.png,论断：医疗,IS5,萨卡兹的无终奇语,281,NORMAL,,每拥有一个仅在诡谲断章生效的收藏品，【医疗】干员的攻击力+50%,面对魂灵昭示的诸多谜题，医疗们耐心治疗等待转机。,,,,,是,,rogue_4_relic_book_11,https://prts.wiki/index.php?title=Special:Redirect/file/%E6%94%B6%E8%97%8F%E5%93%81_%E8%90%A8%E5%8D%A1%E5%85%B9%E7%9A%84%E6%97%A0%E7%BB%88%E5%A5%87%E8%AF%AD_281.png
../../Assets/_Game/Resources/RogueRelics/Icons/rogue_4/rogue_4_relic_book_12.png,论断：术师,IS5,萨卡兹的无终奇语,282,NORMAL,,每拥有一个仅在诡谲断章生效的收藏品，【术师】干员的攻击力+20%，攻速+20,面对魂灵昭示的诸多谜题，术师们施放技艺分解构造。,,,,,是,,rogue_4_relic_book_12,https://prts.wiki/index.php?title=Special:Redirect/file/%E6%94%B6%E8%97%8F%E5%93%81_%E8%90%A8%E5%8D%A1%E5%85%B9%E7%9A%84%E6%97%A0%E7%BB%88%E5%A5%87%E8%AF%AD_282.png
../../Assets/_Game/Resources/RogueRelics/Icons/rogue_4/rogue_4_relic_book_13.png,论断：辅助,IS5,萨卡兹的无终奇语,283,NORMAL,,每拥有一个仅在诡谲断章生效的收藏品，【辅助】干员的攻击力+50%,面对魂灵昭示的诸多谜题，辅助们别出心裁提供巧思。,,,,,是,,rogue_4_relic_book_13,https://prts.wiki/index.php?title=Special:Redirect/file/%E6%94%B6%E8%97%8F%E5%93%81_%E8%90%A8%E5%8D%A1%E5%85%B9%E7%9A%84%E6%97%A0%E7%BB%88%E5%A5%87%E8%AF%AD_283.png
../../Assets/_Game/Resources/RogueRelics/Icons/rogue_4/rogue_4_relic_fight_24.png,衣卡兹,IS5,萨卡兹的无终奇语,285,RARE,,干员首次技能结束后立刻获得30点技力,借由穿戴它的生物间激烈的竞争与攀比行为，衣卡兹群体正在茁壮成长。,,,,,是,,rogue_4_relic_fight_24,https://prts.wiki/index.php?title=Special:Redirect/file/%E6%94%B6%E8%97%8F%E5%93%81_%E8%90%A8%E5%8D%A1%E5%85%B9%E7%9A%84%E6%97%A0%E7%BB%88%E5%A5%87%E8%AF%AD_285.png
../../Assets/_Game/Resources/RogueRelics/Icons/rogue_4/rogue_4_relic_fight_25.png,青涩眷恋,IS5,萨卡兹的无终奇语,286,SUPER_RARE,,每携带一缕思绪，所有干员最大生命值+3%，防御力+3%,未成形的想法如婴孩般眷恋创造者，它们狂热地护卫着造物主，直至灵光乍现，蜕变成形，离家远行。,,,,,是,,rogue_4_relic_fight_25,https://prts.wiki/index.php?title=Special:Redirect/file/%E6%94%B6%E8%97%8F%E5%93%81_%E8%90%A8%E5%8D%A1%E5%85%B9%E7%9A%84%E6%97%A0%E7%BB%88%E5%A5%87%E8%AF%AD_286.png
../../Assets/_Game/Resources/RogueRelics/Icons/rogue_4/rogue_4_relic_fight_26.png,咒仪溯兽,IS5,萨卡兹的无终奇语,287,RARE,,所有干员攻速+5，每次作战结束后消耗一个灵感，使所有干员攻速+5（可叠加10次）,奇想迸发的一瞬引来了这些生于谬误的野兽，它们毫无节制地吞食，直至时间破碎，悖论丛生。届时，它们便能产下新的幼崽。,【内容拓展 · 二】后，在多局游戏中累计胜利30场战斗,,,,是,,rogue_4_relic_fight_26,https://prts.wiki/index.php?title=Special:Redirect/file/%E6%94%B6%E8%97%8F%E5%93%81_%E8%90%A8%E5%8D%A1%E5%85%B9%E7%9A%84%E6%97%A0%E7%BB%88%E5%A5%87%E8%AF%AD_287.png
../../Assets/_Game/Resources/RogueRelics/Icons/rogue_4/rogue_4_relic_explore_8.png,罗德之门,IS5,萨卡兹的无终奇语,290,SUPER_RARE,,立即招募数名罗德岛预备干员，每场作战结束时，最后部署的干员会进入先行一步,这扇经过改造的“门”将两段故事紧紧连接到了一起，“门”的另一头是罗德戴尔——萨卡兹与感染者们的避风港。,,,,,是,,rogue_4_relic_explore_8,https://prts.wiki/index.php?title=Special:Redirect/file/%E6%94%B6%E8%97%8F%E5%93%81_%E8%90%A8%E5%8D%A1%E5%85%B9%E7%9A%84%E6%97%A0%E7%BB%88%E5%A5%87%E8%AF%AD_290.png
../../Assets/_Game/Resources/RogueRelics/Icons/rogue_4/rogue_4_relic_fight_27.png,王命凡形,IS5,萨卡兹的无终奇语,291,SUPER_RARE,,护盾值+3，将剩余的生命值上限全部转化为等量护盾值，之后将最大生命值变为1,王各有命，形亦不同。,,,,,是,,rogue_4_relic_fight_27,https://prts.wiki/index.php?title=Special:Redirect/file/%E6%94%B6%E8%97%8F%E5%93%81_%E8%90%A8%E5%8D%A1%E5%85%B9%E7%9A%84%E6%97%A0%E7%BB%88%E5%A5%87%E8%AF%AD_291.png
../../Assets/_Game/Resources/RogueRelics/Icons/rogue_4/rogue_4_relic_fight_29.png,死仇葬送者,IS5,萨卡兹的无终奇语,293,RARE,,思维负荷+5，作战中如果使用了死斗，完美作战后将再次获得死斗,不愿被仇恨蒙蔽双眼的人们铸造了这把武器，它揭示了一条道路——当源自暴力的恐惧压倒一切仇恨时，或许，在那之后，人们能有机会窥见和平的曙光。,,,,,是,,rogue_4_relic_fight_29,https://prts.wiki/index.php?title=Special:Redirect/file/%E6%94%B6%E8%97%8F%E5%93%81_%E8%90%A8%E5%8D%A1%E5%85%B9%E7%9A%84%E6%97%A0%E7%BB%88%E5%A5%87%E8%AF%AD_293.png
../../Assets/_Game/Resources/RogueRelics/Icons/rogue_4/rogue_4_relic_explore_9.png,笞心魔宝宝,IS5,萨卡兹的无终奇语,294,NORMAL,,希望+3，在失与得交换时希望额外+8,“哦，我的小可爱，不要在我心头上挠痒痒了，好吗？”,【内容拓展 · 二】后，在多局游戏中累计获得50希望,,,,是,,rogue_4_relic_explore_9,https://prts.wiki/index.php?title=Special:Redirect/file/%E6%94%B6%E8%97%8F%E5%93%81_%E8%90%A8%E5%8D%A1%E5%85%B9%E7%9A%84%E6%97%A0%E7%BB%88%E5%A5%87%E8%AF%AD_294.png
../../Assets/_Game/Resources/RogueRelics/Icons/rogue_4/rogue_4_relic_explore_10.png,财眼,IS5,萨卡兹的无终奇语,295,NORMAL,,源石锭+5，被派遣的队员可以额外带回5源石锭,“独眼巨人开眼见财”的谣言在萨卡兹消失千年后成了某种民俗文化。人们纷纷在家供上镶有独眼的圆盘，以求财运亨通、事事顺心。,【内容拓展 · 二】后，在多局游戏中累计获得150源石锭,,,,是,,rogue_4_relic_explore_10,https://prts.wiki/index.php?title=Special:Redirect/file/%E6%94%B6%E8%97%8F%E5%93%81_%E8%90%A8%E5%8D%A1%E5%85%B9%E7%9A%84%E6%97%A0%E7%BB%88%E5%A5%87%E8%AF%AD_295.png
../../Assets/_Game/Resources/RogueRelics/Icons/rogue_4/rogue_4_relic_fight_30.png,妙用涂鸦,IS5,萨卡兹的无终奇语,296,RARE,,每次敌人进入保护目标点后，立刻使全场干员获得20点技力,这些街头“艺术作品”经常会被巫妖们加上几笔，按他们的说法，主要是为了以更经济的形式增强城市街道防御。,【内容拓展 · 二】后，在多局游戏中累计损失25目标生命,,,,是,,rogue_4_relic_fight_30,https://prts.wiki/index.php?title=Special:Redirect/file/%E6%94%B6%E8%97%8F%E5%93%81_%E8%90%A8%E5%8D%A1%E5%85%B9%E7%9A%84%E6%97%A0%E7%BB%88%E5%A5%87%E8%AF%AD_296.png
../../Assets/_Game/Resources/RogueRelics/Icons/rogue_5/rogue_5_relic_legacy_119.png,被撬开的道具箱,IS6,岁的界园志异,007,NORMAL,,希望+4,剧团道具师的道具箱，从顶针到道具假人，一应物品应有尽有。,,,,,是,,rogue_5_relic_legacy_119,https://prts.wiki/index.php?title=Special:Redirect/file/%E6%94%B6%E8%97%8F%E5%93%81_%E5%B2%81%E7%9A%84%E7%95%8C%E5%9B%AD%E5%BF%97%E5%BC%82_007.png
../../Assets/_Game/Resources/RogueRelics/Icons/rogue_5/rogue_5_relic_legacy_124.png,万能钥匙,IS6,岁的界园志异,009,RARE,,希望+6,银质的老旧钥匙，可以用它打开任何一扇门。作为管理者，剧团管家自然要手握开启所有秘密的银钥。,,,,,是,,rogue_5_relic_legacy_124,https://prts.wiki/index.php?title=Special:Redirect/file/%E6%94%B6%E8%97%8F%E5%93%81_%E5%B2%81%E7%9A%84%E7%95%8C%E5%9B%AD%E5%BF%97%E5%BC%82_009.png
../../Assets/_Game/Resources/RogueRelics/Icons/rogue_5/rogue_5_relic_legacy_1.png,钝爪-典训,IS6,岁的界园志异,016,NORMAL,,立即进阶一个【先锋】干员（不消耗希望）,一套强有力的装备，一颗勇往直前的心。,,,,,是,,rogue_5_relic_legacy_1,https://prts.wiki/index.php?title=Special:Redirect/file/%E6%94%B6%E8%97%8F%E5%93%81_%E5%B2%81%E7%9A%84%E7%95%8C%E5%9B%AD%E5%BF%97%E5%BC%82_016.png
../../Assets/_Game/Resources/RogueRelics/Icons/rogue_5/rogue_5_relic_legacy_2.png,折戟-典训,IS6,岁的界园志异,017,NORMAL,,立即进阶一个【近卫】干员（不消耗希望）,有的人用剑是因为他们不会用弩也不会用法术。而有的人用剑，是因为只有用剑的必要。,,,,,是,,rogue_5_relic_legacy_2,https://prts.wiki/index.php?title=Special:Redirect/file/%E6%94%B6%E8%97%8F%E5%93%81_%E5%B2%81%E7%9A%84%E7%95%8C%E5%9B%AD%E5%BF%97%E5%BC%82_017.png
../../Assets/_Game/Resources/RogueRelics/Icons/rogue_5/rogue_5_relic_legacy_3.png,铁卫-典训,IS6,岁的界园志异,018,NORMAL,,立即进阶一个【重装】干员（不消耗希望）,划痕是荣耀，但那些碎如齑粉的战士，谁来铭记？,,,,,是,,rogue_5_relic_legacy_3,https://prts.wiki/index.php?title=Special:Redirect/file/%E6%94%B6%E8%97%8F%E5%93%81_%E5%B2%81%E7%9A%84%E7%95%8C%E5%9B%AD%E5%BF%97%E5%BC%82_018.png
../../Assets/_Game/Resources/RogueRelics/Icons/rogue_5/rogue_5_relic_legacy_4.png,残弩-典训,IS6,岁的界园志异,019,NORMAL,,立即进阶一个【狙击】干员（不消耗希望）,“要么，你们控制点火力。要么，你们搞对目标，好吗？”,,,,,是,,rogue_5_relic_legacy_4,https://prts.wiki/index.php?title=Special:Redirect/file/%E6%94%B6%E8%97%8F%E5%93%81_%E5%B2%81%E7%9A%84%E7%95%8C%E5%9B%AD%E5%BF%97%E5%BC%82_019.png
../../Assets/_Game/Resources/RogueRelics/Icons/rogue_5/rogue_5_relic_legacy_5.png,断杖-典训,IS6,岁的界园志异,020,NORMAL,,立即进阶一个【术师】干员（不消耗希望）,“看过某些术师干员的‘表演’后，我选择默默收起那本莱塔尼亚教材。”,,,,,是,,rogue_5_relic_legacy_5,https://prts.wiki/index.php?title=Special:Redirect/file/%E6%94%B6%E8%97%8F%E5%93%81_%E5%B2%81%E7%9A%84%E7%95%8C%E5%9B%AD%E5%BF%97%E5%BC%82_020.png
../../Assets/_Game/Resources/RogueRelics/Icons/rogue_5/rogue_5_relic_legacy_6.png,支柱-典训,IS6,岁的界园志异,021,NORMAL,,立即进阶一个【辅助】干员（不消耗希望）,他们行动的时候总是五花八门的。,,,,,是,,rogue_5_relic_legacy_6,https://prts.wiki/index.php?title=Special:Redirect/file/%E6%94%B6%E8%97%8F%E5%93%81_%E5%B2%81%E7%9A%84%E7%95%8C%E5%9B%AD%E5%BF%97%E5%BC%82_021.png
../../Assets/_Game/Resources/RogueRelics/Icons/rogue_5/rogue_5_relic_legacy_7.png,医者-典训,IS6,岁的界园志异,022,NORMAL,,立即进阶一个【医疗】干员（不消耗希望）,直到所有人都是医生，都能根治名为生活的病灶，直到那一刻我们才不需要医生。,,,,,是,,rogue_5_relic_legacy_7,https://prts.wiki/index.php?title=Special:Redirect/file/%E6%94%B6%E8%97%8F%E5%93%81_%E5%B2%81%E7%9A%84%E7%95%8C%E5%9B%AD%E5%BF%97%E5%BC%82_022.png
../../Assets/_Game/Resources/RogueRelics/Icons/rogue_5/rogue_5_relic_legacy_8.png,锈刃-典训,IS6,岁的界园志异,023,NORMAL,,立即进阶一个【特种】干员（不消耗希望）,在与特种干员们进行实战练习的时候，请做好充足的“没做好准备就被打了”的准备。,,,,,是,,rogue_5_relic_legacy_8,https://prts.wiki/index.php?title=Special:Redirect/file/%E6%94%B6%E8%97%8F%E5%93%81_%E5%B2%81%E7%9A%84%E7%95%8C%E5%9B%AD%E5%BF%97%E5%BC%82_023.png
../../Assets/_Game/Resources/RogueRelics/Icons/rogue_5/rogue_5_relic_legacy_9.png,游戏室管理员权限卡,IS6,岁的界园志异,024,NORMAL,,立即进阶一个干员（不消耗希望）,持有它，您就掌握了罗德岛的娱乐管理大权，请谨慎处理干员们种种奇怪的申请......以及每天关门。,,,,,是,,rogue_5_relic_legacy_9,https://prts.wiki/index.php?title=Special:Redirect/file/%E6%94%B6%E8%97%8F%E5%93%81_%E5%B2%81%E7%9A%84%E7%95%8C%E5%9B%AD%E5%BF%97%E5%BC%82_024.png
../../Assets/_Game/Resources/RogueRelics/Icons/rogue_5/rogue_5_relic_legacy_10.png,Miss.Christine摸摸券,IS6,岁的界园志异,025,RARE,,立即进阶两个干员（不消耗希望）,你已经获得了女士的准许！,,,,,是,,rogue_5_relic_legacy_10,https://prts.wiki/index.php?title=Special:Redirect/file/%E6%94%B6%E8%97%8F%E5%93%81_%E5%B2%81%E7%9A%84%E7%95%8C%E5%9B%AD%E5%BF%97%E5%BC%82_025.png
../../Assets/_Game/Resources/RogueRelics/Icons/rogue_5/rogue_5_relic_legacy_110.png,古旧钱币,IS6,岁的界园志异,031,NORMAL,,立即获得源石锭+10,生锈的古代钱币，已经无法辨认年代，这东西在泰拉荒地上随处可见。,,,,,是,,rogue_5_relic_legacy_110,https://prts.wiki/index.php?title=Special:Redirect/file/%E6%94%B6%E8%97%8F%E5%93%81_%E5%B2%81%E7%9A%84%E7%95%8C%E5%9B%AD%E5%BF%97%E5%BC%82_031.png
../../Assets/_Game/Resources/RogueRelics/Icons/rogue_5/rogue_5_relic_legacy_111.png,无瑕宝玉,IS6,岁的界园志异,032,SUPER_RARE,,立即获得源石锭+25,即便城池三度因其而毁，它也依然光洁无瑕，无可挑剔。持有它的萨尔贡皇帝直至今日都没想好用什么珠宝与之相衬，只有争斗的硝烟永伴。,,,,,是,,rogue_5_relic_legacy_111,https://prts.wiki/index.php?title=Special:Redirect/file/%E6%94%B6%E8%97%8F%E5%93%81_%E5%B2%81%E7%9A%84%E7%95%8C%E5%9B%AD%E5%BF%97%E5%BC%82_032.png
../../Assets/_Game/Resources/RogueRelics/Icons/rogue_5/rogue_5_relic_legacy_120.png,桂花杯,IS6,岁的界园志异,040,NORMAL,,希望+4，立即获得源石锭+5，此收藏品在失与得交换时额外获得1个收藏品,价值连城的瓷杯，背后写有“执此杯者，折桂为居”的字样。听说一共有十二只，某收藏家似乎正好缺这一只。,,,,,是,,rogue_5_relic_legacy_120,https://prts.wiki/index.php?title=Special:Redirect/file/%E6%94%B6%E8%97%8F%E5%93%81_%E5%B2%81%E7%9A%84%E7%95%8C%E5%9B%AD%E5%BF%97%E5%BC%82_040.png
../../Assets/_Game/Resources/RogueRelics/Icons/rogue_5/rogue_5_relic_legacy_122.png,御2,IS6,岁的界园志异,041,NORMAL,,护盾值+3,这是个防御型量产无人机，没道理它只在敌人手里起作用。,在多局游戏中累计损失50目标生命,,,,是,,rogue_5_relic_legacy_122,https://prts.wiki/index.php?title=Special:Redirect/file/%E6%94%B6%E8%97%8F%E5%93%81_%E5%B2%81%E7%9A%84%E7%95%8C%E5%9B%AD%E5%BF%97%E5%BC%82_041.png
../../Assets/_Game/Resources/RogueRelics/Icons/rogue_5/rogue_5_relic_legacy_129.png,立体艺术装置,IS6,岁的界园志异,047,SUPER_RARE,,回复5目标生命值，目标生命上限+2，每次战斗结束后额外回复1目标生命值,莱茵生命有时给人的印象就如同这件艺术品：神秘莫测，层层叠叠，永远探不清虚实。,通过第一层【洪陆楼】,,,,是,,rogue_5_relic_legacy_129,https://prts.wiki/index.php?title=Special:Redirect/file/%E6%94%B6%E8%97%8F%E5%93%81_%E5%B2%81%E7%9A%84%E7%95%8C%E5%9B%AD%E5%BF%97%E5%BC%82_047.png
../../Assets/_Game/Resources/RogueRelics/Icons/rogue_5/rogue_5_relic_legacy_71.png,冰结的躯壳,IS6,岁的界园志异,066,RARE,,近战干员在受到伤害后5秒内，攻击速度+40,驻守在冬牙群山的萨米战士经常被一种幻觉鼓舞：随着生命流向大地，他们原本被冻僵的身体变得越来越轻快。,,,,,是,,rogue_5_relic_legacy_71,https://prts.wiki/index.php?title=Special:Redirect/file/%E6%94%B6%E8%97%8F%E5%93%81_%E5%B2%81%E7%9A%84%E7%95%8C%E5%9B%AD%E5%BF%97%E5%BC%82_066.png
../../Assets/_Game/Resources/RogueRelics/Icons/rogue_5/rogue_5_relic_legacy_74.png,荆棘环,IS6,岁的界园志异,069,SUPER_RARE,,近战干员在受到治疗后，使自身和周围4格内的干员获得1点技力,你得以从扭曲的恐惧中稳定自我。荆棘上残留着血渍，不知道是刺伤了你还是雪祀自己。他们使用任何手段时都不会眨一下眼睛。,,,,,是,,rogue_5_relic_legacy_74,https://prts.wiki/index.php?title=Special:Redirect/file/%E6%94%B6%E8%97%8F%E5%93%81_%E5%B2%81%E7%9A%84%E7%95%8C%E5%9B%AD%E5%BF%97%E5%BC%82_069.png
../../Assets/_Game/Resources/RogueRelics/Icons/rogue_5/rogue_5_relic_legacy_76.png,霜牡的肩甲,IS6,岁的界园志异,070,RARE,,所有我方单位阻挡2名及以上敌人后，攻击力+40%，防御力+40%，持续30秒,他的遗体上见不到伤痕，只有一双眼睛流干了血泪。,携带不小于3名重装干员完成一场战斗,,,,是,,rogue_5_relic_legacy_76,https://prts.wiki/index.php?title=Special:Redirect/file/%E6%94%B6%E8%97%8F%E5%93%81_%E5%B2%81%E7%9A%84%E7%95%8C%E5%9B%AD%E5%BF%97%E5%BC%82_070.png
../../Assets/_Game/Resources/RogueRelics/Icons/rogue_5/rogue_5_relic_legacy_77.png,藤蔓炮手,IS6,岁的界园志异,071,RARE,,敌方空中单位被击败后，对周围其他敌人造成5000点物理伤害,当不同文化的人放下戒备真心交流，出现这样带有奇思妙想的武器也就不足为奇了。,选择【远程战术分队】完成游戏结局,,,,是,,rogue_5_relic_legacy_77,https://prts.wiki/index.php?title=Special:Redirect/file/%E6%94%B6%E8%97%8F%E5%93%81_%E5%B2%81%E7%9A%84%E7%95%8C%E5%9B%AD%E5%BF%97%E5%BC%82_071.png
../../Assets/_Game/Resources/RogueRelics/Icons/rogue_5/rogue_5_relic_legacy_79.png,“奉献”,IS6,岁的界园志异,072,RARE,,远程干员攻击或治疗时，对攻击范围内一名随机敌人造成300点法术伤害,自远古以来，这一部族笃信自己掌握着有关萨米的真相：原本万物各有声音，直到“祂”代替万物言语。,,,,,是,,rogue_5_relic_legacy_79,https://prts.wiki/index.php?title=Special:Redirect/file/%E6%94%B6%E8%97%8F%E5%93%81_%E5%B2%81%E7%9A%84%E7%95%8C%E5%9B%AD%E5%BF%97%E5%BC%82_072.png
../../Assets/_Game/Resources/RogueRelics/Icons/rogue_5/rogue_5_relic_legacy_81.png,皇族金胸针,IS6,岁的界园志异,074,SUPER_RARE,,所有我方单位的法术抗性+15，且部署后抵挡一次伤害,高卢皇族用于彰显身份的装饰品，由黄金打造，镶嵌了大量昂贵的固化源石结晶。实际上这种胸针不单纯是装饰，许多胸针安装了搭载防御性法术的通用源石回路。,,,,,是,,rogue_5_relic_legacy_81,https://prts.wiki/index.php?title=Special:Redirect/file/%E6%94%B6%E8%97%8F%E5%93%81_%E5%B2%81%E7%9A%84%E7%95%8C%E5%9B%AD%E5%BF%97%E5%BC%82_074.png
../../Assets/_Game/Resources/RogueRelics/Icons/rogue_5/rogue_5_relic_legacy_92.png,难闻的止血剂,IS6,岁的界园志异,082,NORMAL,,所有我方单位的生命+20%，【伺烛客】额外+10%,“这种源石虫的体液经过发酵处理之后可以用于止血”——《罗德岛野外生存指南》,,,,,是,,rogue_5_relic_legacy_92,https://prts.wiki/index.php?title=Special:Redirect/file/%E6%94%B6%E8%97%8F%E5%93%81_%E5%B2%81%E7%9A%84%E7%95%8C%E5%9B%AD%E5%BF%97%E5%BC%82_082.png
../../Assets/_Game/Resources/RogueRelics/Icons/rogue_5/rogue_5_relic_legacy_143.png,《麻木与庸俗》,IS6,岁的界园志异,089,NORMAL,,所有我方单位法术抗性+5，法术闪避+10%,一件著名的艺术品，两百年前莱塔尼亚疯狂雕塑家的遗作。这位雕塑家以才华横溢与参与多起残忍的命案而为人所知。但是依据历史记载，他生前并没有多少人关注他的作品，而是因为自己秀美的长相而被人追捧。,,,,,是,,rogue_5_relic_legacy_143,https://prts.wiki/index.php?title=Special:Redirect/file/%E6%94%B6%E8%97%8F%E5%93%81_%E5%B2%81%E7%9A%84%E7%95%8C%E5%9B%AD%E5%BF%97%E5%BC%82_089.png
../../Assets/_Game/Resources/RogueRelics/Icons/rogue_5/rogue_5_relic_fight_1.png,封神令,IS6,岁的界园志异,096,RARE,,干员部署在侵入点周围8格时，攻击力+100%,博物馆收藏的大狩猎时代的征兵令。此令征集一支有能力深入巨兽巢穴的队伍，附在它后面的是签满了名字的生死状。,,,,,是,,rogue_5_relic_fight_1,https://prts.wiki/index.php?title=Special:Redirect/file/%E6%94%B6%E8%97%8F%E5%93%81_%E5%B2%81%E7%9A%84%E7%95%8C%E5%9B%AD%E5%BF%97%E5%BC%82_096.png
../../Assets/_Game/Resources/RogueRelics/Icons/rogue_5/rogue_5_relic_fight_3.png,束伥索,IS6,岁的界园志异,097,SUPER_RARE,,【召唤物】的部署费用-5，再部署时间-25%，攻击力+30%,被司岁台收编的伥怪在做活时所戴的标记、约束之索。主动倒水的茶壶、努力浇花的花洒，它们十分擅长简单重复的工作。,,,,,是,,rogue_5_relic_fight_3,https://prts.wiki/index.php?title=Special:Redirect/file/%E6%94%B6%E8%97%8F%E5%93%81_%E5%B2%81%E7%9A%84%E7%95%8C%E5%9B%AD%E5%BF%97%E5%BC%82_097.png
../../Assets/_Game/Resources/RogueRelics/Icons/rogue_5/rogue_5_relic_fight_5.png,赏善郎,IS6,岁的界园志异,099,NORMAL,,我方单位触发闪避或抵挡后，下次攻击造成的伤害+100%,天师府学徒自主研制的考校辅助器。答对问题时什么也得不到。答错时......还是别尝试了吧。,,,,,是,,rogue_5_relic_fight_5,https://prts.wiki/index.php?title=Special:Redirect/file/%E6%94%B6%E8%97%8F%E5%93%81_%E5%B2%81%E7%9A%84%E7%95%8C%E5%9B%AD%E5%BF%97%E5%BC%82_099.png
../../Assets/_Game/Resources/RogueRelics/Icons/rogue_5/rogue_5_relic_fight_6.png,镜中境,IS6,岁的界园志异,100,NORMAL,,敌人首次造成的伤害-90%,常悬于界园门窗之上的镜子。当游客遇到突如其来的危机，镜中之境便是他们的紧急避难所——直至镜子碎裂。,,,,,是,,rogue_5_relic_fight_6,https://prts.wiki/index.php?title=Special:Redirect/file/%E6%94%B6%E8%97%8F%E5%93%81_%E5%B2%81%E7%9A%84%E7%95%8C%E5%9B%AD%E5%BF%97%E5%BC%82_100.png
../../Assets/_Game/Resources/RogueRelics/Icons/rogue_5/rogue_5_relic_fight_7.png,长明灯引,IS6,岁的界园志异,101,RARE,,第一名部署的地面干员攻击力+50%、并获得抵抗、50%元素损伤减免，持续至被击倒或撤离,首次登升之人，为保其心智不被岁识淹没，持燃烛在手。瞢暗迫近，而烛火长明，为其在长夜中锚定意识归来之路。“秉烛”之名亦从中而来。,累计在战斗中部署干员不小于80次的情况下完成游戏结局,,,,是,,rogue_5_relic_fight_7,https://prts.wiki/index.php?title=Special:Redirect/file/%E6%94%B6%E8%97%8F%E5%93%81_%E5%B2%81%E7%9A%84%E7%95%8C%E5%9B%AD%E5%BF%97%E5%BC%82_101.png
../../Assets/_Game/Resources/RogueRelics/Icons/rogue_5/rogue_5_relic_fight_8.png,“萤灯映牍”,IS6,岁的界园志异,102,NORMAL,,敌方单位被击倒时，使周围的我方单位回复300点生命值,校舍窗边，家乡盆景渐枯，而书生不忍丢弃。终有一日，盆中草不见踪影，而盆上萤火萦绕，替他照亮了书页。,,,,,是,,rogue_5_relic_fight_8,https://prts.wiki/index.php?title=Special:Redirect/file/%E6%94%B6%E8%97%8F%E5%93%81_%E5%B2%81%E7%9A%84%E7%95%8C%E5%9B%AD%E5%BF%97%E5%BC%82_102.png
../../Assets/_Game/Resources/RogueRelics/Icons/rogue_5/rogue_5_relic_fight_11.png,玩具弹弓,IS6,岁的界园志异,103,RARE,,干员释放技能时对攻击范围内的所有敌人造成相当于攻击力30%的法术伤害,从洪炉中诞生的青铜弹弓，拉开皮筋时，小铜人会蜷成一团沉得惊人的弹丸，以待发射。“喏，拿去玩。危险个锤子，就是个玩具嘛。”,,,,,是,,rogue_5_relic_fight_11,https://prts.wiki/index.php?title=Special:Redirect/file/%E6%94%B6%E8%97%8F%E5%93%81_%E5%B2%81%E7%9A%84%E7%95%8C%E5%9B%AD%E5%BF%97%E5%BC%82_103.png
../../Assets/_Game/Resources/RogueRelics/Icons/rogue_5/rogue_5_relic_fight_13.png,零嘴背篓,IS6,岁的界园志异,104,NORMAL,,战斗开始时所有干员自然回复技力的速度+100%，任意干员手动释放技能时失效,园林外贩卖的，装满零嘴的背篓，却在入园检查时被扣押。工作人员脸色难看地询问这东西从何而来，你如实回答后，他们一边安慰你没事，一边立刻抄起形状可疑的工具向你说的方向奔去。,,,,,是,,rogue_5_relic_fight_13,https://prts.wiki/index.php?title=Special:Redirect/file/%E6%94%B6%E8%97%8F%E5%93%81_%E5%B2%81%E7%9A%84%E7%95%8C%E5%9B%AD%E5%BF%97%E5%BC%82_104.png
../../Assets/_Game/Resources/RogueRelics/Icons/rogue_5/rogue_5_relic_fight_16.png,留春,IS6,岁的界园志异,105,NORMAL,,敌人被击倒时，使其周围所有敌人获得6秒的寒冷,何家仙人过，聊赠一枝春。,,,,,是,,rogue_5_relic_fight_16,https://prts.wiki/index.php?title=Special:Redirect/file/%E6%94%B6%E8%97%8F%E5%93%81_%E5%B2%81%E7%9A%84%E7%95%8C%E5%9B%AD%E5%BF%97%E5%BC%82_105.png
../../Assets/_Game/Resources/RogueRelics/Icons/rogue_5/rogue_5_relic_fight_17.png,墙眼,IS6,岁的界园志异,106,RARE,,我方干员受到来自自身攻击范围以外的物理与法术伤害降低50%,它的意识已然存在。它的步伐困于墙中。它为你遮风挡灾。它注视你的远去。,,,,,是,,rogue_5_relic_fight_17,https://prts.wiki/index.php?title=Special:Redirect/file/%E6%94%B6%E8%97%8F%E5%93%81_%E5%B2%81%E7%9A%84%E7%95%8C%E5%9B%AD%E5%BF%97%E5%BC%82_106.png
../../Assets/_Game/Resources/RogueRelics/Icons/rogue_5/rogue_5_relic_legacy_140.png,荆与叶的织带,IS6,岁的界园志异,111,SUPER_RARE,,每次战斗会从化境地块里随机1个可部署位置，该位置部署干员后，周围8格内的我方单位具有迷彩,于此环中，得受荆棘草叶之偏爱。,,,,,是,,rogue_5_relic_legacy_140,https://prts.wiki/index.php?title=Special:Redirect/file/%E6%94%B6%E8%97%8F%E5%93%81_%E5%B2%81%E7%9A%84%E7%95%8C%E5%9B%AD%E5%BF%97%E5%BC%82_111.png
../../Assets/_Game/Resources/RogueRelics/Icons/rogue_5/rogue_5_relic_legacy_141.png,雪与土的织带,IS6,岁的界园志异,112,NORMAL,,每次战斗会在化境地块里随机1个可部署位置，该位置的我方干员开启攻击回复或受击回复技能时，使化境地块上的所有干员同时回复1点技力,于此环中，得受霜雪大地之青睐。,,,,,是,,rogue_5_relic_legacy_141,https://prts.wiki/index.php?title=Special:Redirect/file/%E6%94%B6%E8%97%8F%E5%93%81_%E5%B2%81%E7%9A%84%E7%95%8C%E5%9B%AD%E5%BF%97%E5%BC%82_112.png
../../Assets/_Game/Resources/RogueRelics/Icons/rogue_5/rogue_5_relic_legacy_142.png,遥乡之引,IS6,岁的界园志异,113,RARE,,每次战斗会在化境地块里随机1个可部署位置，该位置上的我方单位每秒回复1点技力和自身3%的血量,一枚古拙的戒指，实为特制的导航设备，凭借它可以找到阿戈尔曾在海洋各处秘密存储的应急物资。跟随洋流，跟随风，故乡将永远给予你馈赠。,,,,,是,,rogue_5_relic_legacy_142,https://prts.wiki/index.php?title=Special:Redirect/file/%E6%94%B6%E8%97%8F%E5%93%81_%E5%B2%81%E7%9A%84%E7%95%8C%E5%9B%AD%E5%BF%97%E5%BC%82_113.png
../../Assets/_Game/Resources/RogueRelics/Icons/rogue_5/rogue_5_relic_fight_12.png,“成玦”,IS6,岁的界园志异,114,RARE,,部署在化境地块上干员，首次被击倒时不撤退且回复30%生命,界园主人所赠玉佩。园中偶遇良友，一路同行，欲邀你去他处游玩，婉拒后其人嘴脸骤变，强行拉扯你后却如遭烫般缩手逃开。你松口气，发现腰间玉佩已裂了一块。,,,,,是,,rogue_5_relic_fight_12,https://prts.wiki/index.php?title=Special:Redirect/file/%E6%94%B6%E8%97%8F%E5%93%81_%E5%B2%81%E7%9A%84%E7%95%8C%E5%9B%AD%E5%BF%97%E5%BC%82_114.png
../../Assets/_Game/Resources/RogueRelics/Icons/rogue_5/rogue_5_relic_fight_14.png,故履,IS6,岁的界园志异,115,RARE,,部署在化境地块上的召唤物，受到的物理法术伤害-50%，攻击力+50%,桥下拾到的旧草鞋。桥上老者等着你将鞋归还，待上桥，却只看到另一只鞋。仔细想来，老者的面容似在某些古画中出现过......,,,,,是,,rogue_5_relic_fight_14,https://prts.wiki/index.php?title=Special:Redirect/file/%E6%94%B6%E8%97%8F%E5%93%81_%E5%B2%81%E7%9A%84%E7%95%8C%E5%9B%AD%E5%BF%97%E5%BC%82_115.png
../../Assets/_Game/Resources/RogueRelics/Icons/rogue_5/rogue_5_relic_farmer_1.png,易锁,IS6,岁的界园志异,116,RARE,,在化境地块上随机选择2个可部署位置，每次在该位置部署干员时，获得8点部署费用（在失与得中可以升级）,易的发明之一，绩用此牟利颇多。既是摆件，又是益智玩具，若能弄清其中奥秘，或许对“岁”的理解能更多一分。,,,,,是,,rogue_5_relic_farmer_1,https://prts.wiki/index.php?title=Special:Redirect/file/%E6%94%B6%E8%97%8F%E5%93%81_%E5%B2%81%E7%9A%84%E7%95%8C%E5%9B%AD%E5%BF%97%E5%BC%82_116.png
../../Assets/_Game/Resources/RogueRelics/Icons/rogue_5/rogue_5_relic_farmer_2.png,错易锁,IS6,岁的界园志异,117,SUPER_RARE,,在化境地块上随机选择5个可部署位置，每次在该位置部署干员时，获得10点部署费用,经发明者本人改造后的易锁。结构更复杂，嵌套之法似乎变得不循常理。然而，若是能了悟其中的奥秘，或许对“岁”的理解就能更进一步。,,,,,是,,rogue_5_relic_farmer_2,https://prts.wiki/index.php?title=Special:Redirect/file/%E6%94%B6%E8%97%8F%E5%93%81_%E5%B2%81%E7%9A%84%E7%95%8C%E5%9B%AD%E5%BF%97%E5%BC%82_117.png
../../Assets/_Game/Resources/RogueRelics/Icons/rogue_5/rogue_5_relic_farmer_3.png,母鼎,IS6,岁的界园志异,118,NORMAL,,使所有部署在化境地块上的干员，攻击力+10%（在常乐中有机会升级，上限10次）,九州万方，自用九鼎以代之。至于这些鼎是怎么铸造的......“当然是母鼎生的啊！”某位电影大师笑着说道。,,,,,是,,rogue_5_relic_farmer_3,https://prts.wiki/index.php?title=Special:Redirect/file/%E6%94%B6%E8%97%8F%E5%93%81_%E5%B2%81%E7%9A%84%E7%95%8C%E5%9B%AD%E5%BF%97%E5%BC%82_118.png
../../Assets/_Game/Resources/RogueRelics/Icons/rogue_5/rogue_5_relic_farmer_4.png,嫰竹,IS6,岁的界园志异,119,NORMAL,,使所有部署在化境地块上的干员，生命值+10%（在常乐中有机会升级，上限10次）,从黍的宝田中种出的新竹，有果无因，循环往复，每循一遭便多一节，直至长出十节，首尾相连。,,,,,是,,rogue_5_relic_farmer_4,https://prts.wiki/index.php?title=Special:Redirect/file/%E6%94%B6%E8%97%8F%E5%93%81_%E5%B2%81%E7%9A%84%E7%95%8C%E5%9B%AD%E5%BF%97%E5%BC%82_119.png
../../Assets/_Game/Resources/RogueRelics/Icons/rogue_5/rogue_5_relic_farmer_5.png,《围棋入门布局篇》,IS6,岁的界园志异,120,RARE,,战斗开始后，随机选择3个可部署的地面化境地块，部署“失修舞台雾机”,方圆之间，此着为何？棋枰响止，酣畅淋漓。一局终了......时移世易。,,,,,是,,rogue_5_relic_farmer_5,https://prts.wiki/index.php?title=Special:Redirect/file/%E6%94%B6%E8%97%8F%E5%93%81_%E5%B2%81%E7%9A%84%E7%95%8C%E5%9B%AD%E5%BF%97%E5%BC%82_120.png
../../Assets/_Game/Resources/RogueRelics/Icons/rogue_5/rogue_5_relic_farmer_6.png,飞锦战旌,IS6,岁的界园志异,121,RARE,,化境地块里的干员释放技能时，给其他所有化境地块里的干员回复1点技力,传说，曾为结束百氏之乱的那位真龙所用，战旗一挥，百将跟随......强大的从来不是旗帜，而是众人遏战乱、平天下之心。,,,,,是,,rogue_5_relic_farmer_6,https://prts.wiki/index.php?title=Special:Redirect/file/%E6%94%B6%E8%97%8F%E5%93%81_%E5%B2%81%E7%9A%84%E7%95%8C%E5%9B%AD%E5%BF%97%E5%BC%82_121.png
../../Assets/_Game/Resources/RogueRelics/Icons/rogue_5/rogue_5_relic_blockg_1.png,枣面,IS6,岁的界园志异,122,RARE,,所有干员受到来自自身阻挡单位的伤害降低50％，对被自身阻挡的敌人造成的伤害提高50%,一位古代大炎英雄的脸谱。有记载称其忠心不二，为保结义金兰，千里一骑力克千军。,,,,,是,,rogue_5_relic_blockg_1,https://prts.wiki/index.php?title=Special:Redirect/file/%E6%94%B6%E8%97%8F%E5%93%81_%E5%B2%81%E7%9A%84%E7%95%8C%E5%9B%AD%E5%BF%97%E5%BC%82_122.png
../../Assets/_Game/Resources/RogueRelics/Icons/rogue_5/rogue_5_relic_blockg_2.png,老者面,IS6,岁的界园志异,123,SUPER_RARE,,所有干员每秒对自身阻挡的敌人造成攻击力150%的法术伤害并减低目标15%的命中率,一位上古大炎英雄的脸谱。天师一词的源流，传说其博学多闻，为炎氏谋千载太平后消失无踪。,,,,,是,,rogue_5_relic_blockg_2,https://prts.wiki/index.php?title=Special:Redirect/file/%E6%94%B6%E8%97%8F%E5%93%81_%E5%B2%81%E7%9A%84%E7%95%8C%E5%9B%AD%E5%BF%97%E5%BC%82_123.png
../../Assets/_Game/Resources/RogueRelics/Icons/rogue_5/rogue_5_relic_blockg_3.png,炭面,IS6,岁的界园志异,124,NORMAL,,敌人首次被阻挡时，恐惧5秒,一位古代大炎英雄的脸谱。有记载称其胆大心细，喝声可断江河。,？？？,,,,是,,rogue_5_relic_blockg_3,https://prts.wiki/index.php?title=Special:Redirect/file/%E6%94%B6%E8%97%8F%E5%93%81_%E5%B2%81%E7%9A%84%E7%95%8C%E5%9B%AD%E5%BF%97%E5%BC%82_124.png
../../Assets/_Game/Resources/RogueRelics/Icons/rogue_5/rogue_5_relic_blockg_4.png,月女面,IS6,岁的界园志异,125,SUPER_RARE,,干员每阻挡一名敌人，获得10%物理与法术闪避，最多叠加5层,一位传说中的大炎人物的脸谱。其为寻夫泪洒成河飞身逐月的故事流传至今。,,,,,是,,rogue_5_relic_blockg_4,https://prts.wiki/index.php?title=Special:Redirect/file/%E6%94%B6%E8%97%8F%E5%93%81_%E5%B2%81%E7%9A%84%E7%95%8C%E5%9B%AD%E5%BF%97%E5%BC%82_125.png
../../Assets/_Game/Resources/RogueRelics/Icons/rogue_5/rogue_5_relic_legacy_48.png,钝爪-掠食,IS6,岁的界园志异,127,RARE,,场上每有一名先锋干员，每3秒获得1点部署费用（最多叠加8层）,兽群饥肠辘辘，等待饱餐一顿。,,,,,是,,rogue_5_relic_legacy_48,https://prts.wiki/index.php?title=Special:Redirect/file/%E6%94%B6%E8%97%8F%E5%93%81_%E5%B2%81%E7%9A%84%E7%95%8C%E5%9B%AD%E5%BF%97%E5%BC%82_127.png
../../Assets/_Game/Resources/RogueRelics/Icons/rogue_5/rogue_5_relic_legacy_49.png,锈刃-久居,IS6,岁的界园志异,128,RARE,,场上每有一名特种干员，所有敌方单位的移动速度-5%（最多叠加8层）,主人不想见客，客人便到不了门前。,,,,,是,,rogue_5_relic_legacy_49,https://prts.wiki/index.php?title=Special:Redirect/file/%E6%94%B6%E8%97%8F%E5%93%81_%E5%B2%81%E7%9A%84%E7%95%8C%E5%9B%AD%E5%BF%97%E5%BC%82_128.png
../../Assets/_Game/Resources/RogueRelics/Icons/rogue_5/rogue_5_relic_legacy_50.png,折戟-裂岩,IS6,岁的界园志异,129,RARE,,场上每有一名近卫干员，所有我方单位的攻击力+8%（最多叠加8层）,拥有力量的人总能互相成就。,,,,,是,,rogue_5_relic_legacy_50,https://prts.wiki/index.php?title=Special:Redirect/file/%E6%94%B6%E8%97%8F%E5%93%81_%E5%B2%81%E7%9A%84%E7%95%8C%E5%9B%AD%E5%BF%97%E5%BC%82_129.png
../../Assets/_Game/Resources/RogueRelics/Icons/rogue_5/rogue_5_relic_legacy_51.png,残弩-连珠,IS6,岁的界园志异,130,NORMAL,,场上每有一名狙击干员，所有我方单位的攻击速度+12（最多叠加8次）,听到第一支箭的声响，被最后一支箭穿过胸膛。,,,,,是,,rogue_5_relic_legacy_51,https://prts.wiki/index.php?title=Special:Redirect/file/%E6%94%B6%E8%97%8F%E5%93%81_%E5%B2%81%E7%9A%84%E7%95%8C%E5%9B%AD%E5%BF%97%E5%BC%82_130.png
../../Assets/_Game/Resources/RogueRelics/Icons/rogue_5/rogue_5_relic_legacy_52.png,铁卫-垒沙,IS6,岁的界园志异,131,NORMAL,,场上每有一名重装干员，所有我方单位受到的物理伤害-10%（最多叠加8次）,聚沙成塔，而后俯瞰群敌。,,,,,是,,rogue_5_relic_legacy_52,https://prts.wiki/index.php?title=Special:Redirect/file/%E6%94%B6%E8%97%8F%E5%93%81_%E5%B2%81%E7%9A%84%E7%95%8C%E5%9B%AD%E5%BF%97%E5%BC%82_131.png
../../Assets/_Game/Resources/RogueRelics/Icons/rogue_5/rogue_5_relic_legacy_53.png,支柱-联手,IS6,岁的界园志异,132,NORMAL,,场上每有一名辅助干员，所有自然回复技能的技力恢复+0.2/秒（最多叠加8次）,手拉手，肩并肩，做好准备，直视前方。,,,,,是,,rogue_5_relic_legacy_53,https://prts.wiki/index.php?title=Special:Redirect/file/%E6%94%B6%E8%97%8F%E5%93%81_%E5%B2%81%E7%9A%84%E7%95%8C%E5%9B%AD%E5%BF%97%E5%BC%82_132.png
../../Assets/_Game/Resources/RogueRelics/Icons/rogue_5/rogue_5_relic_legacy_54.png,钝爪-熟稔,IS6,岁的界园志异,133,RARE,,所有【先锋】干员的技力消耗-35%,作为大部分时候最先进入战场的干员，你无法想象他们经历了多少。,,,,,是,,rogue_5_relic_legacy_54,https://prts.wiki/index.php?title=Special:Redirect/file/%E6%94%B6%E8%97%8F%E5%93%81_%E5%B2%81%E7%9A%84%E7%95%8C%E5%9B%AD%E5%BF%97%E5%BC%82_133.png
../../Assets/_Game/Resources/RogueRelics/Icons/rogue_5/rogue_5_relic_legacy_55.png,钝爪-爆发,IS6,岁的界园志异,134,NORMAL,,所有【先锋】干员的初始技力+10，攻击力+10%,他已经把所有后续部队的事情都干完了，还要别人做什么？,,,,,是,,rogue_5_relic_legacy_55,https://prts.wiki/index.php?title=Special:Redirect/file/%E6%94%B6%E8%97%8F%E5%93%81_%E5%B2%81%E7%9A%84%E7%95%8C%E5%9B%AD%E5%BF%97%E5%BC%82_134.png
../../Assets/_Game/Resources/RogueRelics/Icons/rogue_5/rogue_5_relic_legacy_58.png,折戟-破釜沉舟,IS6,岁的界园志异,137,SUPER_RARE,,所有【近卫】干员的防御力-40%，但攻击力+40%，攻击速度+30,不太建议向煌学习那些技巧。,,,,,是,,rogue_5_relic_legacy_58,https://prts.wiki/index.php?title=Special:Redirect/file/%E6%94%B6%E8%97%8F%E5%93%81_%E5%B2%81%E7%9A%84%E7%95%8C%E5%9B%AD%E5%BF%97%E5%BC%82_137.png
../../Assets/_Game/Resources/RogueRelics/Icons/rogue_5/rogue_5_relic_legacy_61.png,残弩-百步穿杨,IS6,岁的界园志异,140,NORMAL,,所有【狙击】干员的攻击力+20%,在源石技艺尚不如今天发达的时代，炎国曾以“百步穿杨”的典故来称赞他人箭术高超。,,,,,是,,rogue_5_relic_legacy_61,https://prts.wiki/index.php?title=Special:Redirect/file/%E6%94%B6%E8%97%8F%E5%93%81_%E5%B2%81%E7%9A%84%E7%95%8C%E5%9B%AD%E5%BF%97%E5%BC%82_140.png
../../Assets/_Game/Resources/RogueRelics/Icons/rogue_5/rogue_5_relic_legacy_63.png,断杖-织法者,IS6,岁的界园志异,142,NORMAL,,所有【术师】干员的攻击力+25%，攻击速度+25,在莱塔尼亚仰望高塔的时候经常会看见一些奇怪的现象......甚至是天象。,,,,,是,,rogue_5_relic_legacy_63,https://prts.wiki/index.php?title=Special:Redirect/file/%E6%94%B6%E8%97%8F%E5%93%81_%E5%B2%81%E7%9A%84%E7%95%8C%E5%9B%AD%E5%BF%97%E5%BC%82_142.png
../../Assets/_Game/Resources/RogueRelics/Icons/rogue_5/rogue_5_relic_legacy_64.png,断杖-凝神,IS6,岁的界园志异,143,RARE,,所有【术师】干员的技力恢复+0.4/秒,“当一个术师打算全力以赴，哪怕是天火小姐那种坏脾气术师，也会展露出截然不同的气质。”,,,,,是,,rogue_5_relic_legacy_64,https://prts.wiki/index.php?title=Special:Redirect/file/%E6%94%B6%E8%97%8F%E5%93%81_%E5%B2%81%E7%9A%84%E7%95%8C%E5%9B%AD%E5%BF%97%E5%BC%82_143.png
../../Assets/_Game/Resources/RogueRelics/Icons/rogue_5/rogue_5_relic_legacy_78.png,铁卫-临时要塞,IS6,岁的界园志异,150,RARE,,【重装】干员部署后20秒内攻击力和防御力+100%，且阻挡数+1,无人能越过他们的防线，更无人能在来犯后离开。若说每个战士都有其使命，那他们的使命，便是在入场那一刻改变战局。,携带不小于3名重装干员完成一场战斗,,,,是,,rogue_5_relic_legacy_78,https://prts.wiki/index.php?title=Special:Redirect/file/%E6%94%B6%E8%97%8F%E5%93%81_%E5%B2%81%E7%9A%84%E7%95%8C%E5%9B%AD%E5%BF%97%E5%BC%82_150.png
../../Assets/_Game/Resources/RogueRelics/Icons/rogue_5/rogue_5_relic_legacy_85.png,医者-涌泉,IS6,岁的界园志异,151,SUPER_RARE,,场上每有一名医疗干员，所有我方单位的再部署时间-5%（最多叠加8次）,他们是流水聚成的清泉，他们疗愈众生。,,,,,是,,rogue_5_relic_legacy_85,https://prts.wiki/index.php?title=Special:Redirect/file/%E6%94%B6%E8%97%8F%E5%93%81_%E5%B2%81%E7%9A%84%E7%95%8C%E5%9B%AD%E5%BF%97%E5%BC%82_151.png
../../Assets/_Game/Resources/RogueRelics/Icons/rogue_5/rogue_5_relic_legacy_96.png,支柱-枯法,IS6,岁的界园志异,152,RARE,,所有【辅助】干员攻击范围内的敌方单位防御力-30%，法术抗性-30%,弱化敌人的防御有很多手段：立场装置，法术彻甲，弱点标记，以及......让他们肚子疼。,,,,,是,,rogue_5_relic_legacy_96,https://prts.wiki/index.php?title=Special:Redirect/file/%E6%94%B6%E8%97%8F%E5%93%81_%E5%B2%81%E7%9A%84%E7%95%8C%E5%9B%AD%E5%BF%97%E5%BC%82_152.png
../../Assets/_Game/Resources/RogueRelics/Icons/rogue_5/rogue_5_relic_legacy_98.png,钝爪-突破,IS6,岁的界园志异,154,NORMAL,,所有【先锋】干员的部署费用-50%，生命+60%,在波涛中插下顽石，分割巨浪，破开迷雾。,,,,,是,,rogue_5_relic_legacy_98,https://prts.wiki/index.php?title=Special:Redirect/file/%E6%94%B6%E8%97%8F%E5%93%81_%E5%B2%81%E7%9A%84%E7%95%8C%E5%9B%AD%E5%BF%97%E5%BC%82_154.png
../../Assets/_Game/Resources/RogueRelics/Icons/rogue_5/rogue_5_relic_legacy_99.png,铁卫-突破,IS6,岁的界园志异,155,NORMAL,,所有【重装】干员的部署费用-6，生命+40%,持盾者连成山脉，连成土地，他们对抗的不是血肉之敌，他们对抗命运，对抗不公。,,,,,是,,rogue_5_relic_legacy_99,https://prts.wiki/index.php?title=Special:Redirect/file/%E6%94%B6%E8%97%8F%E5%93%81_%E5%B2%81%E7%9A%84%E7%95%8C%E5%9B%AD%E5%BF%97%E5%BC%82_155.png
../../Assets/_Game/Resources/RogueRelics/Icons/rogue_5/rogue_5_relic_legacy_100.png,折戟-突破,IS6,岁的界园志异,156,NORMAL,,所有【近卫】干员的部署费用-3，生命+40%，获得15%物理闪避,战士走入战场，战士拔出战刃，战士迎接战斗。,,,,,是,,rogue_5_relic_legacy_100,https://prts.wiki/index.php?title=Special:Redirect/file/%E6%94%B6%E8%97%8F%E5%93%81_%E5%B2%81%E7%9A%84%E7%95%8C%E5%9B%AD%E5%BF%97%E5%BC%82_156.png
../../Assets/_Game/Resources/RogueRelics/Icons/rogue_5/rogue_5_relic_legacy_101.png,铁卫-无锋,IS6,岁的界园志异,157,SUPER_RARE,,所有【重装】干员在受到攻击后获得2点技力，并且技力消耗-20%,他们承受的每一次攻击，都将化作怒火数倍返还。,,,,,是,,rogue_5_relic_legacy_101,https://prts.wiki/index.php?title=Special:Redirect/file/%E6%94%B6%E8%97%8F%E5%93%81_%E5%B2%81%E7%9A%84%E7%95%8C%E5%9B%AD%E5%BF%97%E5%BC%82_157.png
../../Assets/_Game/Resources/RogueRelics/Icons/rogue_5/rogue_5_relic_legacy_106.png,医者-突破,IS6,岁的界园志异,162,NORMAL,,所有【医疗】干员的部署费用-2，生命+60%,拯救是人类必须赞许的美德，是这一切得以存续的仰仗。,,,,,是,,rogue_5_relic_legacy_106,https://prts.wiki/index.php?title=Special:Redirect/file/%E6%94%B6%E8%97%8F%E5%93%81_%E5%B2%81%E7%9A%84%E7%95%8C%E5%9B%AD%E5%BF%97%E5%BC%82_162.png
../../Assets/_Game/Resources/RogueRelics/Icons/rogue_5/rogue_5_relic_legacy_107.png,医者-固化序列,IS6,岁的界园志异,163,SUPER_RARE,,所有【医疗】干员受到的治疗和生命回复效果+20%，并且攻击范围内的我方干员获得抵抗,让躯体如移动城市般坚实虽是一种理想化描述，医者们已经准备好将此创想付诸实践了。,,,,,是,,rogue_5_relic_legacy_107,https://prts.wiki/index.php?title=Special:Redirect/file/%E6%94%B6%E8%97%8F%E5%93%81_%E5%B2%81%E7%9A%84%E7%95%8C%E5%9B%AD%E5%BF%97%E5%BC%82_163.png
../../Assets/_Game/Resources/RogueRelics/Icons/rogue_5/rogue_5_relic_legacy_108.png,残弩-交叉火力,IS6,岁的界园志异,164,RARE,,所有【狙击】干员的攻击力+40%,密集的火力网布置同时让狙击干员们暴露在危险之中，接下来是一场关于准星的博弈。,,,,,是,,rogue_5_relic_legacy_108,https://prts.wiki/index.php?title=Special:Redirect/file/%E6%94%B6%E8%97%8F%E5%93%81_%E5%B2%81%E7%9A%84%E7%95%8C%E5%9B%AD%E5%BF%97%E5%BC%82_164.png
../../Assets/_Game/Resources/RogueRelics/Icons/rogue_5/rogue_5_relic_legacy_109.png,断杖-苦难巫咒,IS6,岁的界园志异,165,SUPER_RARE,,所有【术师】干员造成的法术伤害+70%,萨卡兹接触源石的起源几乎无从考证，古老法术的起点早已脱离物质现实与逻辑常理。,,,,,是,,rogue_5_relic_legacy_109,https://prts.wiki/index.php?title=Special:Redirect/file/%E6%94%B6%E8%97%8F%E5%93%81_%E5%B2%81%E7%9A%84%E7%95%8C%E5%9B%AD%E5%BF%97%E5%BC%82_165.png
../../Assets/_Game/Resources/RogueRelics/Icons/rogue_5/rogue_5_relic_legacy_11.png,古旧铸物,IS6,岁的界园志异,166,SUPER_RARE,,立即进阶三个干员（不消耗希望）,“天有洪炉，地生五金”......虽然可以用来成就各种事业，却没人知道具体原理。,在多局游戏中累计进阶总共35名干员,,,,是,,rogue_5_relic_legacy_11,https://prts.wiki/index.php?title=Special:Redirect/file/%E6%94%B6%E8%97%8F%E5%93%81_%E5%B2%81%E7%9A%84%E7%95%8C%E5%9B%AD%E5%BF%97%E5%BC%82_166.png
../../Assets/_Game/Resources/RogueRelics/Icons/rogue_5/rogue_5_relic_legacy_31.png,骑士长枪专业版,IS6,岁的界园志异,168,RARE,,战场的宝箱会掉落更多的源石锭,不用担心自身力量不足！利用小小的杠杆，在每一局中撬动更多，赢得更多！大奖将是萨米假日之旅！,,,,,是,,rogue_5_relic_legacy_31,https://prts.wiki/index.php?title=Special:Redirect/file/%E6%94%B6%E8%97%8F%E5%93%81_%E5%B2%81%E7%9A%84%E7%95%8C%E5%9B%AD%E5%BF%97%E5%BC%82_168.png
../../Assets/_Game/Resources/RogueRelics/Icons/rogue_5/rogue_5_relic_legacy_45.png,奴隶猎捕器,IS6,岁的界园志异,171,NORMAL,,进入浮空、失衡与失重状态的单位受到的伤害提升50%，持续10秒,获取娜斯提的设计后，萨卡兹立刻将其运用到了战争之中，他们飞上天空，以绝对优势向着先民倾泻怒火。一场永不停歇的战争就此进入了新的阶段。,,,,,是,,rogue_5_relic_legacy_45,https://prts.wiki/index.php?title=Special:Redirect/file/%E6%94%B6%E8%97%8F%E5%93%81_%E5%B2%81%E7%9A%84%E7%95%8C%E5%9B%AD%E5%BF%97%E5%BC%82_171.png
../../Assets/_Game/Resources/RogueRelics/Icons/rogue_5/rogue_5_relic_legacy_75.png,极地改型包,IS6,岁的界园志异,172,RARE,,支援道具使用时会在周围4格同时使用,沃尔沃特科钦斯基极端环境设备测试部荣誉出品。能对各种通用型号装置进行极地适应性改修，令其在寒冷环境下发挥更大效用。,,,,,是,,rogue_5_relic_legacy_75,https://prts.wiki/index.php?title=Special:Redirect/file/%E6%94%B6%E8%97%8F%E5%93%81_%E5%B2%81%E7%9A%84%E7%95%8C%E5%9B%AD%E5%BF%97%E5%BC%82_172.png
../../Assets/_Game/Resources/RogueRelics/Icons/rogue_5/rogue_5_relic_legacy_139.png,北风的造物,IS6,岁的界园志异,173,RARE,,【化物】敌人首次造成伤害时，立即恐惧自身5秒,即使常常以失败告终，她仍热衷于为挑战悲惨命运之人提供帮助。,在不损失目标生命的情况下胜利作战【闪闪发光】,,,,是,,rogue_5_relic_legacy_139,https://prts.wiki/index.php?title=Special:Redirect/file/%E6%94%B6%E8%97%8F%E5%93%81_%E5%B2%81%E7%9A%84%E7%95%8C%E5%9B%AD%E5%BF%97%E5%BC%82_173.png
../../Assets/_Game/Resources/RogueRelics/Icons/rogue_5/rogue_5_relic_legacy_150.png,坎诺特印记,IS6,岁的界园志异,174,SUPER_RARE,,携带此收藏品并通关时，当前源石锭的60%将会转化为前瞻性投资系统的余额（单局可获得的余额上限为60）,有人愿意卖坎诺特一个面子，也有人值得坎诺特卖个“面子”。,在“前瞻性投资系统”中的累计投资额达到250,,,,是,,rogue_5_relic_legacy_150,https://prts.wiki/index.php?title=Special:Redirect/file/%E6%94%B6%E8%97%8F%E5%93%81_%E5%B2%81%E7%9A%84%E7%95%8C%E5%9B%AD%E5%BF%97%E5%BC%82_174.png
../../Assets/_Game/Resources/RogueRelics/Icons/rogue_5/rogue_5_relic_fight_9.png,旦夕墨宝,IS6,岁的界园志异,176,NORMAL,,战斗开始时，随机获得一件仅用于该次战斗的战术道具,鳞在画卷中游动时吐出的一个又一个泡泡，会带来一些奇异之效。画卷主人不在乎有人擅自触碰它们，反正过不了多久，它们就会破裂，随风消散。,,,,,是,,rogue_5_relic_fight_9,https://prts.wiki/index.php?title=Special:Redirect/file/%E6%94%B6%E8%97%8F%E5%93%81_%E5%B2%81%E7%9A%84%E7%95%8C%E5%9B%AD%E5%BF%97%E5%BC%82_176.png
../../Assets/_Game/Resources/RogueRelics/Icons/rogue_5/rogue_5_relic_fight_10.png,伥物房账簿,IS6,岁的界园志异,177,NORMAL,,战术道具，召唤物，装置的部署费用减10,柳儿热情邀请你“试用”伥物房的新发明，你以囊中羞涩为由婉拒，却看到她爽快地在账簿上划拉了几笔。现在，你的理由不成立了。,,,,,是,,rogue_5_relic_fight_10,https://prts.wiki/index.php?title=Special:Redirect/file/%E6%94%B6%E8%97%8F%E5%93%81_%E5%B2%81%E7%9A%84%E7%95%8C%E5%9B%AD%E5%BF%97%E5%BC%82_177.png
../../Assets/_Game/Resources/RogueRelics/Icons/rogue_5/rogue_5_relic_fight_15.png,修习雷针,IS6,岁的界园志异,178,SUPER_RARE,,干员每使用过一次技能，自身的技力自然回复速度+0.4/秒，最多叠加5层,位于天师府山巅的修习雷法之所。雷法学徒初学引雷之时，都需借助雷针，直至熟能生巧。在天师府别名“前辈”。,,,,,是,,rogue_5_relic_fight_15,https://prts.wiki/index.php?title=Special:Redirect/file/%E6%94%B6%E8%97%8F%E5%93%81_%E5%B2%81%E7%9A%84%E7%95%8C%E5%9B%AD%E5%BF%97%E5%BC%82_178.png
../../Assets/_Game/Resources/RogueRelics/Icons/rogue_5/rogue_5_relic_fight_18.png,烧火棍,IS6,岁的界园志异,179,SUPER_RARE,,所有干员对【化物】造成伤害时，额外造成一次相当于攻击力50%的法术伤害,老天师提着这根木棍扫邪魔破巨兽所向披靡。但大多数时候，它都静静靠在厨房一角，只有给炉灶添柴拨火时才会被拿起。,,,,,是,,rogue_5_relic_fight_18,https://prts.wiki/index.php?title=Special:Redirect/file/%E6%94%B6%E8%97%8F%E5%93%81_%E5%B2%81%E7%9A%84%E7%95%8C%E5%9B%AD%E5%BF%97%E5%BC%82_179.png
../../Assets/_Game/Resources/RogueRelics/Icons/rogue_5/rogue_5_relic_explore_1.png,引火兽筝,IS6,岁的界园志异,180,SUPER_RARE,,每次进入岁兽残识时获得1点烛火,参照巨兽造型设计制作的风筝。飘带用烛火点燃，不灭，也不毁风筝。平日里放飞，在步入岁识时可借其火光，多行一步。,,,,,是,,rogue_5_relic_explore_1,https://prts.wiki/index.php?title=Special:Redirect/file/%E6%94%B6%E8%97%8F%E5%93%81_%E5%B2%81%E7%9A%84%E7%95%8C%E5%9B%AD%E5%BF%97%E5%BC%82_180.png
../../Assets/_Game/Resources/RogueRelics/Icons/rogue_5/rogue_5_relic_explore_2.png,“福祸相依”,IS6,岁的界园志异,181,NORMAL,,钱盒中加入厉钱时，获得1张票券,如在界园中遇到半行诗，须迅速将此桃木挂饰按压其上。小灾已不可免，然而，祸兮福之所倚。切勿对诗。切勿对诗。切勿对诗。,？？？,,,,是,,rogue_5_relic_explore_2,https://prts.wiki/index.php?title=Special:Redirect/file/%E6%94%B6%E8%97%8F%E5%93%81_%E5%B2%81%E7%9A%84%E7%95%8C%E5%9B%AD%E5%BF%97%E5%BC%82_181.png
../../Assets/_Game/Resources/RogueRelics/Icons/rogue_5/rogue_5_relic_explore_3.png,家常小炒,IS6,岁的界园志异,182,SUPER_RARE,,所有干员的生命值+20%，攻击力+20%；每通过一场岁兽残识中的战斗，效果额外提升10%,天为盖，地为锅，嬉笑怒骂，皆为调味。人哪，只要愿意好好吃饭，也就还能好好活着。,,,,,是,,rogue_5_relic_explore_3,https://prts.wiki/index.php?title=Special:Redirect/file/%E6%94%B6%E8%97%8F%E5%93%81_%E5%B2%81%E7%9A%84%E7%95%8C%E5%9B%AD%E5%BF%97%E5%BC%82_182.png
../../Assets/_Game/Resources/RogueRelics/Icons/rogue_5/rogue_5_relic_explore_4.png,罗德岛应急救援车,IS6,岁的界园志异,183,RARE,,希望+2，在岁兽残识战斗时，获得1名随机的罗德岛精英干员支援,无论你的指令是去往何处——精英干员，使命必达！,选择【破坏战术分队】完成游戏结局,,,,是,,rogue_5_relic_explore_4,https://prts.wiki/index.php?title=Special:Redirect/file/%E6%94%B6%E8%97%8F%E5%93%81_%E5%B2%81%E7%9A%84%E7%95%8C%E5%9B%AD%E5%BF%97%E5%BC%82_183.png
../../Assets/_Game/Resources/RogueRelics/Icons/rogue_5/rogue_5_relic_explore_5.png,木疙瘩,IS6,岁的界园志异,184,SUPER_RARE,,下一次进入岁兽残识时，烛火+2；完成所有岁兽残识中的拾遗和传说节点后，获得10票券,平平无奇的伥物，据柳儿所说，乃是东海之滨收研的珍物。但除了木质温润，有股提神清香外，似乎并没有什么特别的......,,,,,是,,rogue_5_relic_explore_5,https://prts.wiki/index.php?title=Special:Redirect/file/%E6%94%B6%E8%97%8F%E5%93%81_%E5%B2%81%E7%9A%84%E7%95%8C%E5%9B%AD%E5%BF%97%E5%BC%82_184.png
../../Assets/_Game/Resources/RogueRelics/Icons/rogue_5/rogue_5_relic_explore_6.png,飞驮客运,IS6,岁的界园志异,185,RARE,,编队中每有一名【伺烛客】，所有【伺烛客】攻击速度+5（最大叠加10层）,炎国驰道初开时风靡一时的畜力载具。随着驰道普及，更高速耐久的载具兴起，驰道上飞奔的驮兽身影逐渐消失，随时可能被甩上大道的刺激乘车体验也慢慢被人们遗忘。,,,,,是,,rogue_5_relic_explore_6,https://prts.wiki/index.php?title=Special:Redirect/file/%E6%94%B6%E8%97%8F%E5%93%81_%E5%B2%81%E7%9A%84%E7%95%8C%E5%9B%AD%E5%BF%97%E5%BC%82_185.png
../../Assets/_Game/Resources/RogueRelics/Icons/rogue_5/rogue_5_relic_richg_1.png,鲍老板的凭证,IS6,岁的界园志异,186,RARE,,每有3源石锭，初始的部署费用+1,“鲍老板正盯着你。”,,,,,是,,rogue_5_relic_richg_1,https://prts.wiki/index.php?title=Special:Redirect/file/%E6%94%B6%E8%97%8F%E5%93%81_%E5%B2%81%E7%9A%84%E7%95%8C%E5%9B%AD%E5%BF%97%E5%BC%82_186.png
../../Assets/_Game/Resources/RogueRelics/Icons/rogue_5/rogue_5_relic_richg_2.png,圆木轮,IS6,岁的界园志异,187,NORMAL,,初始费用+5，编队里每有一名【先锋】，初始费用额外+10,群山中翻滚而下的圆石砸碎了天灾形成的晶簇，也第一次给予了人们快速移动的灵感。,,,,,是,,rogue_5_relic_richg_2,https://prts.wiki/index.php?title=Special:Redirect/file/%E6%94%B6%E8%97%8F%E5%93%81_%E5%B2%81%E7%9A%84%E7%95%8C%E5%9B%AD%E5%BF%97%E5%BC%82_187.png
../../Assets/_Game/Resources/RogueRelics/Icons/rogue_5/rogue_5_relic_richg_3.png,二抬肩舆,IS6,岁的界园志异,188,RARE,,部署费用上限+15，所有【先锋】攻击力+25%，部署时，返还扣除的所有费用,一张椅子两根棍，将人分了个上下高低。如今，轿子已大多进了博物馆，可多少人心中还想着由人抬起，高高在上呢？,,,,,是,,rogue_5_relic_richg_3,https://prts.wiki/index.php?title=Special:Redirect/file/%E6%94%B6%E8%97%8F%E5%93%81_%E5%B2%81%E7%9A%84%E7%95%8C%E5%9B%AD%E5%BF%97%E5%BC%82_188.png
../../Assets/_Game/Resources/RogueRelics/Icons/rogue_5/rogue_5_relic_blockg_5.png,鸣镝吹筒,IS6,岁的界园志异,189,RARE,,干员损失30%的生命值时，对攻击范围内的所有敌人造成一次10秒的恐惧,用于发讯与示警的吹箭筒，若是沾了血，鸣镝发射时啸叫声震耳欲聋，凄烈无比，令人下意识想要逃离。,,,,,是,,rogue_5_relic_blockg_5,https://prts.wiki/index.php?title=Special:Redirect/file/%E6%94%B6%E8%97%8F%E5%93%81_%E5%B2%81%E7%9A%84%E7%95%8C%E5%9B%AD%E5%BF%97%E5%BC%82_189.png
../../Assets/_Game/Resources/RogueRelics/Icons/rogue_5/rogue_5_relic_speg_2.png,异食兽像,IS6,岁的界园志异,190,RARE,,投出3枚厉钱时，立即获得3点目标生命上限，3点护盾,池中壳兽像，向它投币从未灵验。淘气顽童投以垃圾，石像张口便吞，顽童嚎啕大哭；石像复又张口，吐出漂亮珠子，顽童遂欢天喜地。,,,,,是,,rogue_5_relic_speg_2,https://prts.wiki/index.php?title=Special:Redirect/file/%E6%94%B6%E8%97%8F%E5%93%81_%E5%B2%81%E7%9A%84%E7%95%8C%E5%9B%AD%E5%BF%97%E5%BC%82_190.png
../../Assets/_Game/Resources/RogueRelics/Icons/rogue_5/rogue_5_relic_speg_3.png,吉运有三,IS6,岁的界园志异,191,RARE,,投出3枚花钱时，立即获得8源石锭，1希望,朝闻羽啼天似画，春嗅桂花云翻浪，冬起南风霜似花。,,,,,是,,rogue_5_relic_speg_3,https://prts.wiki/index.php?title=Special:Redirect/file/%E6%94%B6%E8%97%8F%E5%93%81_%E5%B2%81%E7%9A%84%E7%95%8C%E5%9B%AD%E5%BF%97%E5%BC%82_191.png
../../Assets/_Game/Resources/RogueRelics/Icons/rogue_5/rogue_5_relic_speg_4.png,酿山河,IS6,岁的界园志异,192,SUPER_RARE,,钱盒内每存在一枚花钱，所有干员获得+10%攻击力，+20%生命值,劣酒琼浆，皆取一瓢。奔河飞瀑，尽入葫中。葫中自有天地转，经年再品滋味殊。,在多局游戏中累计胜利20场战斗,,,,是,,rogue_5_relic_speg_4,https://prts.wiki/index.php?title=Special:Redirect/file/%E6%94%B6%E8%97%8F%E5%93%81_%E5%B2%81%E7%9A%84%E7%95%8C%E5%9B%AD%E5%BF%97%E5%BC%82_192.png
../../Assets/_Game/Resources/RogueRelics/Icons/rogue_5/rogue_5_relic_speg_5.png,旧烽遗梦,IS6,岁的界园志异,193,RARE,,当前每投出一枚厉钱，战斗获得的指挥经验+15%,惊雷骤雨，战嚣冲天。金戈铁骑，踏梦而来。,在多局游戏中累计胜利35场战斗,,,,是,,rogue_5_relic_speg_5,https://prts.wiki/index.php?title=Special:Redirect/file/%E6%94%B6%E8%97%8F%E5%93%81_%E5%B2%81%E7%9A%84%E7%95%8C%E5%9B%AD%E5%BF%97%E5%BC%82_193.png
../../Assets/_Game/Resources/RogueRelics/Icons/rogue_5/rogue_5_relic_speg_6.png,铿金征鼓,IS6,岁的界园志异,194,SUPER_RARE,,每次投钱，所有干员攻击力+15％（最多叠加10次），若只投掷出厉钱，则额外获得1次叠加次数,军中一员“老将”。曾于阵上传令，历风霜，见胜败。如今，它已被更先进的传令方式替下，但战士出征前仍可闻征鼓隆隆，提振士气。,在多局游戏中累计胜利50场战斗,,,,是,,rogue_5_relic_speg_6,https://prts.wiki/index.php?title=Special:Redirect/file/%E6%94%B6%E8%97%8F%E5%93%81_%E5%B2%81%E7%9A%84%E7%95%8C%E5%9B%AD%E5%BF%97%E5%BC%82_194.png
../../Assets/_Game/Resources/RogueRelics/Icons/rogue_5/rogue_5_relic_custog_1.png,“摘衡”,IS6,岁的界园志异,195,NORMAL,,所有【近战】干员，生命值+35%，攻击力+35%,双符相合，故人昔事几何？,,,,,是,,rogue_5_relic_custog_1,https://prts.wiki/index.php?title=Special:Redirect/file/%E6%94%B6%E8%97%8F%E5%93%81_%E5%B2%81%E7%9A%84%E7%95%8C%E5%9B%AD%E5%BF%97%E5%BC%82_195.png
../../Assets/_Game/Resources/RogueRelics/Icons/rogue_5/rogue_5_relic_custog_2.png,“摘花”,IS6,岁的界园志异,196,NORMAL,,所有【近战】干员，部署费用+3，阻挡数+1，防御力+50%,双符相合，故人昔事几何？,,,,,是,,rogue_5_relic_custog_2,https://prts.wiki/index.php?title=Special:Redirect/file/%E6%94%B6%E8%97%8F%E5%93%81_%E5%B2%81%E7%9A%84%E7%95%8C%E5%9B%AD%E5%BF%97%E5%BC%82_196.png
../../Assets/_Game/Resources/RogueRelics/Icons/rogue_5/rogue_5_relic_custog_3.png,“摘厉”,IS6,岁的界园志异,197,NORMAL,,所有【近战】干员部署后每秒恢复相当于最大生命值5%的生命值，持续20秒,双符相合，故人昔事几何？,,,,,是,,rogue_5_relic_custog_3,https://prts.wiki/index.php?title=Special:Redirect/file/%E6%94%B6%E8%97%8F%E5%93%81_%E5%B2%81%E7%9A%84%E7%95%8C%E5%9B%AD%E5%BF%97%E5%BC%82_197.png
../../Assets/_Game/Resources/RogueRelics/Icons/rogue_5/rogue_5_relic_custog_4.png,“掷衡”,IS6,岁的界园志异,198,NORMAL,,所有【远程】干员，生命值+25%，攻击力+25%,双符相合，故人昔事几何？,,,,,是,,rogue_5_relic_custog_4,https://prts.wiki/index.php?title=Special:Redirect/file/%E6%94%B6%E8%97%8F%E5%93%81_%E5%B2%81%E7%9A%84%E7%95%8C%E5%9B%AD%E5%BF%97%E5%BC%82_198.png
../../Assets/_Game/Resources/RogueRelics/Icons/rogue_5/rogue_5_relic_custog_5.png,“掷花”,IS6,岁的界园志异,199,NORMAL,,所有【远程】干员部署费用+2，部署时获得2层护盾,双符相合，故人昔事几何？,,,,,是,,rogue_5_relic_custog_5,https://prts.wiki/index.php?title=Special:Redirect/file/%E6%94%B6%E8%97%8F%E5%93%81_%E5%B2%81%E7%9A%84%E7%95%8C%E5%9B%AD%E5%BF%97%E5%BC%82_199.png
../../Assets/_Game/Resources/RogueRelics/Icons/rogue_5/rogue_5_relic_custog_6.png,“掷厉”,IS6,岁的界园志异,200,NORMAL,,所有【远程】干员获得抵抗，法术闪避+15%,双符相合，故人昔事几何？,,,,,是,,rogue_5_relic_custog_6,https://prts.wiki/index.php?title=Special:Redirect/file/%E6%94%B6%E8%97%8F%E5%93%81_%E5%B2%81%E7%9A%84%E7%95%8C%E5%9B%AD%E5%BF%97%E5%BC%82_200.png
../../Assets/_Game/Resources/RogueRelics/Icons/rogue_5/rogue_5_relic_custog_7.png,“见衡”,IS6,岁的界园志异,201,NORMAL,,敌人进入失衡状态后，防御力，法术抗性-30%，持续10秒,双符相合，故人昔事几何？,,,,,是,,rogue_5_relic_custog_7,https://prts.wiki/index.php?title=Special:Redirect/file/%E6%94%B6%E8%97%8F%E5%93%81_%E5%B2%81%E7%9A%84%E7%95%8C%E5%9B%AD%E5%BF%97%E5%BC%82_201.png
../../Assets/_Game/Resources/RogueRelics/Icons/rogue_5/rogue_5_relic_custog_8.png,“见花”,IS6,岁的界园志异,202,NORMAL,,干员每次释放技能时，获得相当于最大生命值10%的屏障，持续10秒（不可叠加）,双符相合，故人昔事几何？,,,,,是,,rogue_5_relic_custog_8,https://prts.wiki/index.php?title=Special:Redirect/file/%E6%94%B6%E8%97%8F%E5%93%81_%E5%B2%81%E7%9A%84%E7%95%8C%E5%9B%AD%E5%BF%97%E5%BC%82_202.png
../../Assets/_Game/Resources/RogueRelics/Icons/rogue_5/rogue_5_relic_custog_9.png,“见厉”,IS6,岁的界园志异,203,NORMAL,,我方干员对【化物】敌人造成的物理和法术伤害提高50%,双符相合，故人昔事几何？,,,,,是,,rogue_5_relic_custog_9,https://prts.wiki/index.php?title=Special:Redirect/file/%E6%94%B6%E8%97%8F%E5%93%81_%E5%B2%81%E7%9A%84%E7%95%8C%E5%9B%AD%E5%BF%97%E5%BC%82_203.png
../../Assets/_Game/Resources/RogueRelics/Icons/rogue_5/rogue_5_relic_custog_10.png,“岁衡”,IS6,岁的界园志异,204,NORMAL,,【伺烛客】的攻击力+50%，防御力+50%,双符相合，故人昔事几何？,,,,,是,,rogue_5_relic_custog_10,https://prts.wiki/index.php?title=Special:Redirect/file/%E6%94%B6%E8%97%8F%E5%93%81_%E5%B2%81%E7%9A%84%E7%95%8C%E5%9B%AD%E5%BF%97%E5%BC%82_204.png
../../Assets/_Game/Resources/RogueRelics/Icons/rogue_5/rogue_5_relic_custog_11.png,“岁花”,IS6,岁的界园志异,205,NORMAL,,所有干员的部署费用+3，编队中每有一名【伺烛客】，则【伺烛客】的生命值，攻击力，防御力+10%,双符相合，故人昔事几何？,,,,,是,,rogue_5_relic_custog_11,https://prts.wiki/index.php?title=Special:Redirect/file/%E6%94%B6%E8%97%8F%E5%93%81_%E5%B2%81%E7%9A%84%E7%95%8C%E5%9B%AD%E5%BF%97%E5%BC%82_205.png
../../Assets/_Game/Resources/RogueRelics/Icons/rogue_5/rogue_5_relic_custog_12.png,“岁厉”,IS6,岁的界园志异,206,NORMAL,,【伺烛客】部署后10秒内攻击力+100%，每有干员通过作战成为【伺烛客】时，持续时间+5秒(最多提升15次),双符相合，故人昔事几何？,,,,,是,,rogue_5_relic_custog_12,https://prts.wiki/index.php?title=Special:Redirect/file/%E6%94%B6%E8%97%8F%E5%93%81_%E5%B2%81%E7%9A%84%E7%95%8C%E5%9B%AD%E5%BF%97%E5%BC%82_206.png
../../Assets/_Game/Resources/RogueRelics/Icons/rogue_5/rogue_5_relic_final_3.png,隐蝶墨,IS6,岁的界园志异,213,SUPER_RARE,,携带此收藏品时，作战会遭遇“岁躯”的袭击,柳儿在研究的伥物，采朔之武籍，研岁陵残石而成。本为雕岁乌墨，岁形已逸，以蝶替之，然蝶畏岁威，需驱岁以安蝶。,完成游戏结局,,,,是,,rogue_5_relic_final_3,https://prts.wiki/index.php?title=Special:Redirect/file/%E6%94%B6%E8%97%8F%E5%93%81_%E5%B2%81%E7%9A%84%E7%95%8C%E5%9B%AD%E5%BF%97%E5%BC%82_213.png
../../Assets/_Game/Resources/RogueRelics/Icons/rogue_5/rogue_5_relic_final_4.png,墨化残碑,IS6,岁的界园志异,214,SUPER_RARE,,战斗开始时，随机选择一名干员，使该干员本场战斗的部署费用变为0，携带此收藏品时，可以在命运所指中让探索开启不同的方向,蝶驻墨端，“文字”于层层包裹之下显现。失佚的部分已不可明辨，但依字形与偏旁推测，这是一份对于亲属的遥思。,完成游戏结局,,,,是,,rogue_5_relic_final_4,https://prts.wiki/index.php?title=Special:Redirect/file/%E6%94%B6%E8%97%8F%E5%93%81_%E5%B2%81%E7%9A%84%E7%95%8C%E5%9B%AD%E5%BF%97%E5%BC%82_214.png
../../Assets/_Game/Resources/RogueRelics/Icons/rogue_5/rogue_5_relic_final_1.png,云与漆,IS6,岁的界园志异,215,SUPER_RARE,,干员部署后60s内，每秒流失2%的最大生命值，让探索开启不同的方向,人有是非对错，棋有正反黑白，但见得分明与否，巨兽并不在意。就算明谋黑字改换天地，你也仍需得岁意，才可入岁陵。,？？？,,,,是,,rogue_5_relic_final_1,https://prts.wiki/index.php?title=Special:Redirect/file/%E6%94%B6%E8%97%8F%E5%93%81_%E5%B2%81%E7%9A%84%E7%95%8C%E5%9B%AD%E5%BF%97%E5%BC%82_215.png
../../Assets/_Game/Resources/RogueRelics/Icons/rogue_5/rogue_5_relic_final_2.png,忘生珍珑,IS6,岁的界园志异,216,SUPER_RARE,,干员部署后损失50%的技力值；携带此收藏品时，指点迷津中会出现一场特殊的作战,一方木料，正面为棋盘，背面则为活字盘，互相倚靠，似无缝隙。活字无法印下内容，只因一枚刻有“吉页”的活字凸出，怎么都摁不下去。,？？？,,,,是,,rogue_5_relic_final_2,https://prts.wiki/index.php?title=Special:Redirect/file/%E6%94%B6%E8%97%8F%E5%93%81_%E5%B2%81%E7%9A%84%E7%95%8C%E5%9B%AD%E5%BF%97%E5%BC%82_216.png
../../Assets/_Game/Resources/RogueRelics/Icons/rogue_5/rogue_5_relic_final_5.png,无封长盒,IS6,岁的界园志异,217,SUPER_RARE,,领袖与精英敌人防御力+30%，攻击速度+20，关卡结束时每有一个仍在场的雕伥，失去1目标生命值（不会低于1），在先行一步中有奇妙的作用,易流落于岁兽残识中的藏盒。失名失绘，无刻无印。,"【内容拓展 · 一】后，完成
一次游戏结局",,,,是,,rogue_5_relic_final_5,https://prts.wiki/index.php?title=Special:Redirect/file/%E6%94%B6%E8%97%8F%E5%93%81_%E5%B2%81%E7%9A%84%E7%95%8C%E5%9B%AD%E5%BF%97%E5%BC%82_217.png
../../Assets/_Game/Resources/RogueRelics/Icons/rogue_5/rogue_5_relic_final_6.png,无墨长卷,IS6,岁的界园志异,218,SUPER_RARE,,希望+3，使见字祠中的险路恶敌更加艰难，让探索开启不同的方向,人与岁兽共同的记忆将藏盒开启，长卷远探，寻找能在这方素白上着墨的往昔。,"【内容拓展 · 一】后，完成
一次游戏结局",,,,是,,rogue_5_relic_final_6,https://prts.wiki/index.php?title=Special:Redirect/file/%E6%94%B6%E8%97%8F%E5%93%81_%E5%B2%81%E7%9A%84%E7%95%8C%E5%9B%AD%E5%BF%97%E5%BC%82_218.png
../../Assets/_Game/Resources/RogueRelics/Icons/rogue_5/rogue_5_relic_final_7.png,追忆仪,IS6,岁的界园志异,219,SUPER_RARE,,获得时，失去所有的源石锭及希望，并使战斗后获得的指挥等级经验和源石锭-50％。在误入奇境有特殊用处,由岁兽代理人创造，用以应对岁兽的造物，会在几无尽头的旋转中，剥露出其苏醒的一切可能性以供望提前谋划。,"【内容拓展 · 二】后，完成
一次游戏结局",,,,是,,rogue_5_relic_final_7,https://prts.wiki/index.php?title=Special:Redirect/file/%E6%94%B6%E8%97%8F%E5%93%81_%E5%B2%81%E7%9A%84%E7%95%8C%E5%9B%AD%E5%BF%97%E5%BC%82_219.png
../../Assets/_Game/Resources/RogueRelics/Icons/rogue_5/rogue_5_relic_final_8.png,“小磨唧”,IS6,岁的界园志异,220,SUPER_RARE,,费用自然回复速度降低50％，让探索开启不同的方向。在故肆有特殊用处,被岁兽代理人共同用记忆喂养起来的墨伥，动作不太麻利，却在无数可能性中从旁协助压制岁将醒的意识。,"【内容拓展 · 二】后，完成
一次游戏结局",,,,是,,rogue_5_relic_final_8,https://prts.wiki/index.php?title=Special:Redirect/file/%E6%94%B6%E8%97%8F%E5%93%81_%E5%B2%81%E7%9A%84%E7%95%8C%E5%9B%AD%E5%BF%97%E5%BC%82_220.png
../../Assets/_Game/Resources/RogueRelics/Icons/rogue_5/rogue_5_relic_final_9.png,不赦,IS6,岁的界园志异,221,SUPER_RARE,,所有敌方单位的生命值、防御力+50％，使“宿傲”和部分“身形”获得持续召唤敌人的能力,描绘岁兽时诞生的奇物。即使尚未苏醒，岁兽也不会任由别人践踏祂的身躯，躯体的反射正在搜寻一切变化的预兆。,"【内容拓展 · 二】后，完成
一次游戏结局",,,,是,,rogue_5_relic_final_9,https://prts.wiki/index.php?title=Special:Redirect/file/%E6%94%B6%E8%97%8F%E5%93%81_%E5%B2%81%E7%9A%84%E7%95%8C%E5%9B%AD%E5%BF%97%E5%BC%82_221.png
../../Assets/_Game/Resources/RogueRelics/Icons/rogue_5/rogue_5_relic_final_10.png,不息,IS6,岁的界园志异,222,SUPER_RARE,,所有敌方单位的攻击力+30％；【伺烛客】及其召唤物在非岁兽残识作战时攻击力、生命值-10％，每进入新的一层，额外-10％。进入“来去处”时，额外-50％,描绘岁兽时诞生的奇物。即使尚未苏醒，岁兽也不会任由别人翻动祂的记忆与思维，知觉的延伸正在强硬地阻止一切变动。,"【内容拓展 · 二】后，完成
一次游戏结局",,,,是,,rogue_5_relic_final_10,https://prts.wiki/index.php?title=Special:Redirect/file/%E6%94%B6%E8%97%8F%E5%93%81_%E5%B2%81%E7%9A%84%E7%95%8C%E5%9B%AD%E5%BF%97%E5%BC%82_222.png
../../Assets/_Game/Resources/RogueRelics/Icons/rogue_5/rogue_5_relic_richg_4.png,奔兽战车,IS6,岁的界园志异,224,NORMAL,,部署费用上限+30，部署费用为99及以上时，所有单位生命值+50%，阻挡数+1,一个箱子两个轮，牵起四匹奔兽，其效率当然要远超两条腿走路的人类——吗？看看可汗的梦魇精兵吧。兽拉战车就算用十六条腿竭力奔驰，也追不上泰拉变化的速度。,,,,,是,,rogue_5_relic_richg_4,https://prts.wiki/index.php?title=Special:Redirect/file/%E6%94%B6%E8%97%8F%E5%93%81_%E5%B2%81%E7%9A%84%E7%95%8C%E5%9B%AD%E5%BF%97%E5%BC%82_224.png
../../Assets/_Game/Resources/RogueRelics/Icons/rogue_5/rogue_5_relic_richg_5.png,驮垒,IS6,岁的界园志异,225,RARE,,部署费用上限+15，部署费用为99及以上时，保护目标点周围12格的敌方单位失去隐匿并且命中率下降35%,矫健的勇士四散而开，拱卫着聚在驮兽背上的人们，向着天灾未至的乐土而去。这便是最初的“移动城市”。,,,,,是,,rogue_5_relic_richg_5,https://prts.wiki/index.php?title=Special:Redirect/file/%E6%94%B6%E8%97%8F%E5%93%81_%E5%B2%81%E7%9A%84%E7%95%8C%E5%9B%AD%E5%BF%97%E5%BC%82_225.png
../../Assets/_Game/Resources/RogueRelics/Icons/rogue_5/rogue_5_relic_richg_6.png,“小百灶”,IS6,岁的界园志异,226,NORMAL,,干员部署时，对全场所有敌人造成自身部署费用一定比例的真实伤害；若部署费用不小于30，还会造成5秒的晕眩,战争、源石与血泪的结晶。,,,,,是,,rogue_5_relic_richg_6,https://prts.wiki/index.php?title=Special:Redirect/file/%E6%94%B6%E8%97%8F%E5%93%81_%E5%B2%81%E7%9A%84%E7%95%8C%E5%9B%AD%E5%BF%97%E5%BC%82_226.png
../../Assets/_Game/Resources/RogueRelics/Icons/rogue_5/rogue_5_relic_richg_7.png,“苍桐”,IS6,岁的界园志异,227,SUPER_RARE,,部署费用为99及以上时，每隔10秒对全场敌人造成一次3000点的法术伤害和2秒的晕眩,麟青砚的配剑，出鞘不吟，藏巧守拙如木。若披覆苍霆，必是破风掠火，瞬息即至。,,,,,是,,rogue_5_relic_richg_7,https://prts.wiki/index.php?title=Special:Redirect/file/%E6%94%B6%E8%97%8F%E5%93%81_%E5%B2%81%E7%9A%84%E7%95%8C%E5%9B%AD%E5%BF%97%E5%BC%82_227.png
../../Assets/_Game/Resources/RogueRelics/Icons/rogue_5/rogue_5_relic_cardg_1.png,四方绘料,IS6,岁的界园志异,230,RARE,,每场战斗仅一次，已部署4名干员时，下一名部署的干员获得生命值+50%，防御力+50%，阻挡数+5,夕亲自调制，世所罕见的颜料，同时也是她的印信。蘸染时，四色置单景。,,,,,是,,rogue_5_relic_cardg_1,https://prts.wiki/index.php?title=Special:Redirect/file/%E6%94%B6%E8%97%8F%E5%93%81_%E5%B2%81%E7%9A%84%E7%95%8C%E5%9B%AD%E5%BF%97%E5%BC%82_230.png
../../Assets/_Game/Resources/RogueRelics/Icons/rogue_5/rogue_5_relic_cardg_2.png,四时丹青毫,IS6,岁的界园志异,231,RARE,,每场战斗仅一次，已部署4名干员时，下一名部署的干员获得抵抗，攻击力+50%，受到的元素损伤降低50%,夕亲自制作，世所罕见的毛笔，同时也是她的印信。下笔时，四时恒如一。,,,,,是,,rogue_5_relic_cardg_2,https://prts.wiki/index.php?title=Special:Redirect/file/%E6%94%B6%E8%97%8F%E5%93%81_%E5%B2%81%E7%9A%84%E7%95%8C%E5%9B%AD%E5%BF%97%E5%BC%82_231.png
../../Assets/_Game/Resources/RogueRelics/Icons/rogue_5/rogue_5_relic_cardg_3.png,士影,IS6,岁的界园志异,232,RARE,,每次部署待部署区最右侧的干员时，使全场干员获得消耗费用一定比例的屏障,为纪念一位守城将士而制的皮影。传闻其在边防战中带数名士兵守城百日，城破之时，其屹立城头，随之没入黄沙。玉门城建成后，曾为其立像纪念。,携带不小于3名重装干员完成一场战斗,,,,是,,rogue_5_relic_cardg_3,https://prts.wiki/index.php?title=Special:Redirect/file/%E6%94%B6%E8%97%8F%E5%93%81_%E5%B2%81%E7%9A%84%E7%95%8C%E5%9B%AD%E5%BF%97%E5%BC%82_232.png
../../Assets/_Game/Resources/RogueRelics/Icons/rogue_5/rogue_5_relic_cardg_4.png,匠影,IS6,岁的界园志异,233,SUPER_RARE,,每次部署待部署区最左侧的干员时，使全场干员获得消耗费用100%的技力,为纪念一位巧手者而制的皮影。其一生追求技艺之极致。歹人垂涎其技，而其不为金钱所惑，亦不为皮肉苦所动，只望其技不染。后殁于贼穴，其著作亦付之一炬，未传后人。,携带不小于3名辅助干员完成一场战斗,,,,是,,rogue_5_relic_cardg_4,https://prts.wiki/index.php?title=Special:Redirect/file/%E6%94%B6%E8%97%8F%E5%93%81_%E5%B2%81%E7%9A%84%E7%95%8C%E5%9B%AD%E5%BF%97%E5%BC%82_233.png
../../Assets/_Game/Resources/RogueRelics/Icons/rogue_5/rogue_5_relic_cardg_5.png,艺影,IS6,岁的界园志异,234,RARE,,进入战斗时，待部署区最左侧的干员初始技力+10，攻击速度+30，攻击力+30%,为纪念一位传奇舞者而制的皮影。传闻其舞于大江，舞出巨浪之势；舞于林间，舞出春芽之美。其一生为舞，年老后受伤隐退，不久便撒手人寰。无数舞者仿其姿而不得其意，可惜可叹。,,,,,是,,rogue_5_relic_cardg_5,https://prts.wiki/index.php?title=Special:Redirect/file/%E6%94%B6%E8%97%8F%E5%93%81_%E5%B2%81%E7%9A%84%E7%95%8C%E5%9B%AD%E5%BF%97%E5%BC%82_234.png
../../Assets/_Game/Resources/RogueRelics/Icons/rogue_5/rogue_5_relic_cardg_6.png,商影,IS6,岁的界园志异,235,RARE,,进入战斗时，待部署区最右侧的干员阻挡数+2，防御力+50%，最大生命值+50%，部署后返回50%的部署费用,为纪念一位多财善贾之商人而制的皮影。其曾召集一支民间车队，穿梭于天灾高发地带，于城乡间买卖，缓物资之急。待城间驰道最终修成之时，却故于意外。,,,,,是,,rogue_5_relic_cardg_6,https://prts.wiki/index.php?title=Special:Redirect/file/%E6%94%B6%E8%97%8F%E5%93%81_%E5%B2%81%E7%9A%84%E7%95%8C%E5%9B%AD%E5%BF%97%E5%BC%82_235.png
../../Assets/_Game/Resources/RogueRelics/Icons/rogue_5/rogue_5_relic_res_1.png,临渊符,IS6,岁的界园志异,236,RARE,,界园中，每层进入的首个战斗节点额外掉落一张随机招募券，可留存的招募券数量+1,出于对你的信任，司岁台通过了你携带更多干员入园的申请。只不过，溪鳞入陌河，需慎之又慎，这个道理他们希望新来者明白。,,,,,是,,rogue_5_relic_res_1,https://prts.wiki/index.php?title=Special:Redirect/file/%E6%94%B6%E8%97%8F%E5%93%81_%E5%B2%81%E7%9A%84%E7%95%8C%E5%9B%AD%E5%BF%97%E5%BC%82_236.png
../../Assets/_Game/Resources/RogueRelics/Icons/rogue_5/rogue_5_relic_res_2.png,三足金雏,IS6,岁的界园志异,237,SUPER_RARE,,获得时随机使持有的以下资源之一翻倍：源石锭、希望、护盾,异足的祥瑞，听说三只脚分别对应盛衰、生死、兴亡，哪一只脚先落在人身上，其人便可在那方面永享福泽。据司岁台的研究，这生物虽有羽兽的样貌和习性，但恐怕......,,,,,是,,rogue_5_relic_res_2,https://prts.wiki/index.php?title=Special:Redirect/file/%E6%94%B6%E8%97%8F%E5%93%81_%E5%B2%81%E7%9A%84%E7%95%8C%E5%9B%AD%E5%BF%97%E5%BC%82_237.png
../../Assets/_Game/Resources/RogueRelics/Icons/rogue_5/rogue_5_relic_raidian_1.png,电弧的掌机,IS6,岁的界园志异,238,RARE,,场上每存在一名召唤物，使全体【召唤物】的攻击力+100，防御力+100（最高叠加10层）,塞入了许多精心制作的小游戏，在游戏主角的身上总能看到电弧日常操控的器械的影子，偏偏没有她自己。,,,,,是,,rogue_5_relic_raidian_1,https://prts.wiki/index.php?title=Special:Redirect/file/%E6%94%B6%E8%97%8F%E5%93%81_%E5%B2%81%E7%9A%84%E7%95%8C%E5%9B%AD%E5%BF%97%E5%BC%82_238.png
../../Assets/_Game/Resources/RogueRelics/Icons/rogue_5/rogue_5_relic_speg_1.png,契心聆铃,IS6,岁的界园志异,239,SUPER_RARE,,每当有干员通过作战成为伺烛客，所有【伺烛客】攻击力+40%，部署后获得4点部署费用，再部署时间-4%（最多4层）,新秉烛人在就任仪式后去面见各位前辈——悬在办公处的结绳檐铃，一环扣着一环，颜色手法各不相同——聆听那清越铃声后，秉烛人在那环环相扣的绳结上新编了一环。,,,,,是,,rogue_5_relic_speg_1,https://prts.wiki/index.php?title=Special:Redirect/file/%E6%94%B6%E8%97%8F%E5%93%81_%E5%B2%81%E7%9A%84%E7%95%8C%E5%9B%AD%E5%BF%97%E5%BC%82_239.png
../../Assets/_Game/Resources/RogueRelics/Icons/rogue_5/rogue_5_relic_explore_7.png,子武剑,IS6,岁的界园志异,240,RARE,,使当前或下次进入的岁兽残识中所有祸乱节点变为可探索状态，我方所有干员再部署时间-5%，每完成一个祸乱节点叠加1层，最多6层,岁兽残识第一个时辰入髓后凝聚的实物，形为刀兵。以厮杀洗砺，便可见其锋锐的怒意。,,,,,是,,rogue_5_relic_explore_7,https://prts.wiki/index.php?title=Special:Redirect/file/%E6%94%B6%E8%97%8F%E5%93%81_%E5%B2%81%E7%9A%84%E7%95%8C%E5%9B%AD%E5%BF%97%E5%BC%82_240.png
../../Assets/_Game/Resources/RogueRelics/Icons/rogue_5/rogue_5_relic_explore_8.png,午商梭,IS6,岁的界园志异,241,RARE,,使当前或下次进入的岁兽残识中所有易与节点变为可探索状态，易与节点中的商品打折，且在任意商店中购买当前所有商品后，该商店下次刷新不消耗票券,岁兽残识第七个时辰入髓后凝聚的实物，形为织梭。以沟通编织，便可见其层叠的愁思。,,,,,是,,rogue_5_relic_explore_8,https://prts.wiki/index.php?title=Special:Redirect/file/%E6%94%B6%E8%97%8F%E5%93%81_%E5%B2%81%E7%9A%84%E7%95%8C%E5%9B%AD%E5%BF%97%E5%BC%82_241.png
../../Assets/_Game/Resources/RogueRelics/Icons/rogue_5/rogue_5_relic_explore_9.png,申铸轮,IS6,岁的界园志异,242,RARE,,希望+1，源石锭+3，使当前或下次进入的岁兽残识中所有常乐节点变为可探索状态，在部分常乐节点中有奇妙的作用,岁兽残识第九个时辰入髓后凝聚的实物，形为铜轮。以好奇煅烧，便可见其脱逸的豁达。,,,,,是,,rogue_5_relic_explore_9,https://prts.wiki/index.php?title=Special:Redirect/file/%E6%94%B6%E8%97%8F%E5%93%81_%E5%B2%81%E7%9A%84%E7%95%8C%E5%9B%AD%E5%BF%97%E5%BC%82_242.png
../../Assets/_Game/Resources/RogueRelics/Icons/rogue_5/rogue_5_relic_explore_10.png,亥食灶,IS6,岁的界园志异,243,RARE,,在拾遗节点中有奇妙的作用，完成所有拾遗节点后获得2烛火，最多触发1次,岁兽残识第十二个时辰入髓后凝聚的实物，形为锅灶。岁兽种种，人间是非，同在一片大地，为何要泾渭分明？,,,,,是,,rogue_5_relic_explore_10,https://prts.wiki/index.php?title=Special:Redirect/file/%E6%94%B6%E8%97%8F%E5%93%81_%E5%B2%81%E7%9A%84%E7%95%8C%E5%9B%AD%E5%BF%97%E5%BC%82_243.png
../../Assets/_Game/Resources/RogueRelics/Icons/rogue_5/rogue_5_relic_explore_11.png,寅诗壶,IS6,岁的界园志异,244,RARE,,希望+2，使当前或下次进入的岁兽残识中部分传说与抉择节点变为可探索状态，在部分传说节点中有奇妙的作用,岁兽残识第三个时辰入髓后凝聚的实物，形为酒壶。以轶事佐酒，便可见其虚漫的逍遥。,,,,,是,,rogue_5_relic_explore_11,https://prts.wiki/index.php?title=Special:Redirect/file/%E6%94%B6%E8%97%8F%E5%93%81_%E5%B2%81%E7%9A%84%E7%95%8C%E5%9B%AD%E5%BF%97%E5%BC%82_244.png
../../Assets/_Game/Resources/RogueRelics/Icons/rogue_5/rogue_5_relic_explore_12.png,未建尺,IS6,岁的界园志异,245,RARE,,源石锭+6，在故肆节点中有奇妙的作用,岁兽残识第八个时辰入髓后凝聚的实物，形为量尺。以认知构筑，便可见其滞塞的亲和。,,,,,是,,rogue_5_relic_explore_12,https://prts.wiki/index.php?title=Special:Redirect/file/%E6%94%B6%E8%97%8F%E5%93%81_%E5%B2%81%E7%9A%84%E7%95%8C%E5%9B%AD%E5%BF%97%E5%BC%82_245.png
../../Assets/_Game/Resources/RogueRelics/Icons/rogue_5/rogue_5_relic_explore_13.png,镇陵哨,IS6,岁的界园志异,246,SUPER_RARE,,本次离开商店时，立即进入岁兽残识并获得3烛火,镇陵木所做的哨子，吹响后意识便会随着气流一同离体，木哨则会化作柴薪，点燃稳定心神的烛火。,,,,,是,,rogue_5_relic_explore_13,https://prts.wiki/index.php?title=Special:Redirect/file/%E6%94%B6%E8%97%8F%E5%93%81_%E5%B2%81%E7%9A%84%E7%95%8C%E5%9B%AD%E5%BF%97%E5%BC%82_246.png
../../Assets/_Game/Resources/RogueRelics/Icons/rogue_5/rogue_5_relic_legacy_151.png,烟烛,IS6,岁的界园志异,247,NORMAL,,为一名未燃烛的干员燃烛,收集烛堂烟火后制作的灰烛，点燃便会消散，然而在那逝去烟云中所见的往事，将在某人的心中塑成一根不灭的心烛。,,,,,是,,rogue_5_relic_legacy_151,https://prts.wiki/index.php?title=Special:Redirect/file/%E6%94%B6%E8%97%8F%E5%93%81_%E5%B2%81%E7%9A%84%E7%95%8C%E5%9B%AD%E5%BF%97%E5%BC%82_247.png
../../Assets/_Game/Resources/RogueRelics/Icons/rogue_5/rogue_5_relic_return_3.png,讴歌者面纱,IS6,岁的界园志异,249,NORMAL,,所有敌方单位受到的法术伤害+10%，受到的元素损伤+50%,前任女妖之主留给人一种亲切的印象，好似她从来都是如此......直到她拔出骨笔，轻声吟唱，将哀嚎钉入每一个入侵者的思维。,,,,,是,,rogue_5_relic_return_3,https://prts.wiki/index.php?title=Special:Redirect/file/%E6%94%B6%E8%97%8F%E5%93%81_%E5%B2%81%E7%9A%84%E7%95%8C%E5%9B%AD%E5%BF%97%E5%BC%82_249.png
../../Assets/_Game/Resources/RogueRelics/Icons/rogue_5/rogue_5_relic_return_4.png,灾难之源,IS6,岁的界园志异,250,RARE,,所有敌方单位受到的法术伤害+20%，受到的元素损伤+100%,萨卡兹掘断了塔尔干主矿脉，源石结晶从卡兹戴尔喷涌而出。萨卡兹的败亡早已注定，于是他们要大地上的一切成为陪葬。,,,,,是,,rogue_5_relic_return_4,https://prts.wiki/index.php?title=Special:Redirect/file/%E6%94%B6%E8%97%8F%E5%93%81_%E5%B2%81%E7%9A%84%E7%95%8C%E5%9B%AD%E5%BF%97%E5%BC%82_250.png
../../Assets/_Game/Resources/RogueRelics/Icons/rogue_5/rogue_5_relic_return_7.png,生还者合约,IS6,岁的界园志异,253,SUPER_RARE,,战斗开始时，使随机一名干员攻击力和防御力+20%，且每次战斗胜利后额外+20%,一本包含海量条目的合约书。书中记录的每一项条款都是抛弃感性与运气的经验结晶，逐一履行，便能成为幸存的最后一人。,,,,,是,,rogue_5_relic_return_7,https://prts.wiki/index.php?title=Special:Redirect/file/%E6%94%B6%E8%97%8F%E5%93%81_%E5%B2%81%E7%9A%84%E7%95%8C%E5%9B%AD%E5%BF%97%E5%BC%82_253.png
../../Assets/_Game/Resources/RogueRelics/Icons/rogue_5/rogue_5_relic_return_9.png,无惧之刃,IS6,岁的界园志异,255,SUPER_RARE,,作战开始时，我方部署费用最高的干员攻击力与防御力+50%,他站在城门前，为卡兹戴尔守住这处门户。高卢火炮队、莱塔尼亚术师团、维多利亚骑士轮番上阵，想要突破这只有一名萨卡兹的防线。可直到城门被轰碎，直到联军决定撤退，这位歌利亚剑士都没有后退一步。,,,,,是,,rogue_5_relic_return_9,https://prts.wiki/index.php?title=Special:Redirect/file/%E6%94%B6%E8%97%8F%E5%93%81_%E5%B2%81%E7%9A%84%E7%95%8C%E5%9B%AD%E5%BF%97%E5%BC%82_255.png
../../Assets/_Game/Resources/RogueRelics/Icons/rogue_5/rogue_5_relic_return_12.png,教母的信物,IS6,岁的界园志异,256,SUPER_RARE,,所有敌方单位的攻击力-17%,骨质的桂冠，西西里夫人的信物。秩序的象征将铲平起伏的欲望，斗争不被允许。无论真假，跪下。,,,,,是,,rogue_5_relic_return_12,https://prts.wiki/index.php?title=Special:Redirect/file/%E6%94%B6%E8%97%8F%E5%93%81_%E5%B2%81%E7%9A%84%E7%95%8C%E5%9B%AD%E5%BF%97%E5%BC%82_256.png
../../Assets/_Game/Resources/RogueRelics/Icons/rogue_5/rogue_5_relic_return_13.png,开裂的束缚带,IS6,岁的界园志异,257,NORMAL,,所有敌方单位的攻击力-7%,这根坚固的带子似乎绑过什么恐怖的东西......救命......,,,,,是,,rogue_5_relic_return_13,https://prts.wiki/index.php?title=Special:Redirect/file/%E6%94%B6%E8%97%8F%E5%93%81_%E5%B2%81%E7%9A%84%E7%95%8C%E5%9B%AD%E5%BF%97%E5%BC%82_257.png
../../Assets/_Game/Resources/RogueRelics/Icons/rogue_5/rogue_5_relic_return_16.png,雪牝的护手,IS6,岁的界园志异,259,RARE,,所有我方单位阻挡3名及以上敌人后，攻击速度+80，获得50%的物理和法术闪避，持续30秒,她向寒灾射去了箭袋中最后的三支箭，寒灾用它们结束了她的生命。,,,,,是,,rogue_5_relic_return_16,https://prts.wiki/index.php?title=Special:Redirect/file/%E6%94%B6%E8%97%8F%E5%93%81_%E5%B2%81%E7%9A%84%E7%95%8C%E5%9B%AD%E5%BF%97%E5%BC%82_259.png
../../Assets/_Game/Resources/RogueRelics/Icons/rogue_5/rogue_5_relic_return_20.png,古乔治营养原浆,IS6,岁的界园志异,263,RARE,,干员生命值越高，攻击力越高，100%生命值时达到最大可提升攻击力（+30%）,一种味道很差的强化营养剂，原本是哥伦比亚开发商定期向拓荒工人提供的“食物”补给，但在铺天盖地的营销后，它摇身一变成为了贵族钟爱的“美型良品”。,,,,,是,,rogue_5_relic_return_20,https://prts.wiki/index.php?title=Special:Redirect/file/%E6%94%B6%E8%97%8F%E5%93%81_%E5%B2%81%E7%9A%84%E7%95%8C%E5%9B%AD%E5%BF%97%E5%BC%82_263.png
../../Assets/_Game/Resources/RogueRelics/Icons/rogue_5/rogue_5_relic_return_21.png,断杖-汲取,IS6,岁的界园志异,264,RARE,,所有【术师】干员每对一个单位造成伤害就回复2点技力值,摄取失败者的养分，踏上恒久的胜利。,,,,,是,,rogue_5_relic_return_21,https://prts.wiki/index.php?title=Special:Redirect/file/%E6%94%B6%E8%97%8F%E5%93%81_%E5%B2%81%E7%9A%84%E7%95%8C%E5%9B%AD%E5%BF%97%E5%BC%82_264.png
../../Assets/_Game/Resources/RogueRelics/Icons/rogue_5/rogue_5_relic_return_22.png,铁卫-推进,IS6,岁的界园志异,265,RARE,,所有【重装】干员每2秒束缚自身附近所有敌人1秒，并造成相当于攻击力100%的真实伤害,以放弃防守换取进攻的机会，毁灭的阵线向前迈进。,,,,,是,,rogue_5_relic_return_22,https://prts.wiki/index.php?title=Special:Redirect/file/%E6%94%B6%E8%97%8F%E5%93%81_%E5%B2%81%E7%9A%84%E7%95%8C%E5%9B%AD%E5%BF%97%E5%BC%82_265.png
../../Assets/_Game/Resources/RogueRelics/Icons/rogue_5/rogue_5_relic_legacy_152.png,惊堂木,IS6,岁的界园志异,266,RARE,,钱盒里每有一枚衡钱，所有我方干员生命值+10％（最多+150％）,据说某位断案的官员常被胡搅蛮缠的犯人气得想砸东西，于是她的弟弟发明了这块木头，既能发泄不满，又能威慑公堂，甚妙。,,,,,是,,rogue_5_relic_legacy_152,https://prts.wiki/index.php?title=Special:Redirect/file/%E6%94%B6%E8%97%8F%E5%93%81_%E5%B2%81%E7%9A%84%E7%95%8C%E5%9B%AD%E5%BF%97%E5%BC%82_266.png
../../Assets/_Game/Resources/RogueRelics/Icons/rogue_5/rogue_5_relic_legacy_154.png,手镯轮,IS6,岁的界园志异,268,RARE,,我方干员阻挡敌人时，攻击力+50％,短兵相接，出奇制胜。,,,,,是,,rogue_5_relic_legacy_154,https://prts.wiki/index.php?title=Special:Redirect/file/%E6%94%B6%E8%97%8F%E5%93%81_%E5%B2%81%E7%9A%84%E7%95%8C%E5%9B%AD%E5%BF%97%E5%BC%82_268.png
../../Assets/_Game/Resources/RogueRelics/Icons/rogue_5/rogue_5_relic_legacy_155.png,老磨盘,IS6,岁的界园志异,269,RARE,,干员受到伤害后，攻击速度+6（最多叠加10次）,拉磨的兽总挨鞭子，推磨的人总受责骂，结果磨盘是最先崩溃的那个，此后，它但凡听见声响，就会自顾自地转起来。,,,,,是,,rogue_5_relic_legacy_155,https://prts.wiki/index.php?title=Special:Redirect/file/%E6%94%B6%E8%97%8F%E5%93%81_%E5%B2%81%E7%9A%84%E7%95%8C%E5%9B%AD%E5%BF%97%E5%BC%82_269.png
../../Assets/_Game/Resources/RogueRelics/Icons/rogue_5/rogue_5_relic_legacy_156.png,鸣脊兽,IS6,岁的界园志异,270,RARE,,所有我方干员技能未开启时40秒内攻击速度逐渐提升至至高+40，每次技能结束时失去该加成,这只脊兽负责给整个界园报时，工作人员在它身上花了许多心思，就为了让它快快起飞，一鸣惊园。,,,,,是,,rogue_5_relic_legacy_156,https://prts.wiki/index.php?title=Special:Redirect/file/%E6%94%B6%E8%97%8F%E5%93%81_%E5%B2%81%E7%9A%84%E7%95%8C%E5%9B%AD%E5%BF%97%E5%BC%82_270.png
../../Assets/_Game/Resources/RogueRelics/Icons/rogue_5/rogue_5_relic_legacy_157.png,登天斧,IS6,岁的界园志异,271,NORMAL,,所有干员攻击力、生命值+60％。每进入一次岁兽残识，所有干员攻击力、生命值-30％（最多叠加2次）,曾有樵夫迷失于界园，凭着一把钝斧头和求生欲从山脚一路砍到了见字祠的大门前。之后这位不知岁识为何物的大爷便被“聘”为界园的工作人员，而易则收藏了他再也用不到的斧头。,,,,,是,,rogue_5_relic_legacy_157,https://prts.wiki/index.php?title=Special:Redirect/file/%E6%94%B6%E8%97%8F%E5%93%81_%E5%B2%81%E7%9A%84%E7%95%8C%E5%9B%AD%E5%BF%97%E5%BC%82_271.png
../../Assets/_Game/Resources/RogueRelics/Icons/rogue_5/rogue_5_relic_legacy_158.png,虚实线团,IS6,岁的界园志异,272,NORMAL,,干员周围八格内有其他干员时，自身防御力+600，法术抗性+15,易不知从何处收集来的，绩弃之不用的丝线，在虚线与实线都经过一番处理后，它们被丢入界园一隅，成了野兽们的玩具。,,,,,是,,rogue_5_relic_legacy_158,https://prts.wiki/index.php?title=Special:Redirect/file/%E6%94%B6%E8%97%8F%E5%93%81_%E5%B2%81%E7%9A%84%E7%95%8C%E5%9B%AD%E5%BF%97%E5%BC%82_272.png
../../Assets/_Game/Resources/RogueRelics/Icons/rogue_5/rogue_5_relic_legacy_159.png,绸锁,IS6,岁的界园志异,273,NORMAL,,干员周围八格内有其他干员时，自身最大生命值上限+40％,易为一对老员工证婚时送上的礼物，若是有人变心，这把绸锁就会自己解开——他们已经离开很久了，这把锁似乎仍没有什么变化。,,,,,是,,rogue_5_relic_legacy_159,https://prts.wiki/index.php?title=Special:Redirect/file/%E6%94%B6%E8%97%8F%E5%93%81_%E5%B2%81%E7%9A%84%E7%95%8C%E5%9B%AD%E5%BF%97%E5%BC%82_273.png
../../Assets/_Game/Resources/RogueRelics/Icons/rogue_5/rogue_5_relic_legacy_160.png,循矩残片,IS6,岁的界园志异,274,RARE,,干员攻击力+50％，手动开启技能后对应干员失去加成,矩兽怪异身躯的一部分，如今藏于百灶博物馆。过去，有一组参观过该藏品的游客莫名迈着整齐划一的步伐走出展厅，这件物品随即被运入库房，永不展出。,,,,,是,,rogue_5_relic_legacy_160,https://prts.wiki/index.php?title=Special:Redirect/file/%E6%94%B6%E8%97%8F%E5%93%81_%E5%B2%81%E7%9A%84%E7%95%8C%E5%9B%AD%E5%BF%97%E5%BC%82_274.png
../../Assets/_Game/Resources/RogueRelics/Icons/rogue_5/rogue_5_relic_legacy_161.png,后土残片,IS6,岁的界园志异,275,RARE,,位于化境地块上的干员开启技能时，使全场干员攻击力+40％，持续30秒,后兽沉重身躯的一部分，曾藏于百灶博物馆内。在将整个展馆化作花园后不知所终，或许祂已同这片新生的自然融为一体。,,,,,是,,rogue_5_relic_legacy_161,https://prts.wiki/index.php?title=Special:Redirect/file/%E6%94%B6%E8%97%8F%E5%93%81_%E5%B2%81%E7%9A%84%E7%95%8C%E5%9B%AD%E5%BF%97%E5%BC%82_275.png
../../Assets/_Game/Resources/RogueRelics/Icons/rogue_5/rogue_5_relic_legacy_162.png,得胜琴,IS6,岁的界园志异,276,SUPER_RARE,,我方干员攻击力+15％。每次损失目标生命值时，攻击力额外+5％（最多叠加17次）,只有征战归来的勇士才能拨上一个音，一战之后，便得一谱，收为纪念。经历百战，琴体早已被染红。但得胜之音，绕耳不息。,,,,,是,,rogue_5_relic_legacy_162,https://prts.wiki/index.php?title=Special:Redirect/file/%E6%94%B6%E8%97%8F%E5%93%81_%E5%B2%81%E7%9A%84%E7%95%8C%E5%9B%AD%E5%BF%97%E5%BC%82_276.png
../../Assets/_Game/Resources/RogueRelics/Icons/rogue_5/rogue_5_relic_legacy_163.png,“万灵方”,IS6,岁的界园志异,277,RARE,,干员位于异常状态（寒冷、冰冻、晕眩）时，防御力+1200、法术抗性+30,研发这药方的小郎中说它只可缓解疼痛，凝神安心，为医生对症下药争取时间。但许多人不疼了就以为是药到病除，便给这帖药安了这么个虚名。,,,,,是,,rogue_5_relic_legacy_163,https://prts.wiki/index.php?title=Special:Redirect/file/%E6%94%B6%E8%97%8F%E5%93%81_%E5%B2%81%E7%9A%84%E7%95%8C%E5%9B%AD%E5%BF%97%E5%BC%82_277.png
../../Assets/_Game/Resources/RogueRelics/Icons/rogue_5/rogue_5_relic_legacy_164.png,醒时塔,IS6,岁的界园志异,278,SUPER_RARE,,醒觉一个岁时,岁时难抗，但柳儿想了个绝妙的法子。在诸位岁兽代理人的帮助下，她研究出了这座能改换岁时的宝塔。,,,,,是,,rogue_5_relic_legacy_164,https://prts.wiki/index.php?title=Special:Redirect/file/%E6%94%B6%E8%97%8F%E5%93%81_%E5%B2%81%E7%9A%84%E7%95%8C%E5%9B%AD%E5%BF%97%E5%BC%82_278.png
../../Assets/_Game/Resources/RogueRelics/Icons/rogue_5/rogue_5_relic_legacy_165.png,承钱盘,IS6,岁的界园志异,279,SUPER_RARE,,投出花钱时，希望+1；投出衡钱时，源石锭+4；投出厉钱时，目标生命值+1,投钱就要听个叮当响，有好事者为此专门做了个盘子，还美其名曰“一个要摔，一个要挨”。不知不觉间，竟培养出这大地上一等一的识钱好盘。,,,,,是,,rogue_5_relic_legacy_165,https://prts.wiki/index.php?title=Special:Redirect/file/%E6%94%B6%E8%97%8F%E5%93%81_%E5%B2%81%E7%9A%84%E7%95%8C%E5%9B%AD%E5%BF%97%E5%BC%82_279.png
../../Assets/_Game/Resources/RogueRelics/Icons/rogue_5/rogue_5_relic_legacy_166.png,小八界贴纸,IS6,岁的界园志异,280,SUPER_RARE,,有概率额外投出通宝,时常与通宝一起被出售的界园吉祥物贴纸，偶尔会将想要离开藏钱木盒的好朋友们掷出去。,,,,,是,,rogue_5_relic_legacy_166,https://prts.wiki/index.php?title=Special:Redirect/file/%E6%94%B6%E8%97%8F%E5%93%81_%E5%B2%81%E7%9A%84%E7%95%8C%E5%9B%AD%E5%BF%97%E5%BC%82_280.png
../../Assets/_Game/Resources/RogueRelics/Icons/rogue_5/rogue_5_relic_legacy_167.png,兵锋,IS6,岁的界园志异,281,RARE,,钱盒里每有一枚衡钱，所有我方干员攻击力+10％（最多+150％）,每一位禁军都是实力与气运造就的偶然，其兵刃同样如此。,,,,,是,,rogue_5_relic_legacy_167,https://prts.wiki/index.php?title=Special:Redirect/file/%E6%94%B6%E8%97%8F%E5%93%81_%E5%B2%81%E7%9A%84%E7%95%8C%E5%9B%AD%E5%BF%97%E5%BC%82_281.png
../../Assets/_Game/Resources/RogueRelics/Icons/rogue_5/rogue_5_relic_return_23.png,国王的新枪,IS6,岁的界园志异,282,RARE,,目标生命为1时，所有我方干员的攻击速度+50,绝境下的美好祈愿能带给人希望，即使那并不是真相。,,,,,是,,rogue_5_relic_return_23,https://prts.wiki/index.php?title=Special:Redirect/file/%E6%94%B6%E8%97%8F%E5%93%81_%E5%B2%81%E7%9A%84%E7%95%8C%E5%9B%AD%E5%BF%97%E5%BC%82_282.png
../../Assets/_Game/Resources/RogueRelics/Icons/rogue_5/rogue_5_relic_return_24.png,国王的铠甲,IS6,岁的界园志异,283,RARE,,护盾值+3，将目标生命全部转化为等量护盾值且战斗结束后使目标生命-1，护盾值+1,王宫的大门前、广场上，曾摆放着那么多金色的展柜，四方珍品尽供欣赏。而现在，仅仅是回想那个场面就会让人受伤。,,,,,是,,rogue_5_relic_return_24,https://prts.wiki/index.php?title=Special:Redirect/file/%E6%94%B6%E8%97%8F%E5%93%81_%E5%B2%81%E7%9A%84%E7%95%8C%E5%9B%AD%E5%BF%97%E5%BC%82_283.png
../../Assets/_Game/Resources/RogueRelics/Icons/rogue_5/rogue_5_relic_return_25.png,国王的延伸,IS6,岁的界园志异,284,RARE,,目标生命为1时，所有干员每2秒额外回复1点技力和3%的生命值,成长，认清现实，用坚韧与笃定武装自己，用包容与慈恩武装朋友。,,,,,是,,rogue_5_relic_return_25,https://prts.wiki/index.php?title=Special:Redirect/file/%E6%94%B6%E8%97%8F%E5%93%81_%E5%B2%81%E7%9A%84%E7%95%8C%E5%9B%AD%E5%BF%97%E5%BC%82_284.png
../../Assets/_Game/Resources/RogueRelics/Icons/rogue_5/rogue_5_relic_return_26.png,诸王的冠冕,IS6,岁的界园志异,285,RARE,,目标生命为1时，所有我方干员的攻击力+40%，集齐3件及以上国王收藏品后变为+80%,无名的诸王啊，纵使王国毁灭，仍愿您护佑伊比利亚。,,,,,是,,rogue_5_relic_return_26,https://prts.wiki/index.php?title=Special:Redirect/file/%E6%94%B6%E8%97%8F%E5%93%81_%E5%B2%81%E7%9A%84%E7%95%8C%E5%9B%AD%E5%BF%97%E5%BC%82_285.png
../../Assets/_Game/Resources/RogueRelics/Icons/rogue_5/rogue_5_relic_return_27.png,魔王的床榻,IS6,岁的界园志异,286,RARE,,目标生命值达到上限时，所有干员的防御力+20%，法术抗性+10,身居此位者，安睡即为永眠。,,,,,是,,rogue_5_relic_return_27,https://prts.wiki/index.php?title=Special:Redirect/file/%E6%94%B6%E8%97%8F%E5%93%81_%E5%B2%81%E7%9A%84%E7%95%8C%E5%9B%AD%E5%BF%97%E5%BC%82_286.png
../../Assets/_Game/Resources/RogueRelics/Icons/rogue_5/rogue_5_relic_return_28.png,魔王的旗帜,IS6,岁的界园志异,287,RARE,,目标生命值达到上限时，所有干员的攻击速度+50,身居此位者，抗争便会陨落。,,,,,是,,rogue_5_relic_return_28,https://prts.wiki/index.php?title=Special:Redirect/file/%E6%94%B6%E8%97%8F%E5%93%81_%E5%B2%81%E7%9A%84%E7%95%8C%E5%9B%AD%E5%BF%97%E5%BC%82_287.png
../../Assets/_Game/Resources/RogueRelics/Icons/rogue_5/rogue_5_relic_return_29.png,魔王的祭器,IS6,岁的界园志异,288,RARE,,目标生命值达到上限时，所有干员的最大生命值+60%，集齐3件及以上魔王收藏品后变为+120%,身居此位者，兴盛仅是泡影。,,,,,是,,rogue_5_relic_return_29,https://prts.wiki/index.php?title=Special:Redirect/file/%E6%94%B6%E8%97%8F%E5%93%81_%E5%B2%81%E7%9A%84%E7%95%8C%E5%9B%AD%E5%BF%97%E5%BC%82_288.png
../../Assets/_Game/Resources/RogueRelics/Icons/rogue_5/rogue_5_relic_return_30.png,扣挠之手,IS6,岁的界园志异,289,RARE,,【凝滞师】【削弱者】【护佑者】攻击时额外造成目标当前生命值3%的法术伤害,点点滴滴，挡无可挡。,,,,,是,,rogue_5_relic_return_30,https://prts.wiki/index.php?title=Special:Redirect/file/%E6%94%B6%E8%97%8F%E5%93%81_%E5%B2%81%E7%9A%84%E7%95%8C%E5%9B%AD%E5%BF%97%E5%BC%82_289.png
../../Assets/_Game/Resources/RogueRelics/Icons/rogue_5/rogue_5_relic_return_31.png,掠食之手,IS6,岁的界园志异,290,RARE,,【尖兵】【冲锋手】【战术家】每次开启技能时自身攻击力、防御力+10%（最多叠加10层）,跃入兽群，撕裂皮囊。,,,,,是,,rogue_5_relic_return_31,https://prts.wiki/index.php?title=Special:Redirect/file/%E6%94%B6%E8%97%8F%E5%93%81_%E5%B2%81%E7%9A%84%E7%95%8C%E5%9B%AD%E5%BF%97%E5%BC%82_290.png
../../Assets/_Game/Resources/RogueRelics/Icons/rogue_5/rogue_5_relic_return_32.png,裂岩之手,IS6,岁的界园志异,291,RARE,,【收割者】【武者】【斗士】攻击无视目标70%防御,开山碎地，噬土吞石。,,,,,是,,rogue_5_relic_return_32,https://prts.wiki/index.php?title=Special:Redirect/file/%E6%94%B6%E8%97%8F%E5%93%81_%E5%B2%81%E7%9A%84%E7%95%8C%E5%9B%AD%E5%BF%97%E5%BC%82_291.png
../../Assets/_Game/Resources/RogueRelics/Icons/rogue_5/rogue_5_relic_return_34.png,久居之手,IS6,岁的界园志异,293,RARE,,【伏击客】【行商】【怪杰】每在场上存在30秒，攻击力+25%（最多叠加5层）,战场如家，久居常住。,,,,,是,,rogue_5_relic_return_34,https://prts.wiki/index.php?title=Special:Redirect/file/%E6%94%B6%E8%97%8F%E5%93%81_%E5%B2%81%E7%9A%84%E7%95%8C%E5%9B%AD%E5%BF%97%E5%BC%82_293.png
../../Assets/_Game/Resources/RogueRelics/Icons/rogue_5/rogue_5_relic_return_35.png,烟花之手,IS6,岁的界园志异,294,RARE,,【速射手】【回环射手】【哨戒铁卫】每次攻击命中时，有25%概率发射一枚额外子弹，造成相当于攻击力200%的群体物理伤害,砰砰啪啪，意外之喜。,,,,,是,,rogue_5_relic_return_35,https://prts.wiki/index.php?title=Special:Redirect/file/%E6%94%B6%E8%97%8F%E5%93%81_%E5%B2%81%E7%9A%84%E7%95%8C%E5%9B%AD%E5%BF%97%E5%BC%82_294.png
../../Assets/_Game/Resources/RogueRelics/Icons/rogue_6/rogue_6_relic_legacy_22.png,精选兽肉罐头,IS7,沉沦者的黑流树海,001,NORMAL,,可携带干员+1，所有我方单位每秒回复3点生命,对奔行于长路的旅人而言，“开罐即食”的便利，往往比味道更重要。,,,,,是,,rogue_6_relic_legacy_22,https://prts.wiki/index.php?title=Special:Redirect/file/%E6%94%B6%E8%97%8F%E5%93%81_%E6%B2%89%E6%B2%A6%E8%80%85%E7%9A%84%E9%BB%91%E6%B5%81%E6%A0%91%E6%B5%B7_001.png
../../Assets/_Game/Resources/RogueRelics/Icons/rogue_6/rogue_6_relic_legacy_23.png,凉拌海草,IS7,沉沦者的黑流树海,002,NORMAL,,可携带干员+1，所有我方单位的攻击速度+1,曾是令伊比利亚人自傲的民族美食，如今已因海嗣横行，渐渐离开了人们的记忆。,,,,,是,,rogue_6_relic_legacy_23,https://prts.wiki/index.php?title=Special:Redirect/file/%E6%94%B6%E8%97%8F%E5%93%81_%E6%B2%89%E6%B2%A6%E8%80%85%E7%9A%84%E9%BB%91%E6%B5%81%E6%A0%91%E6%B5%B7_002.png
../../Assets/_Game/Resources/RogueRelics/Icons/rogue_6/rogue_6_relic_legacy_24.png,橙味风暴,IS7,沉沦者的黑流树海,003,NORMAL,,可携带干员+1，所有我方单位的攻击力+1%,约翰老妈糖果产品，畅销橙子味，以廉价美味为卖点，在孩子中很有人气。,,,,,是,,rogue_6_relic_legacy_24,https://prts.wiki/index.php?title=Special:Redirect/file/%E6%94%B6%E8%97%8F%E5%93%81_%E6%B2%89%E6%B2%A6%E8%80%85%E7%9A%84%E9%BB%91%E6%B5%81%E6%A0%91%E6%B5%B7_003.png
../../Assets/_Game/Resources/RogueRelics/Icons/rogue_6/rogue_6_relic_legacy_25.png,尖叫樱桃,IS7,沉沦者的黑流树海,004,RARE,,可携带干员+2，所有我方单位的攻击力+2%,约翰老妈糖果产品，小众醋腌樱桃味，销量无法比肩畅销款，但一直有一小群忠实而稳定的消费者。听说某位约翰老妈董事就钟爱此口味。,,,,,是,,rogue_6_relic_legacy_25,https://prts.wiki/index.php?title=Special:Redirect/file/%E6%94%B6%E8%97%8F%E5%93%81_%E6%B2%89%E6%B2%A6%E8%80%85%E7%9A%84%E9%BB%91%E6%B5%81%E6%A0%91%E6%B5%B7_004.png
../../Assets/_Game/Resources/RogueRelics/Icons/rogue_6/rogue_6_relic_legacy_26.png,咖啡平原咖啡糖,IS7,沉沦者的黑流树海,005,RARE,,可携带干员+2，所有我方单位的攻击速度+2,多索雷斯咖啡品牌糖果产品，现已广销各地。添加真实咖啡因，让你从上班清醒到加班。,,,,,是,,rogue_6_relic_legacy_26,https://prts.wiki/index.php?title=Special:Redirect/file/%E6%94%B6%E8%97%8F%E5%93%81_%E6%B2%89%E6%B2%A6%E8%80%85%E7%9A%84%E9%BB%91%E6%B5%81%E6%A0%91%E6%B5%B7_005.png
../../Assets/_Game/Resources/RogueRelics/Icons/rogue_6/rogue_6_relic_legacy_27.png,皮特水果什锦,IS7,沉沦者的黑流树海,006,SUPER_RARE,,可携带干员+3，所有我方单位的攻击力、防御力和生命值+3%,皮特牌什锦水果糖，以丰富的口味和超高性价比在糖果市场上与约翰老妈糖果系列相抗衡。缪尔赛思的最爱。,,,,,是,,rogue_6_relic_legacy_27,https://prts.wiki/index.php?title=Special:Redirect/file/%E6%94%B6%E8%97%8F%E5%93%81_%E6%B2%89%E6%B2%A6%E8%80%85%E7%9A%84%E9%BB%91%E6%B5%81%E6%A0%91%E6%B5%B7_006.png
../../Assets/_Game/Resources/RogueRelics/Icons/rogue_6/rogue_6_relic_legacy_28.png,地形图,IS7,沉沦者的黑流树海,007,NORMAL,,可同时部署人数+1，所有我方单位的防御力+4%,一份颇有年代感的手绘地图，图上的名称和对应地形都有较大更易，比例尺似乎也有些问题。,,,,,是,,rogue_6_relic_legacy_28,https://prts.wiki/index.php?title=Special:Redirect/file/%E6%94%B6%E8%97%8F%E5%93%81_%E6%B2%89%E6%B2%A6%E8%80%85%E7%9A%84%E9%BB%91%E6%B5%81%E6%A0%91%E6%B5%B7_007.png
../../Assets/_Game/Resources/RogueRelics/Icons/rogue_6/rogue_6_relic_legacy_29.png,神音海螺,IS7,沉沦者的黑流树海,008,NORMAL,,可同时部署人数+1，所有我方单位的生命值+4%,吹响它，那些你不曾见过、甚至不曾听闻的神明将回应你的声音。其实就是一个空心海螺。,,,,,是,,rogue_6_relic_legacy_29,https://prts.wiki/index.php?title=Special:Redirect/file/%E6%94%B6%E8%97%8F%E5%93%81_%E6%B2%89%E6%B2%A6%E8%80%85%E7%9A%84%E9%BB%91%E6%B5%81%E6%A0%91%E6%B5%B7_008.png
../../Assets/_Game/Resources/RogueRelics/Icons/rogue_6/rogue_6_relic_legacy_30.png,林间夜话,IS7,沉沦者的黑流树海,009,RARE,,可同时部署人数+2，所有我方单位的防御力+6%,疗养庭院为有外勤任务的干员特调的香薰套装，提炼十五种植物成分，尝试一百七十二种组合。风踏进山林，万物低语，人可好眠。,,,,,是,,rogue_6_relic_legacy_30,https://prts.wiki/index.php?title=Special:Redirect/file/%E6%94%B6%E8%97%8F%E5%93%81_%E6%B2%89%E6%B2%A6%E8%80%85%E7%9A%84%E9%BB%91%E6%B5%81%E6%A0%91%E6%B5%B7_009.png
../../Assets/_Game/Resources/RogueRelics/Icons/rogue_6/rogue_6_relic_legacy_31.png,教堂救济餐券,IS7,沉沦者的黑流树海,010,RARE,,可同时部署人数+2，所有我方单位的生命值+6%,在没落的伊比利亚沿海城镇，某些教堂会定期提供救济餐，信徒们凭券领取。至于救济餐券的发放标准，是个秘密。,,,,,是,,rogue_6_relic_legacy_31,https://prts.wiki/index.php?title=Special:Redirect/file/%E6%94%B6%E8%97%8F%E5%93%81_%E6%B2%89%E6%B2%A6%E8%80%85%E7%9A%84%E9%BB%91%E6%B5%81%E6%A0%91%E6%B5%B7_010.png
../../Assets/_Game/Resources/RogueRelics/Icons/rogue_6/rogue_6_relic_legacy_45.png,古旧乐谱残章,IS7,沉沦者的黑流树海,011,RARE,,希望+4,一张古旧的乐谱残章，上面的音符已经模糊不清，不知这首曲子讲述着怎样的故事。,,,,,是,,rogue_6_relic_legacy_45,https://prts.wiki/index.php?title=Special:Redirect/file/%E6%94%B6%E8%97%8F%E5%93%81_%E6%B2%89%E6%B2%A6%E8%80%85%E7%9A%84%E9%BB%91%E6%B5%81%E6%A0%91%E6%B5%B7_011.png
../../Assets/_Game/Resources/RogueRelics/Icons/rogue_6/rogue_6_relic_legacy_46.png,解约协议,IS7,沉沦者的黑流树海,012,RARE,,希望+4,只要拿到一个签名，就可以彻底摆脱这个剧团了。,,,,,是,,rogue_6_relic_legacy_46,https://prts.wiki/index.php?title=Special:Redirect/file/%E6%94%B6%E8%97%8F%E5%93%81_%E6%B2%89%E6%B2%A6%E8%80%85%E7%9A%84%E9%BB%91%E6%B5%81%E6%A0%91%E6%B5%B7_012.png
../../Assets/_Game/Resources/RogueRelics/Icons/rogue_6/rogue_6_relic_legacy_47.png,女妖之吻,IS7,沉沦者的黑流树海,013,SUPER_RARE,,希望+8,外族人获得它时常常会展现出超越自身的勇气，但作为稀少的男性女妖，Logos对于这种东西已经见怪不怪了。,,,,,是,,rogue_6_relic_legacy_47,https://prts.wiki/index.php?title=Special:Redirect/file/%E6%94%B6%E8%97%8F%E5%93%81_%E6%B2%89%E6%B2%A6%E8%80%85%E7%9A%84%E9%BB%91%E6%B5%81%E6%A0%91%E6%B5%B7_013.png
../../Assets/_Game/Resources/RogueRelics/Icons/rogue_6/rogue_6_relic_legacy_1.png,热水壶,IS7,沉沦者的黑流树海,014,NORMAL,,目标生命上限+2，希望+2,罗德岛办公室里的同款热水壶，有人经常大半夜用热水壶煮速食面吃，这种生活习惯不是很健康......,,,,,是,,rogue_6_relic_legacy_1,https://prts.wiki/index.php?title=Special:Redirect/file/%E6%94%B6%E8%97%8F%E5%93%81_%E6%B2%89%E6%B2%A6%E8%80%85%E7%9A%84%E9%BB%91%E6%B5%81%E6%A0%91%E6%B5%B7_014.png
../../Assets/_Game/Resources/RogueRelics/Icons/rogue_6/rogue_6_relic_legacy_32.png,特级馥郁咖啡豆,IS7,沉沦者的黑流树海,015,RARE,,可携带干员+1，可同时部署人数+1，护盾值+1,咖啡农们喂某类体带异香的珍稀羽兽吃下咖啡豆，再从其排泄物中提取加工，经过胃酸发酵过程产生的异香，让咖啡豆的价格翻了三倍。,,,,,是,,rogue_6_relic_legacy_32,https://prts.wiki/index.php?title=Special:Redirect/file/%E6%94%B6%E8%97%8F%E5%93%81_%E6%B2%89%E6%B2%A6%E8%80%85%E7%9A%84%E9%BB%91%E6%B5%81%E6%A0%91%E6%B5%B7_015.png
../../Assets/_Game/Resources/RogueRelics/Icons/rogue_6/rogue_6_relic_legacy_38.png,蓝色丝巾,IS7,沉沦者的黑流树海,016,NORMAL,,希望+2，可携带干员+1,女士优雅的丝巾，她的出现代表安全。,,,,,是,,rogue_6_relic_legacy_38,https://prts.wiki/index.php?title=Special:Redirect/file/%E6%94%B6%E8%97%8F%E5%93%81_%E6%B2%89%E6%B2%A6%E8%80%85%E7%9A%84%E9%BB%91%E6%B5%81%E6%A0%91%E6%B5%B7_016.png
../../Assets/_Game/Resources/RogueRelics/Icons/rogue_6/rogue_6_relic_legacy_39.png,红色蝴蝶结,IS7,沉沦者的黑流树海,017,NORMAL,,希望+2，可同时部署人数+1,傀影送出的第一份礼物，Miss.Christine非常中意。,,,,,是,,rogue_6_relic_legacy_39,https://prts.wiki/index.php?title=Special:Redirect/file/%E6%94%B6%E8%97%8F%E5%93%81_%E6%B2%89%E6%B2%A6%E8%80%85%E7%9A%84%E9%BB%91%E6%B5%81%E6%A0%91%E6%B5%B7_017.png
../../Assets/_Game/Resources/RogueRelics/Icons/rogue_6/rogue_6_relic_legacy_40.png,独奏八音盒,IS7,沉沦者的黑流树海,018,RARE,,希望+4，可同时部署人数+1,老旧的八音盒，打开之后音乐没有响起，盒子中央的小人也没有动。没有任何响动，无人跳舞。在与傀影对戏之前，女主演总是在后台痴痴地看着它。,,,,,是,,rogue_6_relic_legacy_40,https://prts.wiki/index.php?title=Special:Redirect/file/%E6%94%B6%E8%97%8F%E5%93%81_%E6%B2%89%E6%B2%A6%E8%80%85%E7%9A%84%E9%BB%91%E6%B5%81%E6%A0%91%E6%B5%B7_018.png
../../Assets/_Game/Resources/RogueRelics/Icons/rogue_6/rogue_6_relic_legacy_41.png,源石鸢尾花,IS7,沉沦者的黑流树海,019,SUPER_RARE,,希望+6，可携带干员+2,极尽奢华的花朵，剧团长在谢幕时向主演献花的次数寥寥无几。,拥有不小于60点以上希望上限时完成游戏结局,,,,是,,rogue_6_relic_legacy_41,https://prts.wiki/index.php?title=Special:Redirect/file/%E6%94%B6%E8%97%8F%E5%93%81_%E6%B2%89%E6%B2%A6%E8%80%85%E7%9A%84%E9%BB%91%E6%B5%81%E6%A0%91%E6%B5%B7_019.png
../../Assets/_Game/Resources/RogueRelics/Icons/rogue_6/rogue_6_relic_legacy_42.png,古怪的长笛,IS7,沉沦者的黑流树海,020,RARE,,希望+4，可携带干员+1,外形古怪的长笛，有人日夜将其吹响。,,,,,是,,rogue_6_relic_legacy_42,https://prts.wiki/index.php?title=Special:Redirect/file/%E6%94%B6%E8%97%8F%E5%93%81_%E6%B2%89%E6%B2%A6%E8%80%85%E7%9A%84%E9%BB%91%E6%B5%81%E6%A0%91%E6%B5%B7_020.png
../../Assets/_Game/Resources/RogueRelics/Icons/rogue_6/rogue_6_relic_legacy_43.png,玻璃小鸟,IS7,沉沦者的黑流树海,021,RARE,,希望+4，可携带干员+1,“在我的乐园里，这只小鸟会永远地歌唱下去。”,在多局游戏中累计获得50希望,,,,是,,rogue_6_relic_legacy_43,https://prts.wiki/index.php?title=Special:Redirect/file/%E6%94%B6%E8%97%8F%E5%93%81_%E6%B2%89%E6%B2%A6%E8%80%85%E7%9A%84%E9%BB%91%E6%B5%81%E6%A0%91%E6%B5%B7_021.png
../../Assets/_Game/Resources/RogueRelics/Icons/rogue_6/rogue_6_relic_legacy_44.png,赤金的远征,IS7,沉沦者的黑流树海,022,SUPER_RARE,,希望+4，可携带干员+1，可同时部署人数+1,君王自荒地出发，集市在她的裙下如春芽萌发，财富之路连通高山密林，直到她消失在西方浪涛的边崖。——萨尔贡古老童话,在多局游戏中累计获得150希望,,,,是,,rogue_6_relic_legacy_44,https://prts.wiki/index.php?title=Special:Redirect/file/%E6%94%B6%E8%97%8F%E5%93%81_%E6%B2%89%E6%B2%A6%E8%80%85%E7%9A%84%E9%BB%91%E6%B5%81%E6%A0%91%E6%B5%B7_022.png
../../Assets/_Game/Resources/RogueRelics/Icons/rogue_6/rogue_6_relic_legacy_48.png,《杜林地上环游记》,IS7,沉沦者的黑流树海,023,RARE,,护盾值+4,从这本游记中，我们可以一窥地底人对于地表人的奇异见解。,在多局游戏中累计损失50目标生命,,,,是,,rogue_6_relic_legacy_48,https://prts.wiki/index.php?title=Special:Redirect/file/%E6%94%B6%E8%97%8F%E5%93%81_%E6%B2%89%E6%B2%A6%E8%80%85%E7%9A%84%E9%BB%91%E6%B5%81%E6%A0%91%E6%B5%B7_023.png
../../Assets/_Game/Resources/RogueRelics/Icons/rogue_6/rogue_6_relic_legacy_49.png,《旧高卢地名源流考》,IS7,沉沦者的黑流树海,024,SUPER_RARE,,护盾值+6,薄绿从博士办公室里翻出来的古地名历史书，里面记载有克莱布拉松。,在多局游戏中累计损失125目标生命,,,,是,,rogue_6_relic_legacy_49,https://prts.wiki/index.php?title=Special:Redirect/file/%E6%94%B6%E8%97%8F%E5%93%81_%E6%B2%89%E6%B2%A6%E8%80%85%E7%9A%84%E9%BB%91%E6%B5%81%E6%A0%91%E6%B5%B7_024.png
../../Assets/_Game/Resources/RogueRelics/Icons/rogue_6/rogue_6_relic_legacy_59.png,至宝指环,IS7,沉沦者的黑流树海,025,RARE,,战斗掉落的源石锭+50%,在莱塔尼亚的神话中，持戒者享有整片大地的财富，但也终将因贪婪毁灭。,剩余不小于30源石锭时完成游戏结局,,,,是,,rogue_6_relic_legacy_59,https://prts.wiki/index.php?title=Special:Redirect/file/%E6%94%B6%E8%97%8F%E5%93%81_%E6%B2%89%E6%B2%A6%E8%80%85%E7%9A%84%E9%BB%91%E6%B5%81%E6%A0%91%E6%B5%B7_025.png
../../Assets/_Game/Resources/RogueRelics/Icons/rogue_6/rogue_6_relic_legacy_92.png,维多利亚“废铁”勋章,IS7,沉沦者的黑流树海,026,NORMAL,,战斗获得的指挥经验+20%,推进之王临时设计并颁发给达格达的骑士勋章。材料很烂，但对达格达来说很有意义。,,,,,是,,rogue_6_relic_legacy_92,https://prts.wiki/index.php?title=Special:Redirect/file/%E6%94%B6%E8%97%8F%E5%93%81_%E6%B2%89%E6%B2%A6%E8%80%85%E7%9A%84%E9%BB%91%E6%B5%81%E6%A0%91%E6%B5%B7_026.png
../../Assets/_Game/Resources/RogueRelics/Icons/rogue_6/rogue_6_relic_legacy_93.png,失落之钥,IS7,沉沦者的黑流树海,027,RARE,,战斗获得的指挥经验+30%，指挥等级到达10级时，立刻获得50源石锭,“伙计们，这把钥匙能够打开失落王都卡兹戴尔的宝库。喂，绿发的菲林，看好你的兜帽奴隶，别让他碰我的地图！”,通关结局3次,,,,是,,rogue_6_relic_legacy_93,https://prts.wiki/index.php?title=Special:Redirect/file/%E6%94%B6%E8%97%8F%E5%93%81_%E6%B2%89%E6%B2%A6%E8%80%85%E7%9A%84%E9%BB%91%E6%B5%81%E6%A0%91%E6%B5%B7_027.png
../../Assets/_Game/Resources/RogueRelics/Icons/rogue_6/rogue_6_relic_legacy_107.png,特殊抑制器,IS7,沉沦者的黑流树海,028,NORMAL,,目标生命上限+2，回复2目标生命,罗德岛改良款抑制器，能够有效遏制感染造成的源石技艺失控。,,,,,是,,rogue_6_relic_legacy_107,https://prts.wiki/index.php?title=Special:Redirect/file/%E6%94%B6%E8%97%8F%E5%93%81_%E6%B2%89%E6%B2%A6%E8%80%85%E7%9A%84%E9%BB%91%E6%B5%81%E6%A0%91%E6%B5%B7_028.png
../../Assets/_Game/Resources/RogueRelics/Icons/rogue_6/rogue_6_relic_legacy_108.png,阿卡胡拉饭碗,IS7,沉沦者的黑流树海,029,NORMAL,,回复4目标生命，护盾值+2,水果是当地人的主食之一，现采现食也是常有的事。,,,,,是,,rogue_6_relic_legacy_108,https://prts.wiki/index.php?title=Special:Redirect/file/%E6%94%B6%E8%97%8F%E5%93%81_%E6%B2%89%E6%B2%A6%E8%80%85%E7%9A%84%E9%BB%91%E6%B5%81%E6%A0%91%E6%B5%B7_029.png
../../Assets/_Game/Resources/RogueRelics/Icons/rogue_6/rogue_6_relic_legacy_109.png,血魔的寝床,IS7,沉沦者的黑流树海,030,RARE,,目标生命上限+4,一副奢华的棺木，和古堡十分般配，华法琳说这就是刻板印象。,,,,,是,,rogue_6_relic_legacy_109,https://prts.wiki/index.php?title=Special:Redirect/file/%E6%94%B6%E8%97%8F%E5%93%81_%E6%B2%89%E6%B2%A6%E8%80%85%E7%9A%84%E9%BB%91%E6%B5%81%E6%A0%91%E6%B5%B7_030.png
../../Assets/_Game/Resources/RogueRelics/Icons/rogue_6/rogue_6_relic_legacy_110.png,长生者之证,IS7,沉沦者的黑流树海,031,SUPER_RARE,,目标生命上限+6,"一段树枝，枯荣一体；
从枯萎处生长，从繁盛处枯萎。",通过第一层【玻利瓦尔肤层】,,,,是,,rogue_6_relic_legacy_110,https://prts.wiki/index.php?title=Special:Redirect/file/%E6%94%B6%E8%97%8F%E5%93%81_%E6%B2%89%E6%B2%A6%E8%80%85%E7%9A%84%E9%BB%91%E6%B5%81%E6%A0%91%E6%B5%B7_031.png
../../Assets/_Game/Resources/RogueRelics/Icons/rogue_6/rogue_6_start_1.png,襁褓天马,IS7,沉沦者的黑流树海,032,RARE,,每次进入新区域时，初始行动力+1,愿新生的它不再折翼。,,,,,是,,rogue_6_start_1,https://prts.wiki/index.php?title=Special:Redirect/file/%E6%94%B6%E8%97%8F%E5%93%81_%E6%B2%89%E6%B2%A6%E8%80%85%E7%9A%84%E9%BB%91%E6%B5%81%E6%A0%91%E6%B5%B7_032.png
../../Assets/_Game/Resources/RogueRelics/Icons/rogue_6/rogue_6_start_2.png,襁褓骏鹰,IS7,沉沦者的黑流树海,033,RARE,,初始希望+1，初始揭示前两个探索区域中所有节点的信息,愿新生的它不再狂傲。,,,,,是,,rogue_6_start_2,https://prts.wiki/index.php?title=Special:Redirect/file/%E6%94%B6%E8%97%8F%E5%93%81_%E6%B2%89%E6%B2%A6%E8%80%85%E7%9A%84%E9%BB%91%E6%B5%81%E6%A0%91%E6%B5%B7_033.png
../../Assets/_Game/Resources/RogueRelics/Icons/rogue_6/rogue_6_start_3.png,襁褓巨龙,IS7,沉沦者的黑流树海,034,RARE,,前两个探索区域的战斗中，所有敌人的最大生命-50%,愿新生的它不再饥饿。,,,,,是,,rogue_6_start_3,https://prts.wiki/index.php?title=Special:Redirect/file/%E6%94%B6%E8%97%8F%E5%93%81_%E6%B2%89%E6%B2%A6%E8%80%85%E7%9A%84%E9%BB%91%E6%B5%81%E6%A0%91%E6%B5%B7_034.png
../../Assets/_Game/Resources/RogueRelics/Icons/rogue_6/rogue_6_start_4.png,襁褓九头蛇,IS7,沉沦者的黑流树海,035,RARE,,所有敌人的攻击和生命+30%，每进入新区域时我方攻击力和生命+10%,愿新生的它不再痛苦。,,,,,是,,rogue_6_start_4,https://prts.wiki/index.php?title=Special:Redirect/file/%E6%94%B6%E8%97%8F%E5%93%81_%E6%B2%89%E6%B2%A6%E8%80%85%E7%9A%84%E9%BB%91%E6%B5%81%E6%A0%91%E6%B5%B7_035.png
../../Assets/_Game/Resources/RogueRelics/Icons/rogue_6/rogue_6_start_5.png,襁褓白泽,IS7,沉沦者的黑流树海,036,RARE,,干员招募时，出现临时招募的概率提升,愿新生的它不再孤独。,,,,,是,,rogue_6_start_5,https://prts.wiki/index.php?title=Special:Redirect/file/%E6%94%B6%E8%97%8F%E5%93%81_%E6%B2%89%E6%B2%A6%E8%80%85%E7%9A%84%E9%BB%91%E6%B5%81%E6%A0%91%E6%B5%B7_036.png
../../Assets/_Game/Resources/RogueRelics/Icons/rogue_6/rogue_6_start_6.png,襁褓金乌,IS7,沉沦者的黑流树海,037,RARE,,进入区域Ⅲ血色空脉时，获得3个随机收藏品,愿新生的它不再陨落。,,,,,是,,rogue_6_start_6,https://prts.wiki/index.php?title=Special:Redirect/file/%E6%94%B6%E8%97%8F%E5%93%81_%E6%B2%89%E6%B2%A6%E8%80%85%E7%9A%84%E9%BB%91%E6%B5%81%E6%A0%91%E6%B5%B7_037.png
../../Assets/_Game/Resources/RogueRelics/Icons/rogue_6/rogue_6_relic_legacy_2.png,香草沙士汽水,IS7,沉沦者的黑流树海,038,NORMAL,,所有自然回复技能的技力恢复+0.2/秒,玻利瓦尔本地的廉价饮料，拥有上百年历史，混合多种香料，特点是不好喝。,,,,,是,,rogue_6_relic_legacy_2,https://prts.wiki/index.php?title=Special:Redirect/file/%E6%94%B6%E8%97%8F%E5%93%81_%E6%B2%89%E6%B2%A6%E8%80%85%E7%9A%84%E9%BB%91%E6%B5%81%E6%A0%91%E6%B5%B7_038.png
../../Assets/_Game/Resources/RogueRelics/Icons/rogue_6/rogue_6_relic_legacy_3.png,羽兽肝酱,IS7,沉沦者的黑流树海,039,RARE,,所有自然回复技能的技力恢复+0.35/秒,小瓶高档羽兽肝酱，颜色鲜艳，贵族特供。,,,,,是,,rogue_6_relic_legacy_3,https://prts.wiki/index.php?title=Special:Redirect/file/%E6%94%B6%E8%97%8F%E5%93%81_%E6%B2%89%E6%B2%A6%E8%80%85%E7%9A%84%E9%BB%91%E6%B5%81%E6%A0%91%E6%B5%B7_039.png
../../Assets/_Game/Resources/RogueRelics/Icons/rogue_6/rogue_6_relic_legacy_4.png,迷梦香精,IS7,沉沦者的黑流树海,040,SUPER_RARE,,所有自然回复技能的技力恢复+0.5/秒,据说女妖们制作的香氛只会送给心上之人，只需一滴，就能令人如痴如醉，而艺术家们的灵感与创意也随之而来。,在多局游戏中累计击败领袖【埃尔伯特】2次,,,,是,,rogue_6_relic_legacy_4,https://prts.wiki/index.php?title=Special:Redirect/file/%E6%94%B6%E8%97%8F%E5%93%81_%E6%B2%89%E6%B2%A6%E8%80%85%E7%9A%84%E9%BB%91%E6%B5%81%E6%A0%91%E6%B5%B7_040.png
../../Assets/_Game/Resources/RogueRelics/Icons/rogue_6/rogue_6_relic_legacy_5.png,锈蚀刀片,IS7,沉沦者的黑流树海,041,NORMAL,,所有敌方单位受到的物理伤害+15%,如果它割破了皮肤，你知道会发生什么。,,,,,是,,rogue_6_relic_legacy_5,https://prts.wiki/index.php?title=Special:Redirect/file/%E6%94%B6%E8%97%8F%E5%93%81_%E6%B2%89%E6%B2%A6%E8%80%85%E7%9A%84%E9%BB%91%E6%B5%81%E6%A0%91%E6%B5%B7_041.png
../../Assets/_Game/Resources/RogueRelics/Icons/rogue_6/rogue_6_relic_legacy_6.png,赶车夫的长鞭,IS7,沉沦者的黑流树海,042,RARE,,所有敌方单位受到的物理伤害+25%,作为剧团的赶车人，他没有名字，没有过往。唯有挥鞭驱赶驮兽，他的生命才有意义。,,,,,是,,rogue_6_relic_legacy_6,https://prts.wiki/index.php?title=Special:Redirect/file/%E6%94%B6%E8%97%8F%E5%93%81_%E6%B2%89%E6%B2%A6%E8%80%85%E7%9A%84%E9%BB%91%E6%B5%81%E6%A0%91%E6%B5%B7_042.png
../../Assets/_Game/Resources/RogueRelics/Icons/rogue_6/rogue_6_relic_legacy_7.png,“复仇者”,IS7,沉沦者的黑流树海,043,SUPER_RARE,,所有敌方单位受到的物理伤害+35%,在阿斯卡纶第一次为军事委员会完成任务后，由特雷西斯亲手赠送，特蕾西娅为她安装的第一把武器。,,,,,是,,rogue_6_relic_legacy_7,https://prts.wiki/index.php?title=Special:Redirect/file/%E6%94%B6%E8%97%8F%E5%93%81_%E6%B2%89%E6%B2%A6%E8%80%85%E7%9A%84%E9%BB%91%E6%B5%81%E6%A0%91%E6%B5%B7_043.png
../../Assets/_Game/Resources/RogueRelics/Icons/rogue_6/rogue_6_relic_legacy_8.png,制式防暴用具,IS7,沉沦者的黑流树海,044,NORMAL,,所有敌方单位受到的法术伤害+20%,乌萨斯军警的制式装备，自带施放间歇性致盲源石技艺的功能。可惜关键时刻想得起来这一功能的军警寥寥无几。,,,,,是,,rogue_6_relic_legacy_8,https://prts.wiki/index.php?title=Special:Redirect/file/%E6%94%B6%E8%97%8F%E5%93%81_%E6%B2%89%E6%B2%A6%E8%80%85%E7%9A%84%E9%BB%91%E6%B5%81%E6%A0%91%E6%B5%B7_044.png
../../Assets/_Game/Resources/RogueRelics/Icons/rogue_6/rogue_6_relic_legacy_9.png,皇帝的收藏,IS7,沉沦者的黑流树海,045,RARE,,所有敌方单位受到的法术伤害+30%,萨米人对他们的荒野尊崇无比，而现在这片荒野的碎片正静静躺在乌萨斯皇帝的私库中。,,,,,是,,rogue_6_relic_legacy_9,https://prts.wiki/index.php?title=Special:Redirect/file/%E6%94%B6%E8%97%8F%E5%93%81_%E6%B2%89%E6%B2%A6%E8%80%85%E7%9A%84%E9%BB%91%E6%B5%81%E6%A0%91%E6%B5%B7_045.png
../../Assets/_Game/Resources/RogueRelics/Icons/rogue_6/rogue_6_relic_legacy_10.png,“璀璨悲泣”,IS7,沉沦者的黑流树海,046,SUPER_RARE,,所有敌方单位受到的法术伤害+40%,他的血液仍在流淌，他从不曾真的自这里离开。,,,,,是,,rogue_6_relic_legacy_10,https://prts.wiki/index.php?title=Special:Redirect/file/%E6%94%B6%E8%97%8F%E5%93%81_%E6%B2%89%E6%B2%A6%E8%80%85%E7%9A%84%E9%BB%91%E6%B5%81%E6%A0%91%E6%B5%B7_046.png
../../Assets/_Game/Resources/RogueRelics/Icons/rogue_6/rogue_6_relic_legacy_12.png,异铁小圆盾,IS7,沉沦者的黑流树海,047,NORMAL,,所有我方单位的防御力+15%,在异铁被广泛应用于现代工业领域前，这种材料时常被用来制造军用制式武器。,,,,,是,,rogue_6_relic_legacy_12,https://prts.wiki/index.php?title=Special:Redirect/file/%E6%94%B6%E8%97%8F%E5%93%81_%E6%B2%89%E6%B2%A6%E8%80%85%E7%9A%84%E9%BB%91%E6%B5%81%E6%A0%91%E6%B5%B7_047.png
../../Assets/_Game/Resources/RogueRelics/Icons/rogue_6/rogue_6_relic_legacy_13.png,军团护心镜,IS7,沉沦者的黑流树海,048,RARE,,所有我方单位的防御力+25%,这种甲片曾经能够防护住针对心脏的致命伤害，但随着高卢没落，护心镜这种过时的护甲样式也退出了历史舞台。,,,,,是,,rogue_6_relic_legacy_13,https://prts.wiki/index.php?title=Special:Redirect/file/%E6%94%B6%E8%97%8F%E5%93%81_%E6%B2%89%E6%B2%A6%E8%80%85%E7%9A%84%E9%BB%91%E6%B5%81%E6%A0%91%E6%B5%B7_048.png
../../Assets/_Game/Resources/RogueRelics/Icons/rogue_6/rogue_6_relic_legacy_14.png,古旧的蒸汽甲胄,IS7,沉沦者的黑流树海,049,SUPER_RARE,,所有我方单位的防御力+50%,哪怕是这种旧型号的蒸汽甲胄，也仿佛承载着维多利亚君主们照耀着半片大地的荣耀辉光。,选择【地面突破分队】完成游戏结局,,,,是,,rogue_6_relic_legacy_14,https://prts.wiki/index.php?title=Special:Redirect/file/%E6%94%B6%E8%97%8F%E5%93%81_%E6%B2%89%E6%B2%A6%E8%80%85%E7%9A%84%E9%BB%91%E6%B5%81%E6%A0%91%E6%B5%B7_049.png
../../Assets/_Game/Resources/RogueRelics/Icons/rogue_6/rogue_6_relic_legacy_15.png,皇帝的恩宠,IS7,沉沦者的黑流树海,050,NORMAL,,所有我方近战单位的攻击力+15%,十分锋利的拆信刀。前任乌萨斯皇帝喜爱的日用品。大多数时候并不用来拆信。,,,,,是,,rogue_6_relic_legacy_15,https://prts.wiki/index.php?title=Special:Redirect/file/%E6%94%B6%E8%97%8F%E5%93%81_%E6%B2%89%E6%B2%A6%E8%80%85%E7%9A%84%E9%BB%91%E6%B5%81%E6%A0%91%E6%B5%B7_050.png
../../Assets/_Game/Resources/RogueRelics/Icons/rogue_6/rogue_6_relic_legacy_16.png,贵族刺剑,IS7,沉沦者的黑流树海,051,RARE,,所有我方近战单位的攻击力+25%,装饰性强的贵族刺剑。高卢贵族首先使用，作为军事武器还是太脆了。,,,,,是,,rogue_6_relic_legacy_16,https://prts.wiki/index.php?title=Special:Redirect/file/%E6%94%B6%E8%97%8F%E5%93%81_%E6%B2%89%E6%B2%A6%E8%80%85%E7%9A%84%E9%BB%91%E6%B5%81%E6%A0%91%E6%B5%B7_051.png
../../Assets/_Game/Resources/RogueRelics/Icons/rogue_6/rogue_6_relic_legacy_17.png,老近卫军之锋,IS7,沉沦者的黑流树海,052,SUPER_RARE,,所有我方近战单位的攻击力+35%,高卢将见证老近卫军的牺牲，随后才迎来自己的覆灭。,选择【突击战术分队】完成游戏结局,,,,是,,rogue_6_relic_legacy_17,https://prts.wiki/index.php?title=Special:Redirect/file/%E6%94%B6%E8%97%8F%E5%93%81_%E6%B2%89%E6%B2%A6%E8%80%85%E7%9A%84%E9%BB%91%E6%B5%81%E6%A0%91%E6%B5%B7_052.png
../../Assets/_Game/Resources/RogueRelics/Icons/rogue_6/rogue_6_relic_legacy_18.png,显圣吊坠,IS7,沉沦者的黑流树海,053,NORMAL,,所有我方远程单位的攻击力+15%,信仰悬在你的心口上方十公分处，语言流入你的血液，子弹滑进你的弹仓。,,,,,是,,rogue_6_relic_legacy_18,https://prts.wiki/index.php?title=Special:Redirect/file/%E6%94%B6%E8%97%8F%E5%93%81_%E6%B2%89%E6%B2%A6%E8%80%85%E7%9A%84%E9%BB%91%E6%B5%81%E6%A0%91%E6%B5%B7_053.png
../../Assets/_Game/Resources/RogueRelics/Icons/rogue_6/rogue_6_relic_legacy_19.png,银餐叉,IS7,沉沦者的黑流树海,054,RARE,,所有我方远程单位的攻击力+25%,一把用来处理失败的演员，一把用来收拾蹩脚的剧作者，还有一把留给有需要的人。厨师长不能容忍任何人在餐桌上出错。,,,,,是,,rogue_6_relic_legacy_19,https://prts.wiki/index.php?title=Special:Redirect/file/%E6%94%B6%E8%97%8F%E5%93%81_%E6%B2%89%E6%B2%A6%E8%80%85%E7%9A%84%E9%BB%91%E6%B5%81%E6%A0%91%E6%B5%B7_054.png
../../Assets/_Game/Resources/RogueRelics/Icons/rogue_6/rogue_6_relic_legacy_20.png,损坏的左轮弹巢,IS7,沉沦者的黑流树海,055,SUPER_RARE,,所有我方远程单位的攻击力+35%,她行过刀山火海也不曾有一刻向奸邪低头，她枪口火舌焦灼好似怒阳，她头顶光芒炽烈几胜白昼。此处安葬着Outcast，我们的朋友。,选择【高台突破分队】完成游戏结局,,,,是,,rogue_6_relic_legacy_20,https://prts.wiki/index.php?title=Special:Redirect/file/%E6%94%B6%E8%97%8F%E5%93%81_%E6%B2%89%E6%B2%A6%E8%80%85%E7%9A%84%E9%BB%91%E6%B5%81%E6%A0%91%E6%B5%B7_055.png
../../Assets/_Game/Resources/RogueRelics/Icons/rogue_6/rogue_6_relic_legacy_33.png,人偶之家,IS7,沉沦者的黑流树海,056,NORMAL,,初始部署费用+10,每个孩子都该有一套。,,,,,是,,rogue_6_relic_legacy_33,https://prts.wiki/index.php?title=Special:Redirect/file/%E6%94%B6%E8%97%8F%E5%93%81_%E6%B2%89%E6%B2%A6%E8%80%85%E7%9A%84%E9%BB%91%E6%B5%81%E6%A0%91%E6%B5%B7_056.png
../../Assets/_Game/Resources/RogueRelics/Icons/rogue_6/rogue_6_relic_legacy_34.png,微缩舞台模型,IS7,沉沦者的黑流树海,057,RARE,,初始部署费用+20,红色的颜料未干。小心，别染红了手。,,,,,是,,rogue_6_relic_legacy_34,https://prts.wiki/index.php?title=Special:Redirect/file/%E6%94%B6%E8%97%8F%E5%93%81_%E6%B2%89%E6%B2%A6%E8%80%85%E7%9A%84%E9%BB%91%E6%B5%81%E6%A0%91%E6%B5%B7_057.png
../../Assets/_Game/Resources/RogueRelics/Icons/rogue_6/rogue_6_relic_legacy_35.png,缠梦古堡模型,IS7,沉沦者的黑流树海,058,SUPER_RARE,,初始部署费用+30,你见过这里，你曾在古堡中游荡，但你现在将其捧在掌心。这一切到底都是真的，还是只是一场梦？,,,,,是,,rogue_6_relic_legacy_35,https://prts.wiki/index.php?title=Special:Redirect/file/%E6%94%B6%E8%97%8F%E5%93%81_%E6%B2%89%E6%B2%A6%E8%80%85%E7%9A%84%E9%BB%91%E6%B5%81%E6%A0%91%E6%B5%B7_058.png
../../Assets/_Game/Resources/RogueRelics/Icons/rogue_6/rogue_6_relic_legacy_36.png,漆黑的舞鞋,IS7,沉沦者的黑流树海,059,RARE,,可以在高台部署近战位干员,哥伦比亚的舞者踩踏大地，铿锵之声响亮悦耳。,通过第三层【血色空脉】时已招募大于等于6名远程位干员或大于等于6名近战位干员，累计3次,,,,是,,rogue_6_relic_legacy_36,https://prts.wiki/index.php?title=Special:Redirect/file/%E6%94%B6%E8%97%8F%E5%93%81_%E6%B2%89%E6%B2%A6%E8%80%85%E7%9A%84%E9%BB%91%E6%B5%81%E6%A0%91%E6%B5%B7_059.png
../../Assets/_Game/Resources/RogueRelics/Icons/rogue_6/rogue_6_relic_legacy_37.png,洁白的舞鞋,IS7,沉沦者的黑流树海,060,RARE,,可以在低地部署远程位干员,乌萨斯的舞者轻盈灵动，于天地间尽情舒展身姿。,通过第三层【血色空脉】时已招募大于等于6名远程位干员或大于等于6名近战位干员，累计3次,,,,是,,rogue_6_relic_legacy_37,https://prts.wiki/index.php?title=Special:Redirect/file/%E6%94%B6%E8%97%8F%E5%93%81_%E6%B2%89%E6%B2%A6%E8%80%85%E7%9A%84%E9%BB%91%E6%B5%81%E6%A0%91%E6%B5%B7_060.png
../../Assets/_Game/Resources/RogueRelics/Icons/rogue_6/rogue_6_relic_legacy_52.png,几丁质刺刃,IS7,沉沦者的黑流树海,061,SUPER_RARE,,战斗开始时，使随机一名干员在本局内攻击力+100%，生命+100%,一种更有效的外骨骼生长方案。能够撕裂猎物，抵御打击，也可以化作同胞的美食。,通关结局8次,,,,是,,rogue_6_relic_legacy_52,https://prts.wiki/index.php?title=Special:Redirect/file/%E6%94%B6%E8%97%8F%E5%93%81_%E6%B2%89%E6%B2%A6%E8%80%85%E7%9A%84%E9%BB%91%E6%B5%81%E6%A0%91%E6%B5%B7_061.png
../../Assets/_Game/Resources/RogueRelics/Icons/rogue_6/rogue_6_relic_legacy_53.png,药枚,IS7,沉沦者的黑流树海,062,RARE,,所有我方单位在部署时获得2层护盾,古时炎国军队作战时，军士衔枚行军。桑葚从中得到灵感，制作了一款可食用的硬膏，非常锻炼咬肌，且醒神效果上佳。,,,,,是,,rogue_6_relic_legacy_53,https://prts.wiki/index.php?title=Special:Redirect/file/%E6%94%B6%E8%97%8F%E5%93%81_%E6%B2%89%E6%B2%A6%E8%80%85%E7%9A%84%E9%BB%91%E6%B5%81%E6%A0%91%E6%B5%B7_062.png
../../Assets/_Game/Resources/RogueRelics/Icons/rogue_6/rogue_6_relic_legacy_54.png,凯旋号角,IS7,沉沦者的黑流树海,063,RARE,,敌人受到的一次性晕眩、寒冷、冻结等异常效果影响时间提高75%,吹响我们的号角，唤起我们的呼号，让敌人在震天咆哮中落荒而逃！,,,,,是,,rogue_6_relic_legacy_54,https://prts.wiki/index.php?title=Special:Redirect/file/%E6%94%B6%E8%97%8F%E5%93%81_%E6%B2%89%E6%B2%A6%E8%80%85%E7%9A%84%E9%BB%91%E6%B5%81%E6%A0%91%E6%B5%B7_063.png
../../Assets/_Game/Resources/RogueRelics/Icons/rogue_6/rogue_6_relic_legacy_55.png,精神治疗录像带,IS7,沉沦者的黑流树海,064,SUPER_RARE,,敌人受到的一次性晕眩、寒冷、冻结等异常效果影响时间提高150%,这是他曾经多次阻止你听的，他说这很危险，他说你不该逗留——现在你明白了吗？你在听他唱歌。,携带不小于3名辅助干员完成一场战斗,,,,是,,rogue_6_relic_legacy_55,https://prts.wiki/index.php?title=Special:Redirect/file/%E6%94%B6%E8%97%8F%E5%93%81_%E6%B2%89%E6%B2%A6%E8%80%85%E7%9A%84%E9%BB%91%E6%B5%81%E6%A0%91%E6%B5%B7_064.png
../../Assets/_Game/Resources/RogueRelics/Icons/rogue_6/rogue_6_relic_legacy_56.png,重力蔑视机关,IS7,沉沦者的黑流树海,065,SUPER_RARE,,所有敌人重量-2,娜斯提·鲁诺瑞伊的杰作将萨卡兹托离了残害他们千万年的大地，此后，萨卡兹虽缥缈于云端，却将自己的根系，牢牢扎在了天空之上。,选择【破坏战术分队】完成游戏结局,,,,是,,rogue_6_relic_legacy_56,https://prts.wiki/index.php?title=Special:Redirect/file/%E6%94%B6%E8%97%8F%E5%93%81_%E6%B2%89%E6%B2%A6%E8%80%85%E7%9A%84%E9%BB%91%E6%B5%81%E6%A0%91%E6%B5%B7_065.png
../../Assets/_Game/Resources/RogueRelics/Icons/rogue_6/rogue_6_relic_legacy_57.png,湖中神盾,IS7,沉沦者的黑流树海,066,RARE,,护盾值+1；战斗开始时如果拥有护盾值，所有我方单位的最大生命+60%,三十年前，孩童的玩具木盾落入湖中。三十年后，他凿开冰封湖泊，取出盾牌，踏上英雄的旅途。,,,,,是,,rogue_6_relic_legacy_57,https://prts.wiki/index.php?title=Special:Redirect/file/%E6%94%B6%E8%97%8F%E5%93%81_%E6%B2%89%E6%B2%A6%E8%80%85%E7%9A%84%E9%BB%91%E6%B5%81%E6%A0%91%E6%B5%B7_066.png
../../Assets/_Game/Resources/RogueRelics/Icons/rogue_6/rogue_6_relic_legacy_61.png,绿叶菜罐头,IS7,沉沦者的黑流树海,067,RARE,,所有干员技能触发后1秒内攻击力+60%,很多卡特斯相信吃下这盒罐头，他们就会变得力大无穷。出色的广告效果，业界经典成功案例。,,,,,是,,rogue_6_relic_legacy_61,https://prts.wiki/index.php?title=Special:Redirect/file/%E6%94%B6%E8%97%8F%E5%93%81_%E6%B2%89%E6%B2%A6%E8%80%85%E7%9A%84%E9%BB%91%E6%B5%81%E6%A0%91%E6%B5%B7_067.png
../../Assets/_Game/Resources/RogueRelics/Icons/rogue_6/rogue_6_relic_legacy_62.png,叙拉古人的愤怒,IS7,沉沦者的黑流树海,068,SUPER_RARE,,所有干员技能触发后1秒内攻击力+100%,曾经开设在高卢首都的一家“正宗叙拉古餐厅”的招牌面食，用浓郁的巧克力酱与源石虫肝制成的酱汁以其独特风味备受高卢贵族好评。但是据说差一点引起叙拉古与高卢的外交冲突。,在损失不超过3点目标生命的情况下胜利战斗【陌生旅伴】,,,,是,,rogue_6_relic_legacy_62,https://prts.wiki/index.php?title=Special:Redirect/file/%E6%94%B6%E8%97%8F%E5%93%81_%E6%B2%89%E6%B2%A6%E8%80%85%E7%9A%84%E9%BB%91%E6%B5%81%E6%A0%91%E6%B5%B7_068.png
../../Assets/_Game/Resources/RogueRelics/Icons/rogue_6/rogue_6_relic_legacy_63.png,古堡的子嗣,IS7,沉沦者的黑流树海,069,SUPER_RARE,,所有干员在场上停留80秒后防御力+400，法术抗性+30,只要有足够时间，这个盒子便能成为另一座崭新的舞台。,累计在战斗中部署干员不小于80次的情况下完成游戏结局,,,,是,,rogue_6_relic_legacy_63,https://prts.wiki/index.php?title=Special:Redirect/file/%E6%94%B6%E8%97%8F%E5%93%81_%E6%B2%89%E6%B2%A6%E8%80%85%E7%9A%84%E9%BB%91%E6%B5%81%E6%A0%91%E6%B5%B7_069.png
../../Assets/_Game/Resources/RogueRelics/Icons/rogue_6/rogue_6_relic_legacy_81.png,活玫瑰,IS7,沉沦者的黑流树海,070,NORMAL,,所有我方单位受到的治疗和生命回复效果+20%,是你滋养她，还是她守护你？,,,,,是,,rogue_6_relic_legacy_81,https://prts.wiki/index.php?title=Special:Redirect/file/%E6%94%B6%E8%97%8F%E5%93%81_%E6%B2%89%E6%B2%A6%E8%80%85%E7%9A%84%E9%BB%91%E6%B5%81%E6%A0%91%E6%B5%B7_070.png
../../Assets/_Game/Resources/RogueRelics/Icons/rogue_6/rogue_6_relic_legacy_82.png,苍白花冠,IS7,沉沦者的黑流树海,071,RARE,,所有我方单位受到的治疗和生命回复效果+30%,血魔仪式使用的花冠头纱，曾经鲜红的生命被吮吸殆尽，现在只余苍白。,通关结局6次,,,,是,,rogue_6_relic_legacy_82,https://prts.wiki/index.php?title=Special:Redirect/file/%E6%94%B6%E8%97%8F%E5%93%81_%E6%B2%89%E6%B2%A6%E8%80%85%E7%9A%84%E9%BB%91%E6%B5%81%E6%A0%91%E6%B5%B7_071.png
../../Assets/_Game/Resources/RogueRelics/Icons/rogue_6/rogue_6_relic_legacy_83.png,涌动之餐,IS7,沉沦者的黑流树海,072,SUPER_RARE,,所有我方单位受到的治疗和生命回复效果+40%，且受到的元素损伤-30%,我们生来便学会摄取。别违抗欲求，顺从它。,,,,,是,,rogue_6_relic_legacy_83,https://prts.wiki/index.php?title=Special:Redirect/file/%E6%94%B6%E8%97%8F%E5%93%81_%E6%B2%89%E6%B2%A6%E8%80%85%E7%9A%84%E9%BB%91%E6%B5%81%E6%A0%91%E6%B5%B7_072.png
../../Assets/_Game/Resources/RogueRelics/Icons/rogue_6/rogue_6_relic_legacy_84.png,残破合影,IS7,沉沦者的黑流树海,073,NORMAL,,所有敌方单位的生命-5%，防御力-10%,里面有你认识的人吗？,,,,,是,,rogue_6_relic_legacy_84,https://prts.wiki/index.php?title=Special:Redirect/file/%E6%94%B6%E8%97%8F%E5%93%81_%E6%B2%89%E6%B2%A6%E8%80%85%E7%9A%84%E9%BB%91%E6%B5%81%E6%A0%91%E6%B5%B7_073.png
../../Assets/_Game/Resources/RogueRelics/Icons/rogue_6/rogue_6_relic_legacy_85.png,恐鱼干,IS7,沉沦者的黑流树海,074,RARE,,所有敌方单位的生命-10%，防御力-20%,当生存的欲望压过恐惧后，饥不择食的伊比利亚人会吞下这些“食物”，然后在某个平常的日子里成为恐鱼。,,,,,是,,rogue_6_relic_legacy_85,https://prts.wiki/index.php?title=Special:Redirect/file/%E6%94%B6%E8%97%8F%E5%93%81_%E6%B2%89%E6%B2%A6%E8%80%85%E7%9A%84%E9%BB%91%E6%B5%81%E6%A0%91%E6%B5%B7_074.png
../../Assets/_Game/Resources/RogueRelics/Icons/rogue_6/rogue_6_relic_legacy_86.png,迷迭香之拥,IS7,沉沦者的黑流树海,075,SUPER_RARE,,所有敌方单位的生命-15%，防御力-30%,“谁来审判？”,,,,,是,,rogue_6_relic_legacy_86,https://prts.wiki/index.php?title=Special:Redirect/file/%E6%94%B6%E8%97%8F%E5%93%81_%E6%B2%89%E6%B2%A6%E8%80%85%E7%9A%84%E9%BB%91%E6%B5%81%E6%A0%91%E6%B5%B7_075.png
../../Assets/_Game/Resources/RogueRelics/Icons/rogue_6/rogue_6_relic_legacy_87.png,“黑夜呢喃”,IS7,沉沦者的黑流树海,076,RARE,,所有敌方单位的生命-15%,一张黑色唱片。不。准。碰。它。,,,,,是,,rogue_6_relic_legacy_87,https://prts.wiki/index.php?title=Special:Redirect/file/%E6%94%B6%E8%97%8F%E5%93%81_%E6%B2%89%E6%B2%A6%E8%80%85%E7%9A%84%E9%BB%91%E6%B5%81%E6%A0%91%E6%B5%B7_076.png
../../Assets/_Game/Resources/RogueRelics/Icons/rogue_6/rogue_6_relic_legacy_88.png,《大静谧》,IS7,沉沦者的黑流树海,077,SUPER_RARE,,所有敌方单位的生命-30%,描绘伊比利亚史上最大灾难的画作，笔触毫无意义，色彩毫无意义，意象毫无意义。“阿戈尔知道，阿戈尔知道，阿戈尔知道。”,,,,,是,,rogue_6_relic_legacy_88,https://prts.wiki/index.php?title=Special:Redirect/file/%E6%94%B6%E8%97%8F%E5%93%81_%E6%B2%89%E6%B2%A6%E8%80%85%E7%9A%84%E9%BB%91%E6%B5%81%E6%A0%91%E6%B5%B7_077.png
../../Assets/_Game/Resources/RogueRelics/Icons/rogue_6/rogue_6_relic_legacy_89.png,急救药箱,IS7,沉沦者的黑流树海,078,RARE,,所有我方单位的生命+35%,“…抗生素与乙醇添加物，请在专业人士指导下使用…”——雷姆必拓安全生产指南,,,,,是,,rogue_6_relic_legacy_89,https://prts.wiki/index.php?title=Special:Redirect/file/%E6%94%B6%E8%97%8F%E5%93%81_%E6%B2%89%E6%B2%A6%E8%80%85%E7%9A%84%E9%BB%91%E6%B5%81%E6%A0%91%E6%B5%B7_078.png
../../Assets/_Game/Resources/RogueRelics/Icons/rogue_6/rogue_6_relic_legacy_90.png,未知仪器,IS7,沉沦者的黑流树海,079,SUPER_RARE,,所有我方单位的生命+50%,不要问。就当为了你自己好。,通关结局6次,,,,是,,rogue_6_relic_legacy_90,https://prts.wiki/index.php?title=Special:Redirect/file/%E6%94%B6%E8%97%8F%E5%93%81_%E6%B2%89%E6%B2%A6%E8%80%85%E7%9A%84%E9%BB%91%E6%B5%81%E6%A0%91%E6%B5%B7_079.png
../../Assets/_Game/Resources/RogueRelics/Icons/rogue_6/rogue_6_relic_legacy_91.png,演出用香水,IS7,沉沦者的黑流树海,080,RARE,,所有我方单位每秒回复1%的最大生命值,剧团演员们上台前会喷一些在身上，这种稳定且芬芳的香气能为演员持续舒缓压力，至少，表面上，看上去是这样的。,,,,,是,,rogue_6_relic_legacy_91,https://prts.wiki/index.php?title=Special:Redirect/file/%E6%94%B6%E8%97%8F%E5%93%81_%E6%B2%89%E6%B2%A6%E8%80%85%E7%9A%84%E9%BB%91%E6%B5%81%E6%A0%91%E6%B5%B7_080.png
../../Assets/_Game/Resources/RogueRelics/Icons/rogue_6/rogue_6_relic_legacy_95.png,摩根队长佳酿,IS7,沉沦者的黑流树海,081,NORMAL,,初始技力+2，所有攻击和受击回复的技能每3秒回复1点技力,一种产自伊比利亚地区的酒，在维多利亚中部城市大受欢迎，现已停产。,,,,,是,,rogue_6_relic_legacy_95,https://prts.wiki/index.php?title=Special:Redirect/file/%E6%94%B6%E8%97%8F%E5%93%81_%E6%B2%89%E6%B2%A6%E8%80%85%E7%9A%84%E9%BB%91%E6%B5%81%E6%A0%91%E6%B5%B7_081.png
../../Assets/_Game/Resources/RogueRelics/Icons/rogue_6/rogue_6_relic_legacy_96.png,生命之水,IS7,沉沦者的黑流树海,082,RARE,,初始技力+3，所有攻击和受击回复的技能每2.5秒回复1点技力,度数奇高的乌萨斯烈酒，上头，据说一个健康的乌萨斯人能干掉好几瓶。,,,,,是,,rogue_6_relic_legacy_96,https://prts.wiki/index.php?title=Special:Redirect/file/%E6%94%B6%E8%97%8F%E5%93%81_%E6%B2%89%E6%B2%A6%E8%80%85%E7%9A%84%E9%BB%91%E6%B5%81%E6%A0%91%E6%B5%B7_082.png
../../Assets/_Game/Resources/RogueRelics/Icons/rogue_6/rogue_6_relic_legacy_97.png,皇家利口酒,IS7,沉沦者的黑流树海,083,SUPER_RARE,,初始技力+5，所有攻击和受击回复的技能每1.5秒回复1点技力,已灭亡国家“高卢”的好酒，现在成为了收藏家手中的珍惜奇货，价格不菲。产地现处莱塔尼亚境内，工艺则已经失传。,在多局游戏中累计击败领袖【德莱昂】2次,,,,是,,rogue_6_relic_legacy_97,https://prts.wiki/index.php?title=Special:Redirect/file/%E6%94%B6%E8%97%8F%E5%93%81_%E6%B2%89%E6%B2%A6%E8%80%85%E7%9A%84%E9%BB%91%E6%B5%81%E6%A0%91%E6%B5%B7_083.png
../../Assets/_Game/Resources/RogueRelics/Icons/rogue_6/rogue_6_relic_legacy_98.png,高卢银行支票,IS7,沉沦者的黑流树海,084,RARE,,所有干员的初始技力+12,镶金嵌银、奢华无比的支票本，现在已经无从兑现。,,,,,是,,rogue_6_relic_legacy_98,https://prts.wiki/index.php?title=Special:Redirect/file/%E6%94%B6%E8%97%8F%E5%93%81_%E6%B2%89%E6%B2%A6%E8%80%85%E7%9A%84%E9%BB%91%E6%B5%81%E6%A0%91%E6%B5%B7_084.png
../../Assets/_Game/Resources/RogueRelics/Icons/rogue_6/rogue_6_relic_legacy_99.png,《第二经济改革法》,IS7,沉沦者的黑流树海,085,SUPER_RARE,,所有干员的初始技力+18,以此法案为起点，高卢正式迈向了霸权帝国的道路。,在损失不超过3点目标生命的情况下胜利战斗【合伙人会议】,,,,是,,rogue_6_relic_legacy_99,https://prts.wiki/index.php?title=Special:Redirect/file/%E6%94%B6%E8%97%8F%E5%93%81_%E6%B2%89%E6%B2%A6%E8%80%85%E7%9A%84%E9%BB%91%E6%B5%81%E6%A0%91%E6%B5%B7_085.png
../../Assets/_Game/Resources/RogueRelics/Icons/rogue_6/rogue_6_relic_legacy_100.png,荣耀绶带,IS7,沉沦者的黑流树海,086,RARE,,所有我方单位仅阻挡1名敌人时，攻击力+100%,曾有无数位演员出演这个角色，但永远救不了这个角色心目中的挚友。,,,,,是,,rogue_6_relic_legacy_100,https://prts.wiki/index.php?title=Special:Redirect/file/%E6%94%B6%E8%97%8F%E5%93%81_%E6%B2%89%E6%B2%A6%E8%80%85%E7%9A%84%E9%BB%91%E6%B5%81%E6%A0%91%E6%B5%B7_086.png
../../Assets/_Game/Resources/RogueRelics/Icons/rogue_6/rogue_6_relic_legacy_101.png,活木甲,IS7,沉沦者的黑流树海,087,RARE,,所有我方近战单位部署时获得相当于最大生命50%的屏障,萨满们知晓树木对于生存的执着，所以当战士也拥有这种意志时，他们便会邀请树木成为战士的护甲。,选择【堡垒战术分队】完成游戏结局,,,,是,,rogue_6_relic_legacy_101,https://prts.wiki/index.php?title=Special:Redirect/file/%E6%94%B6%E8%97%8F%E5%93%81_%E6%B2%89%E6%B2%A6%E8%80%85%E7%9A%84%E9%BB%91%E6%B5%81%E6%A0%91%E6%B5%B7_087.png
../../Assets/_Game/Resources/RogueRelics/Icons/rogue_6/rogue_6_relic_legacy_102.png,紧急活性剂,IS7,沉沦者的黑流树海,088,SUPER_RARE,,干员生命值越低，攻击速度越快，30%生命值时达到最大可提升攻击速度（+100）,雷姆必拓当地矿场常用的一种针剂，强活性成分可以刺激工人的感官，保证其在极端环境下的工作效率。生命和工程都有期限，对他们而言，这仅仅是个选择题。,,,,,是,,rogue_6_relic_legacy_102,https://prts.wiki/index.php?title=Special:Redirect/file/%E6%94%B6%E8%97%8F%E5%93%81_%E6%B2%89%E6%B2%A6%E8%80%85%E7%9A%84%E9%BB%91%E6%B5%81%E6%A0%91%E6%B5%B7_088.png
../../Assets/_Game/Resources/RogueRelics/Icons/rogue_6/rogue_6_relic_legacy_104.png,“阿猛”,IS7,沉沦者的黑流树海,089,SUPER_RARE,,所有敌方单位受到的元素伤害+100%,百年前岁兽苏醒的灾祸中，司岁台曾借助经特殊训练的循兽，对伥怪进行全方位的搜索及消灭。此陶制品为纪念当时牺牲的循兽而制。,通关结局5次,,,,是,,rogue_6_relic_legacy_104,https://prts.wiki/index.php?title=Special:Redirect/file/%E6%94%B6%E8%97%8F%E5%93%81_%E6%B2%89%E6%B2%A6%E8%80%85%E7%9A%84%E9%BB%91%E6%B5%81%E6%A0%91%E6%B5%B7_089.png
../../Assets/_Game/Resources/RogueRelics/Icons/rogue_6/rogue_6_relic_legacy_105.png,疗养体验卡,IS7,沉沦者的黑流树海,090,NORMAL,,所有干员部署后10秒内攻击速度+40,疗养庭院特别服务！每位干员在执行外勤任务前，均可前往疗养庭院接受神经调理一次。名额不可转让。,,,,,是,,rogue_6_relic_legacy_105,https://prts.wiki/index.php?title=Special:Redirect/file/%E6%94%B6%E8%97%8F%E5%93%81_%E6%B2%89%E6%B2%A6%E8%80%85%E7%9A%84%E9%BB%91%E6%B5%81%E6%A0%91%E6%B5%B7_090.png
../../Assets/_Game/Resources/RogueRelics/Icons/rogue_6/rogue_6_relic_legacy_106.png,疗养特供卡,IS7,沉沦者的黑流树海,091,RARE,,所有干员部署后10秒内攻击速度+70,疗养庭院联合医疗部特供！每位干员在执行外勤任务前，均可前往疗养庭院接受全面的身心状态评估，以及神经调理一次，结束后还可品尝波登可自制的花饼。,,,,,是,,rogue_6_relic_legacy_106,https://prts.wiki/index.php?title=Special:Redirect/file/%E6%94%B6%E8%97%8F%E5%93%81_%E6%B2%89%E6%B2%A6%E8%80%85%E7%9A%84%E9%BB%91%E6%B5%81%E6%A0%91%E6%B5%B7_091.png
../../Assets/_Game/Resources/RogueRelics/Icons/rogue_6/rogue_6_relic_legacy_114.png,悬丝傀儡,IS7,沉沦者的黑流树海,092,NORMAL,,敌人被晕眩、冻结、束缚时，每秒受到1000点法术伤害,越是用力想要挣脱，丝线就缠得越紧。你真的认为自己仍在思考？,,,,,是,,rogue_6_relic_legacy_114,https://prts.wiki/index.php?title=Special:Redirect/file/%E6%94%B6%E8%97%8F%E5%93%81_%E6%B2%89%E6%B2%A6%E8%80%85%E7%9A%84%E9%BB%91%E6%B5%81%E6%A0%91%E6%B5%B7_092.png
../../Assets/_Game/Resources/RogueRelics/Icons/rogue_6/rogue_6_relic_legacy_115.png,“童趣玩偶”,IS7,沉沦者的黑流树海,093,RARE,,敌人被晕眩、冻结、束缚时，每秒受到2000点法术伤害,伊比利亚的孩童们将海岸边的奇物做成了简陋玩偶，听说只要抱着它，梦乡就会变得充实起来。,,,,,是,,rogue_6_relic_legacy_115,https://prts.wiki/index.php?title=Special:Redirect/file/%E6%94%B6%E8%97%8F%E5%93%81_%E6%B2%89%E6%B2%A6%E8%80%85%E7%9A%84%E9%BB%91%E6%B5%81%E6%A0%91%E6%B5%B7_093.png
../../Assets/_Game/Resources/RogueRelics/Icons/rogue_6/rogue_6_relic_legacy_118.png,“绽放”,IS7,沉沦者的黑流树海,094,SUPER_RARE,,所有干员每次受到伤害时回复1点技力，每次受到元素损伤时回复1点技力,在Touch的尝试下，自然暂时向你敞开心扉。,,,,,是,,rogue_6_relic_legacy_118,https://prts.wiki/index.php?title=Special:Redirect/file/%E6%94%B6%E8%97%8F%E5%93%81_%E6%B2%89%E6%B2%A6%E8%80%85%E7%9A%84%E9%BB%91%E6%B5%81%E6%A0%91%E6%B5%B7_094.png
../../Assets/_Game/Resources/RogueRelics/Icons/rogue_6/rogue_6_relic_legacy_119.png,天穹尘埃,IS7,沉沦者的黑流树海,095,RARE,,远程干员在手动开启技能时，使攻击范围内的所有敌人浮空5秒,她轻轻吹动无数次日升月落、星辰更替的记录。她的生命轻易就被吹走。,通关结局7次,,,,是,,rogue_6_relic_legacy_119,https://prts.wiki/index.php?title=Special:Redirect/file/%E6%94%B6%E8%97%8F%E5%93%81_%E6%B2%89%E6%B2%A6%E8%80%85%E7%9A%84%E9%BB%91%E6%B5%81%E6%A0%91%E6%B5%B7_095.png
../../Assets/_Game/Resources/RogueRelics/Icons/rogue_6/rogue_6_relic_legacy_120.png,古老壁画,IS7,沉沦者的黑流树海,096,RARE,,敌人进入和解除浮空、失重状态时，受到1000点法术伤害，并在10秒内失去特殊能力,走出洞窟，抬头看看吧，自古以来，也不尽然。,通关结局7次,,,,是,,rogue_6_relic_legacy_120,https://prts.wiki/index.php?title=Special:Redirect/file/%E6%94%B6%E8%97%8F%E5%93%81_%E6%B2%89%E6%B2%A6%E8%80%85%E7%9A%84%E9%BB%91%E6%B5%81%E6%A0%91%E6%B5%B7_096.png
../../Assets/_Game/Resources/RogueRelics/Icons/rogue_6/rogue_6_relic_legacy_121.png,万星园之辉,IS7,沉沦者的黑流树海,097,SUPER_RARE,,敌人进入和解除浮空、失重状态时，受到2000点法术伤害，并在10秒内受到的伤害+30%,在那一瞬，真实之光普照大地。,通关结局7次,,,,是,,rogue_6_relic_legacy_121,https://prts.wiki/index.php?title=Special:Redirect/file/%E6%94%B6%E8%97%8F%E5%93%81_%E6%B2%89%E6%B2%A6%E8%80%85%E7%9A%84%E9%BB%91%E6%B5%81%E6%A0%91%E6%B5%B7_097.png
../../Assets/_Game/Resources/RogueRelics/Icons/rogue_6/rogue_6_relic_legacy_122.png,Scout的狙击镜,IS7,沉沦者的黑流树海,098,SUPER_RARE,,所有敌方单位受到我方单位伤害时，距离伤害来源越远受到的伤害越高（最高100%）,锁定目标、维持精度、扣下扳机、摧毁敌人抵抗的意志，这一切都是为了那个更远大的未来。Scout已经没有机会看到了，或许你可以帮忙见证。,携带不小于3名狙击干员完成一场战斗,,,,是,,rogue_6_relic_legacy_122,https://prts.wiki/index.php?title=Special:Redirect/file/%E6%94%B6%E8%97%8F%E5%93%81_%E6%B2%89%E6%B2%A6%E8%80%85%E7%9A%84%E9%BB%91%E6%B5%81%E6%A0%91%E6%B5%B7_098.png
../../Assets/_Game/Resources/RogueRelics/Icons/rogue_6/rogue_6_relic_legacy_123.png,Blaze的电锯,IS7,沉沦者的黑流树海,099,SUPER_RARE,,所有敌方单位受到我方单位伤害时，距离伤害来源越近受到的伤害越高（最高100%）,她将自己与敌人一同拖入地狱，用炽热来鉴定彼此的决心。她从未失败。,携带不小于3名近卫干员完成一场战斗,,,,是,,rogue_6_relic_legacy_123,https://prts.wiki/index.php?title=Special:Redirect/file/%E6%94%B6%E8%97%8F%E5%93%81_%E6%B2%89%E6%B2%A6%E8%80%85%E7%9A%84%E9%BB%91%E6%B5%81%E6%A0%91%E6%B5%B7_099.png
../../Assets/_Game/Resources/RogueRelics/Icons/rogue_6/rogue_6_relic_legacy_124.png,黑色郁金香,IS7,沉沦者的黑流树海,100,SUPER_RARE,,所有我方干员技能未开启时60秒内攻击力逐渐提升至最高+60%，每次技能结束时失去该加成,沉默压垮了伊比利亚人，所以她要发声，如果言语不够锐利，那就以剑代言。,,,,,是,,rogue_6_relic_legacy_124,https://prts.wiki/index.php?title=Special:Redirect/file/%E6%94%B6%E8%97%8F%E5%93%81_%E6%B2%89%E6%B2%A6%E8%80%85%E7%9A%84%E9%BB%91%E6%B5%81%E6%A0%91%E6%B5%B7_100.png
../../Assets/_Game/Resources/RogueRelics/Icons/rogue_6/rogue_6_relic_legacy_126.png,《光耀卡西米尔》,IS7,沉沦者的黑流树海,101,RARE,,干员触发闪避后15秒内攻击速度+70,卡西米尔畅销书，以小说笔调讲述了自有骑士竞技以来那些闪耀竞技场的骑士事迹。惨遭放逐但重夺桂冠的临光占据了相当大的篇幅。,在多局游戏中累计胜利40场战斗,,,,是,,rogue_6_relic_legacy_126,https://prts.wiki/index.php?title=Special:Redirect/file/%E6%94%B6%E8%97%8F%E5%93%81_%E6%B2%89%E6%B2%A6%E8%80%85%E7%9A%84%E9%BB%91%E6%B5%81%E6%A0%91%E6%B5%B7_101.png
../../Assets/_Game/Resources/RogueRelics/Icons/rogue_6/rogue_6_relic_legacy_127.png,《归来》,IS7,沉沦者的黑流树海,102,SUPER_RARE,,干员触发闪避后15秒内攻击力+130%,卡西米尔畅销书，据说是粉丝的集体创作，“临光”已然成为糅杂了诸多幻想的形象复合体。“放逐，并非逃避。她归来，独自抵挡时代的洪流。”,在多局游戏中累计胜利60场战斗,,,,是,,rogue_6_relic_legacy_127,https://prts.wiki/index.php?title=Special:Redirect/file/%E6%94%B6%E8%97%8F%E5%93%81_%E6%B2%89%E6%B2%A6%E8%80%85%E7%9A%84%E9%BB%91%E6%B5%81%E6%A0%91%E6%B5%B7_102.png
../../Assets/_Game/Resources/RogueRelics/Icons/rogue_6/rogue_6_relic_legacy_128.png,设计师量尺,IS7,沉沦者的黑流树海,103,NORMAL,,所有我方单位获得15%物理闪避,在数据、经验以及精确测量下，身着铠甲的人多了几分幸运。,,,,,是,,rogue_6_relic_legacy_128,https://prts.wiki/index.php?title=Special:Redirect/file/%E6%94%B6%E8%97%8F%E5%93%81_%E6%B2%89%E6%B2%A6%E8%80%85%E7%9A%84%E9%BB%91%E6%B5%81%E6%A0%91%E6%B5%B7_103.png
../../Assets/_Game/Resources/RogueRelics/Icons/rogue_6/rogue_6_relic_legacy_129.png,“法术杀手”,IS7,沉沦者的黑流树海,104,NORMAL,,所有我方单位获得15%法术闪避,由于莱塔尼亚人的源石技艺与音乐息息相关，有人竟想出了用噪音对抗法术的蠢主意。,,,,,是,,rogue_6_relic_legacy_129,https://prts.wiki/index.php?title=Special:Redirect/file/%E6%94%B6%E8%97%8F%E5%93%81_%E6%B2%89%E6%B2%A6%E8%80%85%E7%9A%84%E9%BB%91%E6%B5%81%E6%A0%91%E6%B5%B7_104.png
../../Assets/_Game/Resources/RogueRelics/Icons/rogue_6/rogue_6_relic_legacy_130.png,舞者手链,IS7,沉沦者的黑流树海,105,NORMAL,,所有我方单位获得10%物理与法术闪避,训练有素的舞者在舞台上翩翩起舞躲过陷阱，观众们鼓掌喝彩，全然不知有人刚刚与死亡擦肩而过。,,,,,是,,rogue_6_relic_legacy_130,https://prts.wiki/index.php?title=Special:Redirect/file/%E6%94%B6%E8%97%8F%E5%93%81_%E6%B2%89%E6%B2%A6%E8%80%85%E7%9A%84%E9%BB%91%E6%B5%81%E6%A0%91%E6%B5%B7_105.png
../../Assets/_Game/Resources/RogueRelics/Icons/rogue_6/rogue_6_relic_legacy_131.png,岩角号,IS7,沉沦者的黑流树海,106,RARE,,所有干员周围4格每有一名干员，攻击力+20%,想要在萨米召集人手，吹号绝对是最为有效的措施。,,,,,是,,rogue_6_relic_legacy_131,https://prts.wiki/index.php?title=Special:Redirect/file/%E6%94%B6%E8%97%8F%E5%93%81_%E6%B2%89%E6%B2%A6%E8%80%85%E7%9A%84%E9%BB%91%E6%B5%81%E6%A0%91%E6%B5%B7_106.png
../../Assets/_Game/Resources/RogueRelics/Icons/rogue_6/rogue_6_relic_legacy_134.png,散轶诗简,IS7,沉沦者的黑流树海,107,RARE,,【召唤物】的部署费用-5、生命值+30%、攻击力+30%，并且不再消耗部署位,“酣然失千山，万物得其灵。”,,,,,是,,rogue_6_relic_legacy_134,https://prts.wiki/index.php?title=Special:Redirect/file/%E6%94%B6%E8%97%8F%E5%93%81_%E6%B2%89%E6%B2%A6%E8%80%85%E7%9A%84%E9%BB%91%E6%B5%81%E6%A0%91%E6%B5%B7_107.png
../../Assets/_Game/Resources/RogueRelics/Icons/rogue_6/rogue_6_relic_legacy_137.png,传芳雕版,IS7,沉沦者的黑流树海,108,SUPER_RARE,,干员开启弹药类技能后，每次造成伤害时，攻击力+2%（最多叠加30层）,流行诗集的枣木雕版。见到自己眼中欠佳的俗诗雕版广为流传时，清高文人往往嗤之以鼻：“哼，可悲枣树，罪不至此。”,通关结局9次,,,,是,,rogue_6_relic_legacy_137,https://prts.wiki/index.php?title=Special:Redirect/file/%E6%94%B6%E8%97%8F%E5%93%81_%E6%B2%89%E6%B2%A6%E8%80%85%E7%9A%84%E9%BB%91%E6%B5%81%E6%A0%91%E6%B5%B7_108.png
../../Assets/_Game/Resources/RogueRelics/Icons/rogue_6/rogue_6_relic_legacy_138.png,三尺万象,IS7,沉沦者的黑流树海,109,RARE,,干员开启弹药类技能时，攻击速度+100，持续15秒,古时炎国印书坊所用活字印刷机。君子以字为利器，而小人......曾有印书坊下印前，发现“非”字被偷，驳斥之文意思骤变，令人啼笑皆非。,通关结局9次,,,,是,,rogue_6_relic_legacy_138,https://prts.wiki/index.php?title=Special:Redirect/file/%E6%94%B6%E8%97%8F%E5%93%81_%E6%B2%89%E6%B2%A6%E8%80%85%E7%9A%84%E9%BB%91%E6%B5%81%E6%A0%91%E6%B5%B7_109.png
../../Assets/_Game/Resources/RogueRelics/Icons/rogue_6/rogue_6_relic_legacy_139.png,《炎国字汇》,IS7,沉沦者的黑流树海,110,RARE,,弹药类技能每次开启后，首次剩余30%的弹药时，补充最大弹药数量30%的弹药,炎国的第一本通用字典，由民间作者历经十年完成。编者常叹书薄而字多，为无法收录、注定失传的生僻字立有一方字冢。,通关结局9次,,,,是,,rogue_6_relic_legacy_139,https://prts.wiki/index.php?title=Special:Redirect/file/%E6%94%B6%E8%97%8F%E5%93%81_%E6%B2%89%E6%B2%A6%E8%80%85%E7%9A%84%E9%BB%91%E6%B5%81%E6%A0%91%E6%B5%B7_110.png
../../Assets/_Game/Resources/RogueRelics/Icons/rogue_6/rogue_6_relic_legacy_140.png,《雅集》,IS7,沉沦者的黑流树海,111,SUPER_RARE,,弹药类技能每次开启后，首次剩余30%的弹药时，补充最大弹药数量50%的弹药,炎国的第一部诗集，收录了当年传唱最广的诗篇。因其广受欢迎，促使民间抄诗与写诗的热情剧增，一度导致当年的纸墨供不应求。,通关结局9次,,,,是,,rogue_6_relic_legacy_140,https://prts.wiki/index.php?title=Special:Redirect/file/%E6%94%B6%E8%97%8F%E5%93%81_%E6%B2%89%E6%B2%A6%E8%80%85%E7%9A%84%E9%BB%91%E6%B5%81%E6%A0%91%E6%B5%B7_111.png
../../Assets/_Game/Resources/RogueRelics/Icons/rogue_6/rogue_6_relic_legacy_142.png,“剑锤”,IS7,沉沦者的黑流树海,112,RARE,,所有干员的部署费用+3，但攻击力、防御力和生命+50%,插在巨大石头上的剑，到底是谁这么无聊啊。,,,,,是,,rogue_6_relic_legacy_142,https://prts.wiki/index.php?title=Special:Redirect/file/%E6%94%B6%E8%97%8F%E5%93%81_%E6%B2%89%E6%B2%A6%E8%80%85%E7%9A%84%E9%BB%91%E6%B5%81%E6%A0%91%E6%B5%B7_112.png
../../Assets/_Game/Resources/RogueRelics/Icons/rogue_6/rogue_6_relic_fight_1.png,红日冠冕,IS7,沉沦者的黑流树海,113,SUPER_RARE,,高台干员对每个敌人首次造成的伤害提升至300%,祂将自己所喜爱的冠冕赠与祂的黎博利孩子。黎博利接受了冠冕，也接受了白昼。于是黎博利翱翔于山巅之上，从此大地没有了黑夜。,,,,,是,,rogue_6_relic_fight_1,https://prts.wiki/index.php?title=Special:Redirect/file/%E6%94%B6%E8%97%8F%E5%93%81_%E6%B2%89%E6%B2%A6%E8%80%85%E7%9A%84%E9%BB%91%E6%B5%81%E6%A0%91%E6%B5%B7_113.png
../../Assets/_Game/Resources/RogueRelics/Icons/rogue_6/rogue_6_relic_fight_2.png,黑夜披肩,IS7,沉沦者的黑流树海,114,SUPER_RARE,,地面干员对每个敌人首次造成的伤害提升至300%,祂将自己所喜爱的披肩赠与祂的斐迪亚孩子。斐迪亚接受了披肩，没有得到白昼。于是斐迪亚偷走了黎博利的冠冕，从此大地又有了黑夜。,,,,,是,,rogue_6_relic_fight_2,https://prts.wiki/index.php?title=Special:Redirect/file/%E6%94%B6%E8%97%8F%E5%93%81_%E6%B2%89%E6%B2%A6%E8%80%85%E7%9A%84%E9%BB%91%E6%B5%81%E6%A0%91%E6%B5%B7_114.png
../../Assets/_Game/Resources/RogueRelics/Icons/rogue_6/rogue_6_relic_fight_3.png,伪翅,IS7,沉沦者的黑流树海,115,RARE,,我方干员击倒敌人时，获得3秒迷彩,“那棵树还剩最后一片叶子，我们能挺过这个冬天......”,通关结局1次,,,,是,,rogue_6_relic_fight_3,https://prts.wiki/index.php?title=Special:Redirect/file/%E6%94%B6%E8%97%8F%E5%93%81_%E6%B2%89%E6%B2%A6%E8%80%85%E7%9A%84%E9%BB%91%E6%B5%81%E6%A0%91%E6%B5%B7_115.png
../../Assets/_Game/Resources/RogueRelics/Icons/rogue_6/rogue_6_relic_fight_4.png,“撕咬的渴望”,IS7,沉沦者的黑流树海,116,RARE,,我方干员击倒敌人时，攻击速度+100，持续2秒,鲜血只会让它们更加亢奋。它们在哪里？无处不在。,通关结局1次,,,,是,,rogue_6_relic_fight_4,https://prts.wiki/index.php?title=Special:Redirect/file/%E6%94%B6%E8%97%8F%E5%93%81_%E6%B2%89%E6%B2%A6%E8%80%85%E7%9A%84%E9%BB%91%E6%B5%81%E6%A0%91%E6%B5%B7_116.png
../../Assets/_Game/Resources/RogueRelics/Icons/rogue_6/rogue_6_relic_fight_5.png,异香角,IS7,沉沦者的黑流树海,117,RARE,,我方干员击倒敌人时，获得2点技力,一截断角，散发着令人兴奋的味道，似乎是树海中两头雄性生物打架时掉下的，争斗永远使人成瘾。,通关结局1次,,,,是,,rogue_6_relic_fight_5,https://prts.wiki/index.php?title=Special:Redirect/file/%E6%94%B6%E8%97%8F%E5%93%81_%E6%B2%89%E6%B2%A6%E8%80%85%E7%9A%84%E9%BB%91%E6%B5%81%E6%A0%91%E6%B5%B7_117.png
../../Assets/_Game/Resources/RogueRelics/Icons/rogue_6/rogue_6_relic_fight_6.png,渴血钳兽,IS7,沉沦者的黑流树海,118,RARE,,我方干员击倒敌人时，回复10%最大生命,观赏钳兽争斗很有趣，前提是它们钳住的不是你的手指。,通关结局1次,,,,是,,rogue_6_relic_fight_6,https://prts.wiki/index.php?title=Special:Redirect/file/%E6%94%B6%E8%97%8F%E5%93%81_%E6%B2%89%E6%B2%A6%E8%80%85%E7%9A%84%E9%BB%91%E6%B5%81%E6%A0%91%E6%B5%B7_118.png
../../Assets/_Game/Resources/RogueRelics/Icons/rogue_6/rogue_6_relic_fight_7.png,“庇护”,IS7,沉沦者的黑流树海,119,RARE,,高台干员部署时立刻获得最大生命100%的屏障,他们的汗水如树海的雨水般落下，但好在他们有遮挡雨水的叶子来遮挡烈日。,,,,,是,,rogue_6_relic_fight_7,https://prts.wiki/index.php?title=Special:Redirect/file/%E6%94%B6%E8%97%8F%E5%93%81_%E6%B2%89%E6%B2%A6%E8%80%85%E7%9A%84%E9%BB%91%E6%B5%81%E6%A0%91%E6%B5%B7_119.png
../../Assets/_Game/Resources/RogueRelics/Icons/rogue_6/rogue_6_relic_fight_8.png,种植者保单,IS7,沉沦者的黑流树海,120,RARE,,若我方干员在5秒内未受到伤害，则获得最大生命20%的屏障,一份印得密密麻麻的保单，但条款只在被保人没出意外时有效——好在他们也看不懂上面的内容。,,,,,是,,rogue_6_relic_fight_8,https://prts.wiki/index.php?title=Special:Redirect/file/%E6%94%B6%E8%97%8F%E5%93%81_%E6%B2%89%E6%B2%A6%E8%80%85%E7%9A%84%E9%BB%91%E6%B5%81%E6%A0%91%E6%B5%B7_120.png
../../Assets/_Game/Resources/RogueRelics/Icons/rogue_6/rogue_6_relic_fight_9.png,战术背心,IS7,沉沦者的黑流树海,121,SUPER_RARE,,我方干员拥有屏障时，造成的伤害提升至140%,“我觉得口袋最好再多一些，得找个地方把我老妈的照片塞进去。”,在多局游戏中累计击败领袖【汉科】2次,,,,是,,rogue_6_relic_fight_9,https://prts.wiki/index.php?title=Special:Redirect/file/%E6%94%B6%E8%97%8F%E5%93%81_%E6%B2%89%E6%B2%A6%E8%80%85%E7%9A%84%E9%BB%91%E6%B5%81%E6%A0%91%E6%B5%B7_121.png
../../Assets/_Game/Resources/RogueRelics/Icons/rogue_6/rogue_6_relic_fight_10.png,赐福新生,IS7,沉沦者的黑流树海,122,SUPER_RARE,,首个干员部署时获得最大生命300%的屏障，且拥有屏障时攻击额外造成攻击力50%的法术伤害,赠予新生儿的特色礼物，最初由莱塔尼亚军官从玻利瓦尔归乡时带回，后经历了本土化，没有人会拒绝对新生命的祝福。,？？？,,,,是,,rogue_6_relic_fight_10,https://prts.wiki/index.php?title=Special:Redirect/file/%E6%94%B6%E8%97%8F%E5%93%81_%E6%B2%89%E6%B2%A6%E8%80%85%E7%9A%84%E9%BB%91%E6%B5%81%E6%A0%91%E6%B5%B7_122.png
../../Assets/_Game/Resources/RogueRelics/Icons/rogue_6/rogue_6_relic_fight_11.png,他缚,IS7,沉沦者的黑流树海,123,SUPER_RARE,,所有干员部署费用-50%，部署后损失70%的当前生命（退场前仅生效一次）,你从泥土中挖出了它，它却在为这片土地复仇。,,,,,是,,rogue_6_relic_fight_11,https://prts.wiki/index.php?title=Special:Redirect/file/%E6%94%B6%E8%97%8F%E5%93%81_%E6%B2%89%E6%B2%A6%E8%80%85%E7%9A%84%E9%BB%91%E6%B5%81%E6%A0%91%E6%B5%B7_123.png
../../Assets/_Game/Resources/RogueRelics/Icons/rogue_6/rogue_6_relic_fight_12.png,染血辞典,IS7,沉沦者的黑流树海,124,RARE,,所有干员生命值低于10%时，仅一次立刻获得最大生命100%的屏障,它曾为一名正在学习书写的真正玻利瓦尔游击队员挡下致命一击，遗憾的是它的拥有者没能撑太久，也没能认识更多词。,通关结局2次,,,,是,,rogue_6_relic_fight_12,https://prts.wiki/index.php?title=Special:Redirect/file/%E6%94%B6%E8%97%8F%E5%93%81_%E6%B2%89%E6%B2%A6%E8%80%85%E7%9A%84%E9%BB%91%E6%B5%81%E6%A0%91%E6%B5%B7_124.png
../../Assets/_Game/Resources/RogueRelics/Icons/rogue_6/rogue_6_relic_fight_13.png,液体化肥,IS7,沉沦者的黑流树海,125,RARE,,我方干员攻击时流失50点生命（至少保留1点），获得100屏障（此效果获得的屏障最大为100%生命上限）,它所到之处皆是丰收，但代价呢？总之不是收获者来付出。,,,,,是,,rogue_6_relic_fight_13,https://prts.wiki/index.php?title=Special:Redirect/file/%E6%94%B6%E8%97%8F%E5%93%81_%E6%B2%89%E6%B2%A6%E8%80%85%E7%9A%84%E9%BB%91%E6%B5%81%E6%A0%91%E6%B5%B7_125.png
../../Assets/_Game/Resources/RogueRelics/Icons/rogue_6/rogue_6_relic_fight_14.png,热辣可可,IS7,沉沦者的黑流树海,126,SUPER_RARE,,干员生命值越低，攻击力越高，30%生命值时达到最大可提升攻击力（+150%）,辣椒和可可结合的饮品，单听原料想象不出结合出来的口感，但在多索雷斯的游客当中很受欢迎。,,,,,是,,rogue_6_relic_fight_14,https://prts.wiki/index.php?title=Special:Redirect/file/%E6%94%B6%E8%97%8F%E5%93%81_%E6%B2%89%E6%B2%A6%E8%80%85%E7%9A%84%E9%BB%91%E6%B5%81%E6%A0%91%E6%B5%B7_126.png
../../Assets/_Game/Resources/RogueRelics/Icons/rogue_6/rogue_6_relic_fight_15.png,止痛片,IS7,沉沦者的黑流树海,127,RARE,,干员生命值越低，技力恢复速度越快，30%生命值时达到最大恢复速度（+2/s）,这种止痛片广受哥伦比亚人好评，获取其原材料却极其凶险，而负责采摘的玻利瓦尔人通常没有机会使用它。,,,,,是,,rogue_6_relic_fight_15,https://prts.wiki/index.php?title=Special:Redirect/file/%E6%94%B6%E8%97%8F%E5%93%81_%E6%B2%89%E6%B2%A6%E8%80%85%E7%9A%84%E9%BB%91%E6%B5%81%E6%A0%91%E6%B5%B7_127.png
../../Assets/_Game/Resources/RogueRelics/Icons/rogue_6/rogue_6_relic_fight_16.png,窜天源石虫,IS7,沉沦者的黑流树海,128,NORMAL,,干员起飞时，对攻击范围内所有敌人造成相当于自身攻击力400%的物理伤害,要问什么东西是大炎小孩在除夕夜最喜欢的——非点燃后火速升空的源石虫爆竹莫属。,通关结局4次,,,,是,,rogue_6_relic_fight_16,https://prts.wiki/index.php?title=Special:Redirect/file/%E6%94%B6%E8%97%8F%E5%93%81_%E6%B2%89%E6%B2%A6%E8%80%85%E7%9A%84%E9%BB%91%E6%B5%81%E6%A0%91%E6%B5%B7_128.png
../../Assets/_Game/Resources/RogueRelics/Icons/rogue_6/rogue_6_relic_fight_17.png,贴地炸,IS7,沉沦者的黑流树海,129,NORMAL,,干员降落时，对攻击范围内所有敌人造成相当于自身攻击力200%的物理伤害和2秒晕眩,虽然经常会出现哑炮的情况，但被摔在地上的一瞬间，路过的大炎人还是会快步闪开。,通关结局4次,,,,是,,rogue_6_relic_fight_17,https://prts.wiki/index.php?title=Special:Redirect/file/%E6%94%B6%E8%97%8F%E5%93%81_%E6%B2%89%E6%B2%A6%E8%80%85%E7%9A%84%E9%BB%91%E6%B5%81%E6%A0%91%E6%B5%B7_129.png
../../Assets/_Game/Resources/RogueRelics/Icons/rogue_6/rogue_6_relic_fight_18.png,翱翼,IS7,沉沦者的黑流树海,130,NORMAL,,我方每有1个起飞的单位，所有起飞的单位攻击力+25%,从这对完整的羽翼中，仍能窥见它们的所有者曾翱翔于空中称霸的模样，但胜负已定，落败者需付出代价。,,,,,是,,rogue_6_relic_fight_18,https://prts.wiki/index.php?title=Special:Redirect/file/%E6%94%B6%E8%97%8F%E5%93%81_%E6%B2%89%E6%B2%A6%E8%80%85%E7%9A%84%E9%BB%91%E6%B5%81%E6%A0%91%E6%B5%B7_130.png
../../Assets/_Game/Resources/RogueRelics/Icons/rogue_6/rogue_6_relic_fight_19.png,虬蜕,IS7,沉沦者的黑流树海,131,NORMAL,,我方每有1个未起飞的单位，所有单位的防御力+10%,从这张完整的蛇蜕中，仍能窥见它的所有者曾盘踞于地面称霸的模样，但胜负已定，落败者需付出代价。,,,,,是,,rogue_6_relic_fight_19,https://prts.wiki/index.php?title=Special:Redirect/file/%E6%94%B6%E8%97%8F%E5%93%81_%E6%B2%89%E6%B2%A6%E8%80%85%E7%9A%84%E9%BB%91%E6%B5%81%E6%A0%91%E6%B5%B7_131.png
../../Assets/_Game/Resources/RogueRelics/Icons/rogue_6/rogue_6_relic_fight_20.png,天师锦囊,IS7,沉沦者的黑流树海,132,RARE,,首次部署炎国干员时，在其位置召唤一只【炎佑】,遇事不决，可掏出天师赠与的锦囊。锦囊不一定会提供建议，但至少可提供武力支援。,通关结局5次,,,,是,,rogue_6_relic_fight_20,https://prts.wiki/index.php?title=Special:Redirect/file/%E6%94%B6%E8%97%8F%E5%93%81_%E6%B2%89%E6%B2%A6%E8%80%85%E7%9A%84%E9%BB%91%E6%B5%81%E6%A0%91%E6%B5%B7_132.png
../../Assets/_Game/Resources/RogueRelics/Icons/rogue_6/rogue_6_relic_fight_21.png,冰中火,IS7,沉沦者的黑流树海,133,RARE,,敌人受到的元素损伤和元素伤害+75%,火一直在燃烧，冰却一直未融。看起来很热，摸起来却是冷的，正如你在黑流树海中所见的一切。,,,,,是,,rogue_6_relic_fight_21,https://prts.wiki/index.php?title=Special:Redirect/file/%E6%94%B6%E8%97%8F%E5%93%81_%E6%B2%89%E6%B2%A6%E8%80%85%E7%9A%84%E9%BB%91%E6%B5%81%E6%A0%91%E6%B5%B7_133.png
../../Assets/_Game/Resources/RogueRelics/Icons/rogue_6/rogue_6_relic_fight_22.png,河谷祭祈,IS7,沉沦者的黑流树海,134,SUPER_RARE,,我方凋亡、灼燃、神经和侵蚀损伤的爆发效果增强,尘土阖上她的眼睛，溪流为她拭去泪水。,,,,,是,,rogue_6_relic_fight_22,https://prts.wiki/index.php?title=Special:Redirect/file/%E6%94%B6%E8%97%8F%E5%93%81_%E6%B2%89%E6%B2%A6%E8%80%85%E7%9A%84%E9%BB%91%E6%B5%81%E6%A0%91%E6%B5%B7_134.png
../../Assets/_Game/Resources/RogueRelics/Icons/rogue_6/rogue_6_relic_fight_23.png,猎犬病特效药,IS7,沉沦者的黑流树海,135,SUPER_RARE,,我方狂躁元素爆发后不再受到持续伤害，且期间攻击速度额外+50,可以短暂抑制猎犬病症状的特效药，但仅仅是短暂抑制，医疗及研究人员至今无法根除此病。,？？？,,,,是,,rogue_6_relic_fight_23,https://prts.wiki/index.php?title=Special:Redirect/file/%E6%94%B6%E8%97%8F%E5%93%81_%E6%B2%89%E6%B2%A6%E8%80%85%E7%9A%84%E9%BB%91%E6%B5%81%E6%A0%91%E6%B5%B7_135.png
../../Assets/_Game/Resources/RogueRelics/Icons/rogue_6/rogue_6_relic_fight_24.png,特种作战防暴盾,IS7,沉沦者的黑流树海,136,RARE,,被阻挡的敌人造成的伤害-30%,黑钢国际的装备与应用技术部门不遗余力地追求轻量化，希望佣兵作战时手上的负担能小一点，心理上的负担也能小一点......也许吧。,携带不小于3名重装干员完成一场战斗,,,,是,,rogue_6_relic_fight_24,https://prts.wiki/index.php?title=Special:Redirect/file/%E6%94%B6%E8%97%8F%E5%93%81_%E6%B2%89%E6%B2%A6%E8%80%85%E7%9A%84%E9%BB%91%E6%B5%81%E6%A0%91%E6%B5%B7_136.png
../../Assets/_Game/Resources/RogueRelics/Icons/rogue_6/rogue_6_relic_fight_25.png,猎犬咖啡,IS7,沉沦者的黑流树海,137,RARE,,我方单位的生命和攻击力+30%，敌人出现时有3%概率生命+100%,猎犬出没之地的野生咖啡豆总是更加美味，虽然不知道原因，但并不妨碍这些咖啡豆在哥伦比亚被炒出一波又一波高价，至于是否真的是从猎犬的领地摘取的，也并不重要了。,,,,,是,,rogue_6_relic_fight_25,https://prts.wiki/index.php?title=Special:Redirect/file/%E6%94%B6%E8%97%8F%E5%93%81_%E6%B2%89%E6%B2%A6%E8%80%85%E7%9A%84%E9%BB%91%E6%B5%81%E6%A0%91%E6%B5%B7_137.png
../../Assets/_Game/Resources/RogueRelics/Icons/rogue_6/rogue_6_relic_fight_26.png,竞技场贵宾券,IS7,沉沦者的黑流树海,138,SUPER_RARE,,精英敌人的生命+10%，战斗获得的源石锭和指挥经验+40%,只要再加十万马克，您就可以从超超级贵宾升级为超超超级贵宾！,,,,,是,,rogue_6_relic_fight_26,https://prts.wiki/index.php?title=Special:Redirect/file/%E6%94%B6%E8%97%8F%E5%93%81_%E6%B2%89%E6%B2%A6%E8%80%85%E7%9A%84%E9%BB%91%E6%B5%81%E6%A0%91%E6%B5%B7_138.png
../../Assets/_Game/Resources/RogueRelics/Icons/rogue_6/rogue_6_relic_fight_27.png,黄金平原,IS7,沉沦者的黑流树海,139,RARE,,我方干员技能结束时获得2点技力,一望无际的金色麦田、微风、人们的欢声笑语，你的下一瓶精酿何必等待太久？,,,,,是,,rogue_6_relic_fight_27,https://prts.wiki/index.php?title=Special:Redirect/file/%E6%94%B6%E8%97%8F%E5%93%81_%E6%B2%89%E6%B2%A6%E8%80%85%E7%9A%84%E9%BB%91%E6%B5%81%E6%A0%91%E6%B5%B7_139.png
../../Assets/_Game/Resources/RogueRelics/Icons/rogue_6/rogue_6_relic_fight_28.png,第一法则,IS7,沉沦者的黑流树海,140,SUPER_RARE,,我方干员技能结束时获得4点技力,叙拉古出品的红酒只有一种名字——赢家通吃，永远是这里的第一法则。,,,,,是,,rogue_6_relic_fight_28,https://prts.wiki/index.php?title=Special:Redirect/file/%E6%94%B6%E8%97%8F%E5%93%81_%E6%B2%89%E6%B2%A6%E8%80%85%E7%9A%84%E9%BB%91%E6%B5%81%E6%A0%91%E6%B5%B7_140.png
../../Assets/_Game/Resources/RogueRelics/Icons/rogue_6/rogue_6_relic_fight_29.png,特勤任务影像,IS7,沉沦者的黑流树海,141,SUPER_RARE,,我方单位的生命、攻击力、防御力+40%，指挥经验+20%,录制影像的人活下来了，下一位观看影像的特勤调查员，祝你好运。,,,,,是,,rogue_6_relic_fight_29,https://prts.wiki/index.php?title=Special:Redirect/file/%E6%94%B6%E8%97%8F%E5%93%81_%E6%B2%89%E6%B2%A6%E8%80%85%E7%9A%84%E9%BB%91%E6%B5%81%E6%A0%91%E6%B5%B7_141.png
../../Assets/_Game/Resources/RogueRelics/Icons/rogue_6/rogue_6_relic_fight_30.png,探测先锋,IS7,沉沦者的黑流树海,142,RARE,,完成“追猎”作战后叠加1层并使下个区域初始行动力-1，每层使“猎犬proto”的生命和攻击力+20%,你幸运地在“追猎”中死里逃生，现颁发“探测先锋”奖章，以兹鼓励，期待下一次更精彩的表现。,,,,,是,,rogue_6_relic_fight_30,https://prts.wiki/index.php?title=Special:Redirect/file/%E6%94%B6%E8%97%8F%E5%93%81_%E6%B2%89%E6%B2%A6%E8%80%85%E7%9A%84%E9%BB%91%E6%B5%81%E6%A0%91%E6%B5%B7_142.png
../../Assets/_Game/Resources/RogueRelics/Icons/rogue_6/rogue_6_relic_legacy_64.png,钝爪-屡战,IS7,沉沦者的黑流树海,143,NORMAL,,所有【先锋】干员的攻击力+50%，防御力+50%,一鼓作气，克敌机先。,,,,,是,,rogue_6_relic_legacy_64,https://prts.wiki/index.php?title=Special:Redirect/file/%E6%94%B6%E8%97%8F%E5%93%81_%E6%B2%89%E6%B2%A6%E8%80%85%E7%9A%84%E9%BB%91%E6%B5%81%E6%A0%91%E6%B5%B7_143.png
../../Assets/_Game/Resources/RogueRelics/Icons/rogue_6/rogue_6_relic_legacy_65.png,钝爪-百战,IS7,沉沦者的黑流树海,144,RARE,,战斗开始60秒内，所有【先锋】攻击力+100%，防御力+100%,“当黑漆漆的敌人向我涌来时，我脑海里只想到四个字——它们完了。”,,,,,是,,rogue_6_relic_legacy_65,https://prts.wiki/index.php?title=Special:Redirect/file/%E6%94%B6%E8%97%8F%E5%93%81_%E6%B2%89%E6%B2%A6%E8%80%85%E7%9A%84%E9%BB%91%E6%B5%81%E6%A0%91%E6%B5%B7_144.png
../../Assets/_Game/Resources/RogueRelics/Icons/rogue_6/rogue_6_relic_legacy_66.png,折戟-锋刃,IS7,沉沦者的黑流树海,145,NORMAL,,所有【近卫】干员的攻击力+25%,“这是你这个月砍坏的第七把刀了。”“但是我这个月砍了八个敌人。”,,,,,是,,rogue_6_relic_legacy_66,https://prts.wiki/index.php?title=Special:Redirect/file/%E6%94%B6%E8%97%8F%E5%93%81_%E6%B2%89%E6%B2%A6%E8%80%85%E7%9A%84%E9%BB%91%E6%B5%81%E6%A0%91%E6%B5%B7_145.png
../../Assets/_Game/Resources/RogueRelics/Icons/rogue_6/rogue_6_relic_legacy_67.png,折戟-浴血,IS7,沉沦者的黑流树海,146,SUPER_RARE,,所有【近卫】干员在攻击后获得2点技力,愈战愈勇的战士十分少见，我们常需要安排一些心理辅导来缓和战后的情绪。,,,,,是,,rogue_6_relic_legacy_67,https://prts.wiki/index.php?title=Special:Redirect/file/%E6%94%B6%E8%97%8F%E5%93%81_%E6%B2%89%E6%B2%A6%E8%80%85%E7%9A%84%E9%BB%91%E6%B5%81%E6%A0%91%E6%B5%B7_146.png
../../Assets/_Game/Resources/RogueRelics/Icons/rogue_6/rogue_6_relic_legacy_68.png,铁卫-侵掠,IS7,沉沦者的黑流树海,147,NORMAL,,所有【重装】干员的攻击力+60%,对队友和战略目的的保护行动往往会让人忽视他们原本的侵略性。,,,,,是,,rogue_6_relic_legacy_68,https://prts.wiki/index.php?title=Special:Redirect/file/%E6%94%B6%E8%97%8F%E5%93%81_%E6%B2%89%E6%B2%A6%E8%80%85%E7%9A%84%E9%BB%91%E6%B5%81%E6%A0%91%E6%B5%B7_147.png
../../Assets/_Game/Resources/RogueRelics/Icons/rogue_6/rogue_6_relic_legacy_69.png,铁卫-整固,IS7,沉沦者的黑流树海,148,SUPER_RARE,,所有【重装】干员生命值+40%，防御力+40%，法术抗性+20,无论命运的打击多么沉重，扛下它。,,,,,是,,rogue_6_relic_legacy_69,https://prts.wiki/index.php?title=Special:Redirect/file/%E6%94%B6%E8%97%8F%E5%93%81_%E6%B2%89%E6%B2%A6%E8%80%85%E7%9A%84%E9%BB%91%E6%B5%81%E6%A0%91%E6%B5%B7_148.png
../../Assets/_Game/Resources/RogueRelics/Icons/rogue_6/rogue_6_relic_legacy_70.png,残弩-突破,IS7,沉沦者的黑流树海,149,NORMAL,,所有【狙击】干员的部署费用-2，生命+60%,上膛，瞄准，开火，毁灭如期而至。,,,,,是,,rogue_6_relic_legacy_70,https://prts.wiki/index.php?title=Special:Redirect/file/%E6%94%B6%E8%97%8F%E5%93%81_%E6%B2%89%E6%B2%A6%E8%80%85%E7%9A%84%E9%BB%91%E6%B5%81%E6%A0%91%E6%B5%B7_149.png
../../Assets/_Game/Resources/RogueRelics/Icons/rogue_6/rogue_6_relic_legacy_71.png,残弩-神速,IS7,沉沦者的黑流树海,150,SUPER_RARE,,所有【狙击】干员的攻击速度+70,据说古维多利亚的传奇弓手可以让箭矢几乎连成一线。,,,,,是,,rogue_6_relic_legacy_71,https://prts.wiki/index.php?title=Special:Redirect/file/%E6%94%B6%E8%97%8F%E5%93%81_%E6%B2%89%E6%B2%A6%E8%80%85%E7%9A%84%E9%BB%91%E6%B5%81%E6%A0%91%E6%B5%B7_150.png
../../Assets/_Game/Resources/RogueRelics/Icons/rogue_6/rogue_6_relic_legacy_72.png,断杖-突破,IS7,沉沦者的黑流树海,151,NORMAL,,所有【术师】干员的部署费用-3，生命+60%,让技艺在指尖起舞，呼风唤雨，搅乱现实，达成你宏伟的目的。,,,,,是,,rogue_6_relic_legacy_72,https://prts.wiki/index.php?title=Special:Redirect/file/%E6%94%B6%E8%97%8F%E5%93%81_%E6%B2%89%E6%B2%A6%E8%80%85%E7%9A%84%E9%BB%91%E6%B5%81%E6%A0%91%E6%B5%B7_151.png
../../Assets/_Game/Resources/RogueRelics/Icons/rogue_6/rogue_6_relic_legacy_73.png,断杖-波纹,IS7,沉沦者的黑流树海,152,RARE,,场上每有一名【术师】干员，所有敌人受到的法术伤害+12%（最多叠加8层）,调谐到同一频率，让我们奏起旋律。,,,,,是,,rogue_6_relic_legacy_73,https://prts.wiki/index.php?title=Special:Redirect/file/%E6%94%B6%E8%97%8F%E5%93%81_%E6%B2%89%E6%B2%A6%E8%80%85%E7%9A%84%E9%BB%91%E6%B5%81%E6%A0%91%E6%B5%B7_152.png
../../Assets/_Game/Resources/RogueRelics/Icons/rogue_6/rogue_6_relic_legacy_74.png,医者-自医,IS7,沉沦者的黑流树海,153,RARE,,所有【医疗】干员的技力恢复+0.3/秒,谁说医者不能自医，他们只是选择给自己来一片提神药然后继续帮助别人而已。,,,,,是,,rogue_6_relic_legacy_74,https://prts.wiki/index.php?title=Special:Redirect/file/%E6%94%B6%E8%97%8F%E5%93%81_%E6%B2%89%E6%B2%A6%E8%80%85%E7%9A%84%E9%BB%91%E6%B5%81%E6%A0%91%E6%B5%B7_153.png
../../Assets/_Game/Resources/RogueRelics/Icons/rogue_6/rogue_6_relic_legacy_75.png,医者-妙手,IS7,沉沦者的黑流树海,154,SUPER_RARE,,所有【医疗】干员的攻击速度+70,比起从死亡手里多抢回一条命的伟业，事后昏睡个三天算什么？,,,,,是,,rogue_6_relic_legacy_75,https://prts.wiki/index.php?title=Special:Redirect/file/%E6%94%B6%E8%97%8F%E5%93%81_%E6%B2%89%E6%B2%A6%E8%80%85%E7%9A%84%E9%BB%91%E6%B5%81%E6%A0%91%E6%B5%B7_154.png
../../Assets/_Game/Resources/RogueRelics/Icons/rogue_6/rogue_6_relic_legacy_76.png,锈刃-突破,IS7,沉沦者的黑流树海,155,NORMAL,,所有【特种】干员的部署费用-3，生命+60%,手段有很多，结局却只有一种。,,,,,是,,rogue_6_relic_legacy_76,https://prts.wiki/index.php?title=Special:Redirect/file/%E6%94%B6%E8%97%8F%E5%93%81_%E6%B2%89%E6%B2%A6%E8%80%85%E7%9A%84%E9%BB%91%E6%B5%81%E6%A0%91%E6%B5%B7_155.png
../../Assets/_Game/Resources/RogueRelics/Icons/rogue_6/rogue_6_relic_legacy_77.png,锈刃-可视静谧,IS7,沉沦者的黑流树海,156,RARE,,所有【特种】干员的再部署时间-35%,声音在阴影掠过的瞬间遇害，倾听它们的人将是下一位受害者。,,,,,是,,rogue_6_relic_legacy_77,https://prts.wiki/index.php?title=Special:Redirect/file/%E6%94%B6%E8%97%8F%E5%93%81_%E6%B2%89%E6%B2%A6%E8%80%85%E7%9A%84%E9%BB%91%E6%B5%81%E6%A0%91%E6%B5%B7_156.png
../../Assets/_Game/Resources/RogueRelics/Icons/rogue_6/rogue_6_relic_legacy_78.png,支柱-突破,IS7,沉沦者的黑流树海,157,NORMAL,,所有【辅助】干员的部署费用-2，生命+60%,当“差一点完成任务”的时候，你需要的正是那个帮你补上“差一点”的人。,,,,,是,,rogue_6_relic_legacy_78,https://prts.wiki/index.php?title=Special:Redirect/file/%E6%94%B6%E8%97%8F%E5%93%81_%E6%B2%89%E6%B2%A6%E8%80%85%E7%9A%84%E9%BB%91%E6%B5%81%E6%A0%91%E6%B5%B7_157.png
../../Assets/_Game/Resources/RogueRelics/Icons/rogue_6/rogue_6_relic_legacy_79.png,支柱-援护,IS7,沉沦者的黑流树海,158,RARE,,所有【辅助】干员使攻击范围内的我方单位攻击力+30%,递上饭食、指明路线、甚至是促膝谈心，胜败的关键就在这点滴之间。,,,,,是,,rogue_6_relic_legacy_79,https://prts.wiki/index.php?title=Special:Redirect/file/%E6%94%B6%E8%97%8F%E5%93%81_%E6%B2%89%E6%B2%A6%E8%80%85%E7%9A%84%E9%BB%91%E6%B5%81%E6%A0%91%E6%B5%B7_158.png
../../Assets/_Game/Resources/RogueRelics/Icons/rogue_6/rogue_6_relic_legacy_80.png,支柱-勤奋,IS7,沉沦者的黑流树海,159,SUPER_RARE,,所有【辅助】干员的技力消耗-40%,即使是看似最微小的工作，干员们也会全力以赴。何况事实上，一点也不微小。,,,,,是,,rogue_6_relic_legacy_80,https://prts.wiki/index.php?title=Special:Redirect/file/%E6%94%B6%E8%97%8F%E5%93%81_%E6%B2%89%E6%B2%A6%E8%80%85%E7%9A%84%E9%BB%91%E6%B5%81%E6%A0%91%E6%B5%B7_159.png
../../Assets/_Game/Resources/RogueRelics/Icons/rogue_6/rogue_6_relic_book_1.png,钝爪-先机,IS7,沉沦者的黑流树海,160,SUPER_RARE,,先锋干员开启技能时，立刻获得3点部署费用,争分夺秒，志在夺取有利位置。,,,,,是,,rogue_6_relic_book_1,https://prts.wiki/index.php?title=Special:Redirect/file/%E6%94%B6%E8%97%8F%E5%93%81_%E6%B2%89%E6%B2%A6%E8%80%85%E7%9A%84%E9%BB%91%E6%B5%81%E6%A0%91%E6%B5%B7_160.png
../../Assets/_Game/Resources/RogueRelics/Icons/rogue_6/rogue_6_relic_book_2.png,折戟-避锋,IS7,沉沦者的黑流树海,161,RARE,,近卫干员受到攻击范围外敌人的攻击时，有75%概率闪避,退避并非怯战，而是为了下一次攻击。,,,,,是,,rogue_6_relic_book_2,https://prts.wiki/index.php?title=Special:Redirect/file/%E6%94%B6%E8%97%8F%E5%93%81_%E6%B2%89%E6%B2%A6%E8%80%85%E7%9A%84%E9%BB%91%E6%B5%81%E6%A0%91%E6%B5%B7_161.png
../../Assets/_Game/Resources/RogueRelics/Icons/rogue_6/rogue_6_relic_book_3.png,铁卫-轻行,IS7,沉沦者的黑流树海,162,RARE,,重装干员首次部署费用-75%,丢掉繁琐的行囊后，守护者坚韧依旧。,,,,,是,,rogue_6_relic_book_3,https://prts.wiki/index.php?title=Special:Redirect/file/%E6%94%B6%E8%97%8F%E5%93%81_%E6%B2%89%E6%B2%A6%E8%80%85%E7%9A%84%E9%BB%91%E6%B5%81%E6%A0%91%E6%B5%B7_162.png
../../Assets/_Game/Resources/RogueRelics/Icons/rogue_6/rogue_6_relic_book_4.png,残弩-神准,IS7,沉沦者的黑流树海,163,RARE,,狙击干员攻击面前直线上的敌人时，攻击力提升至140%,锁定直线目标一直是狙击干员的强项，在此基础上，多加火力也照样稳健。,,,,,是,,rogue_6_relic_book_4,https://prts.wiki/index.php?title=Special:Redirect/file/%E6%94%B6%E8%97%8F%E5%93%81_%E6%B2%89%E6%B2%A6%E8%80%85%E7%9A%84%E9%BB%91%E6%B5%81%E6%A0%91%E6%B5%B7_163.png
../../Assets/_Game/Resources/RogueRelics/Icons/rogue_6/rogue_6_relic_book_5.png,断杖-同调,IS7,沉沦者的黑流树海,164,SUPER_RARE,,场上每有一名术师干员，术师干员技能结束时获得3点技力,“你的荣耀，你的耻辱，我感同身受。”,,,,,是,,rogue_6_relic_book_5,https://prts.wiki/index.php?title=Special:Redirect/file/%E6%94%B6%E8%97%8F%E5%93%81_%E6%B2%89%E6%B2%A6%E8%80%85%E7%9A%84%E9%BB%91%E6%B5%81%E6%A0%91%E6%B5%B7_164.png
../../Assets/_Game/Resources/RogueRelics/Icons/rogue_6/rogue_6_relic_book_6.png,医者-地缘策略,IS7,沉沦者的黑流树海,165,NORMAL,,医疗干员攻击范围内的地面干员阻挡数+1，可叠加,其他干员总是喜欢围绕在医疗干员身边，听医者讲述关于即时疗愈的新方案。,,,,,是,,rogue_6_relic_book_6,https://prts.wiki/index.php?title=Special:Redirect/file/%E6%94%B6%E8%97%8F%E5%93%81_%E6%B2%89%E6%B2%A6%E8%80%85%E7%9A%84%E9%BB%91%E6%B5%81%E6%A0%91%E6%B5%B7_165.png
../../Assets/_Game/Resources/RogueRelics/Icons/rogue_6/rogue_6_relic_book_7.png,锈刃-研磨,IS7,沉沦者的黑流树海,166,SUPER_RARE,,所有【特种】干员的攻击速度+50，攻击力+50%,磨不完的锈迹，做不尽的工作。,,,,,是,,rogue_6_relic_book_7,https://prts.wiki/index.php?title=Special:Redirect/file/%E6%94%B6%E8%97%8F%E5%93%81_%E6%B2%89%E6%B2%A6%E8%80%85%E7%9A%84%E9%BB%91%E6%B5%81%E6%A0%91%E6%B5%B7_166.png
../../Assets/_Game/Resources/RogueRelics/Icons/rogue_6/rogue_6_relic_hand_1.png,开拓之手,IS7,沉沦者的黑流树海,167,SUPER_RARE,,尖兵、冲锋手、策士的部署费用-6，技力需求-50%；拥有钝爪-先机时，开启技能会给其他场上干员回复2点技力,先发制人，抢占先机。,,,,,是,,rogue_6_relic_hand_1,https://prts.wiki/index.php?title=Special:Redirect/file/%E6%94%B6%E8%97%8F%E5%93%81_%E6%B2%89%E6%B2%A6%E8%80%85%E7%9A%84%E9%BB%91%E6%B5%81%E6%A0%91%E6%B5%B7_167.png
../../Assets/_Game/Resources/RogueRelics/Icons/rogue_6/rogue_6_relic_hand_2.png,诛戮之手,IS7,沉沦者的黑流树海,168,SUPER_RARE,,武者、无畏者、术战者对周围四格敌人造成的伤害提升至200%；拥有折戟-避锋时，击倒敌人后下次再部署时间和部署费用-50%,摧枯拉朽，力拔山兮。,,,,,是,,rogue_6_relic_hand_2,https://prts.wiki/index.php?title=Special:Redirect/file/%E6%94%B6%E8%97%8F%E5%93%81_%E6%B2%89%E6%B2%A6%E8%80%85%E7%9A%84%E9%BB%91%E6%B5%81%E6%A0%91%E6%B5%B7_168.png
../../Assets/_Game/Resources/RogueRelics/Icons/rogue_6/rogue_6_relic_hand_3.png,坚御之手,IS7,沉沦者的黑流树海,169,SUPER_RARE,,铁卫、哨戒铁卫、不屈者部署时和技能结束后攻击力和最大生命+100%，加成在60秒内递减；拥有铁卫-轻行时，生命高于50%时阻挡数+3,坚守不移，抵抗到底。,,,,,是,,rogue_6_relic_hand_3,https://prts.wiki/index.php?title=Special:Redirect/file/%E6%94%B6%E8%97%8F%E5%93%81_%E6%B2%89%E6%B2%A6%E8%80%85%E7%9A%84%E9%BB%91%E6%B5%81%E6%A0%91%E6%B5%B7_169.png
../../Assets/_Game/Resources/RogueRelics/Icons/rogue_6/rogue_6_relic_hand_4.png,慑空之手,IS7,沉沦者的黑流树海,170,SUPER_RARE,,炮手、散射手、裂空炮手开启技能时攻击力+150%，持续5秒；拥有残弩-神准时，每3秒获得3点技力,我自向天，藐视晴苍。,,,,,是,,rogue_6_relic_hand_4,https://prts.wiki/index.php?title=Special:Redirect/file/%E6%94%B6%E8%97%8F%E5%93%81_%E6%B2%89%E6%B2%A6%E8%80%85%E7%9A%84%E9%BB%91%E6%B5%81%E6%A0%91%E6%B5%B7_170.png
../../Assets/_Game/Resources/RogueRelics/Icons/rogue_6/rogue_6_relic_hand_5.png,波纹之手,IS7,沉沦者的黑流树海,171,SUPER_RARE,,轰击术师、链术师、驭械术师每对一个单位造成伤害就回复2点技力值，拥有断杖-同调时，造成伤害后3秒内攻击力+20%（最高+100%）,一扫而过，震耳欲聋。,,,,,是,,rogue_6_relic_hand_5,https://prts.wiki/index.php?title=Special:Redirect/file/%E6%94%B6%E8%97%8F%E5%93%81_%E6%B2%89%E6%B2%A6%E8%80%85%E7%9A%84%E9%BB%91%E6%B5%81%E6%A0%91%E6%B5%B7_171.png
../../Assets/_Game/Resources/RogueRelics/Icons/rogue_6/rogue_6_relic_hand_6.png,护愈之手,IS7,沉沦者的黑流树海,172,SUPER_RARE,,疗养师、行医、护佑者攻击范围内的我方干员免疫异常状态，拥有医者-地缘策略时，溢出的治疗量可以转化成等量的屏障（最大为100%生命上限）,将心比心，时刻呵护。,,,,,是,,rogue_6_relic_hand_6,https://prts.wiki/index.php?title=Special:Redirect/file/%E6%94%B6%E8%97%8F%E5%93%81_%E6%B2%89%E6%B2%A6%E8%80%85%E7%9A%84%E9%BB%91%E6%B5%81%E6%A0%91%E6%B5%B7_172.png
../../Assets/_Game/Resources/RogueRelics/Icons/rogue_6/rogue_6_relic_hand_7.png,剿袭之手,IS7,沉沦者的黑流树海,173,SUPER_RARE,,敌人进入秘术师、神射手、猎手的攻击范围内时，受到一次攻击力300%的法术或物理伤害和50%的法术或物理脆弱（持续3秒）,视域之内，寸草不生。,选择【远程战术分队】完成游戏结局,,,,是,,rogue_6_relic_hand_7,https://prts.wiki/index.php?title=Special:Redirect/file/%E6%94%B6%E8%97%8F%E5%93%81_%E6%B2%89%E6%B2%A6%E8%80%85%E7%9A%84%E9%BB%91%E6%B5%81%E6%A0%91%E6%B5%B7_173.png
../../Assets/_Game/Resources/RogueRelics/Icons/rogue_6/rogue_6_relic_assign_1.png,钝爪-新典训,IS7,沉沦者的黑流树海,174,NORMAL,,立即进阶一个【先锋】干员（不消耗希望），并使其：每次开启技能后攻击力+10%（最多+60%）,一套新的强力装备，一颗更加勇往直前的心。,,,,,是,,rogue_6_relic_assign_1,https://prts.wiki/index.php?title=Special:Redirect/file/%E6%94%B6%E8%97%8F%E5%93%81_%E6%B2%89%E6%B2%A6%E8%80%85%E7%9A%84%E9%BB%91%E6%B5%81%E6%A0%91%E6%B5%B7_174.png
../../Assets/_Game/Resources/RogueRelics/Icons/rogue_6/rogue_6_relic_assign_2.png,断杖-新典训,IS7,沉沦者的黑流树海,175,NORMAL,,立即进阶一个【术师】干员（不消耗希望），并使其：攻击时降低目标5点法术抗性（最多降低25）,“我在垃圾桶里看到一本莱塔尼亚教材，是哪位干员不小心丢失的吗？”,,,,,是,,rogue_6_relic_assign_2,https://prts.wiki/index.php?title=Special:Redirect/file/%E6%94%B6%E8%97%8F%E5%93%81_%E6%B2%89%E6%B2%A6%E8%80%85%E7%9A%84%E9%BB%91%E6%B5%81%E6%A0%91%E6%B5%B7_175.png
../../Assets/_Game/Resources/RogueRelics/Icons/rogue_6/rogue_6_relic_assign_3.png,折戟-新典训,IS7,沉沦者的黑流树海,176,NORMAL,,立即进阶一个【近卫】干员（不消耗希望），并使其：首次被击倒时回复100%生命,百步之外，弩箭与法术更快，但三步之内，还是剑更快。,,,,,是,,rogue_6_relic_assign_3,https://prts.wiki/index.php?title=Special:Redirect/file/%E6%94%B6%E8%97%8F%E5%93%81_%E6%B2%89%E6%B2%A6%E8%80%85%E7%9A%84%E9%BB%91%E6%B5%81%E6%A0%91%E6%B5%B7_176.png
../../Assets/_Game/Resources/RogueRelics/Icons/rogue_6/rogue_6_relic_assign_4.png,铁卫-新典训,IS7,沉沦者的黑流树海,177,NORMAL,,立即进阶一个【重装】干员（不消耗希望），并使其：受到攻击时回复2技力,逝去的战士已成为划痕，永远被铭记于坚盾之上。,,,,,是,,rogue_6_relic_assign_4,https://prts.wiki/index.php?title=Special:Redirect/file/%E6%94%B6%E8%97%8F%E5%93%81_%E6%B2%89%E6%B2%A6%E8%80%85%E7%9A%84%E9%BB%91%E6%B5%81%E6%A0%91%E6%B5%B7_177.png
../../Assets/_Game/Resources/RogueRelics/Icons/rogue_6/rogue_6_relic_assign_5.png,残弩-新典训,IS7,沉沦者的黑流树海,178,NORMAL,,立即进阶一个【狙击】干员（不消耗希望），并使其：攻击时无视目标50%的防御,“没射中不是你准头不行，给我加大火力，再来！”,,,,,是,,rogue_6_relic_assign_5,https://prts.wiki/index.php?title=Special:Redirect/file/%E6%94%B6%E8%97%8F%E5%93%81_%E6%B2%89%E6%B2%A6%E8%80%85%E7%9A%84%E9%BB%91%E6%B5%81%E6%A0%91%E6%B5%B7_178.png
../../Assets/_Game/Resources/RogueRelics/Icons/rogue_6/rogue_6_relic_assign_6.png,医者-新典训,IS7,沉沦者的黑流树海,179,NORMAL,,立即进阶一个【医疗】干员（不消耗希望），并使其：治疗时使目标获得2技力,“我成为医疗干员的初衷是希望没有人再来找我看病，如果失业我也是心甘情愿的。”,,,,,是,,rogue_6_relic_assign_6,https://prts.wiki/index.php?title=Special:Redirect/file/%E6%94%B6%E8%97%8F%E5%93%81_%E6%B2%89%E6%B2%A6%E8%80%85%E7%9A%84%E9%BB%91%E6%B5%81%E6%A0%91%E6%B5%B7_179.png
../../Assets/_Game/Resources/RogueRelics/Icons/rogue_6/rogue_6_relic_assign_7.png,锈刃-新典训,IS7,沉沦者的黑流树海,180,NORMAL,,立即进阶一个【特种】干员（不消耗希望），并使其：再部署时间-50%,即便是经常与特种干员进行实战练习的老手，依然无法精准把握“准备好被打”的时机。,,,,,是,,rogue_6_relic_assign_7,https://prts.wiki/index.php?title=Special:Redirect/file/%E6%94%B6%E8%97%8F%E5%93%81_%E6%B2%89%E6%B2%A6%E8%80%85%E7%9A%84%E9%BB%91%E6%B5%81%E6%A0%91%E6%B5%B7_180.png
../../Assets/_Game/Resources/RogueRelics/Icons/rogue_6/rogue_6_relic_assign_8.png,支柱-新典训,IS7,沉沦者的黑流树海,181,NORMAL,,立即进阶一个【辅助】干员（不消耗希望），并使其：攻击范围内的敌人防御力和法术抗性-40%,别试图为辅助干员指定行动点位，他们自己的策略往往比制定好的计划更有效。,,,,,是,,rogue_6_relic_assign_8,https://prts.wiki/index.php?title=Special:Redirect/file/%E6%94%B6%E8%97%8F%E5%93%81_%E6%B2%89%E6%B2%A6%E8%80%85%E7%9A%84%E9%BB%91%E6%B5%81%E6%A0%91%E6%B5%B7_181.png
../../Assets/_Game/Resources/RogueRelics/Icons/rogue_6/rogue_6_relic_assign_9.png,疗养礼品卡,IS7,沉沦者的黑流树海,182,RARE,,下一个招募或进阶的干员攻击速度+50,疗养庭院永远欢迎想和朋友一起来放松身心的干员。,,,,,是,,rogue_6_relic_assign_9,https://prts.wiki/index.php?title=Special:Redirect/file/%E6%94%B6%E8%97%8F%E5%93%81_%E6%B2%89%E6%B2%A6%E8%80%85%E7%9A%84%E9%BB%91%E6%B5%81%E6%A0%91%E6%B5%B7_182.png
../../Assets/_Game/Resources/RogueRelics/Icons/rogue_6/rogue_6_relic_assign_10.png,指中狼,IS7,沉沦者的黑流树海,183,RARE,,下一个招募或进阶的干员无法开启技能，但攻击力+100%，攻击速度+50,这种野蛮的斗殴方式在叙拉古街头被逐渐取缔，现在想要观赏一场酣畅淋漓的“狼斗”并非易事。,,,,,是,,rogue_6_relic_assign_10,https://prts.wiki/index.php?title=Special:Redirect/file/%E6%94%B6%E8%97%8F%E5%93%81_%E6%B2%89%E6%B2%A6%E8%80%85%E7%9A%84%E9%BB%91%E6%B5%81%E6%A0%91%E6%B5%B7_183.png
../../Assets/_Game/Resources/RogueRelics/Icons/rogue_6/rogue_6_relic_assign_11.png,“老妈的鼓励”,IS7,沉沦者的黑流树海,184,RARE,,下一个招募或进阶的干员首次部署时攻击力+50%,约翰老妈旗下最畅销的能量棒，解决了大部分不爱吃早餐的干员低血糖的问题。据说每一根的包装内都有不同的鼓励语，用于开启崭新的一天。,,,,,是,,rogue_6_relic_assign_11,https://prts.wiki/index.php?title=Special:Redirect/file/%E6%94%B6%E8%97%8F%E5%93%81_%E6%B2%89%E6%B2%A6%E8%80%85%E7%9A%84%E9%BB%91%E6%B5%81%E6%A0%91%E6%B5%B7_184.png
../../Assets/_Game/Resources/RogueRelics/Icons/rogue_6/rogue_6_relic_assign_12.png,发泡胶,IS7,沉沦者的黑流树海,185,RARE,,下一个招募或进阶的干员攻击速度-50，攻击力+120%,“就是你没收好的发泡胶绊了我一脚？！我鞋被粘在地上了，别跑——”,,,,,是,,rogue_6_relic_assign_12,https://prts.wiki/index.php?title=Special:Redirect/file/%E6%94%B6%E8%97%8F%E5%93%81_%E6%B2%89%E6%B2%A6%E8%80%85%E7%9A%84%E9%BB%91%E6%B5%81%E6%A0%91%E6%B5%B7_185.png
../../Assets/_Game/Resources/RogueRelics/Icons/rogue_6/rogue_6_relic_assign_13.png,零食盒,IS7,沉沦者的黑流树海,186,RARE,,下一个招募或进阶的干员的技能会自动开启，技力需求-20%,“我好像一不小心发现了博士的小金库——”,,,,,是,,rogue_6_relic_assign_13,https://prts.wiki/index.php?title=Special:Redirect/file/%E6%94%B6%E8%97%8F%E5%93%81_%E6%B2%89%E6%B2%A6%E8%80%85%E7%9A%84%E9%BB%91%E6%B5%81%E6%A0%91%E6%B5%B7_186.png
../../Assets/_Game/Resources/RogueRelics/Icons/rogue_6/rogue_6_relic_assign_14.png,静谧扩香石,IS7,沉沦者的黑流树海,187,RARE,,下一个招募或进阶的干员攻击范围内的所有干员每3秒获得1点技力,多种助眠香型可选，只需一滴，即享美梦。,,,,,是,,rogue_6_relic_assign_14,https://prts.wiki/index.php?title=Special:Redirect/file/%E6%94%B6%E8%97%8F%E5%93%81_%E6%B2%89%E6%B2%A6%E8%80%85%E7%9A%84%E9%BB%91%E6%B5%81%E6%A0%91%E6%B5%B7_187.png
../../Assets/_Game/Resources/RogueRelics/Icons/rogue_6/rogue_6_relic_assign_15.png,幸运饼干,IS7,沉沦者的黑流树海,188,RARE,,获得此收藏品时，使随机2名干员的技力回复速度+0.8/秒,塞着博士寄语纸条的饼干，吃到纸条的干员可以让博士满足一个小心愿。据不完全统计，博士至少已经收到几十张字迹被洇湿的纸条了——数量和发出去的小饼干不相上下。,,,,,是,,rogue_6_relic_assign_15,https://prts.wiki/index.php?title=Special:Redirect/file/%E6%94%B6%E8%97%8F%E5%93%81_%E6%B2%89%E6%B2%A6%E8%80%85%E7%9A%84%E9%BB%91%E6%B5%81%E6%A0%91%E6%B5%B7_188.png
../../Assets/_Game/Resources/RogueRelics/Icons/rogue_6/rogue_6_relic_legacy_21.png,罗德岛战术电台,IS7,沉沦者的黑流树海,189,RARE,,战斗后掉落招募券时，增加一个可选项,保持联络，支援马上抵达。,在多局游戏中累计招募总共70名干员,,,,是,,rogue_6_relic_legacy_21,https://prts.wiki/index.php?title=Special:Redirect/file/%E6%94%B6%E8%97%8F%E5%93%81_%E6%B2%89%E6%B2%A6%E8%80%85%E7%9A%84%E9%BB%91%E6%B5%81%E6%A0%91%E6%B5%B7_189.png
../../Assets/_Game/Resources/RogueRelics/Icons/rogue_6/rogue_6_relic_legacy_50.png,古地树实,IS7,沉沦者的黑流树海,190,RARE,,立即获得三件随机的小玩意,萨米的孩子将愿望许进树种里埋入皑皑白雪。待到大树结实，取下前四个果实，将最小的那个留给后代许愿，余下的树果，便是向萨米祈求答案的贡品。,选择【地质调查分队】完成游戏结局,,,,是,,rogue_6_relic_legacy_50,https://prts.wiki/index.php?title=Special:Redirect/file/%E6%94%B6%E8%97%8F%E5%93%81_%E6%B2%89%E6%B2%A6%E8%80%85%E7%9A%84%E9%BB%91%E6%B5%81%E6%A0%91%E6%B5%B7_190.png
../../Assets/_Game/Resources/RogueRelics/Icons/rogue_6/rogue_6_relic_legacy_58.png,城墙之子,IS7,沉沦者的黑流树海,191,RARE,,部署在蓝色目标点周围8格的干员阻挡数+2，最大生命值+50%,土石之子精心培育了卡兹戴尔的古老城垣，教会了它如何使自己变得刚韧，以保护身后的人民。随着长久和平的时代到来，它被拆分成了许多小块，作为护身符赠给了前往未知之地的探险家们。,,,,,是,,rogue_6_relic_legacy_58,https://prts.wiki/index.php?title=Special:Redirect/file/%E6%94%B6%E8%97%8F%E5%93%81_%E6%B2%89%E6%B2%A6%E8%80%85%E7%9A%84%E9%BB%91%E6%B5%81%E6%A0%91%E6%B5%B7_191.png
../../Assets/_Game/Resources/RogueRelics/Icons/rogue_6/rogue_6_relic_legacy_60.png,金酒之杯,IS7,沉沦者的黑流树海,192,SUPER_RARE,,每有5源石锭，所有我方单位的攻击速度+7,圣人、骑士、虔信之徒，无人不为之疯狂。老天啊，连杯子本身都是纯金的！,在“前瞻性投资系统”中的投资储备余额最高达到过250,,,,是,,rogue_6_relic_legacy_60,https://prts.wiki/index.php?title=Special:Redirect/file/%E6%94%B6%E8%97%8F%E5%93%81_%E6%B2%89%E6%B2%A6%E8%80%85%E7%9A%84%E9%BB%91%E6%B5%81%E6%A0%91%E6%B5%B7_192.png
../../Assets/_Game/Resources/RogueRelics/Icons/rogue_6/rogue_6_relic_legacy_103.png,圆石祭坛,IS7,沉沦者的黑流树海,193,RARE,,战斗后有概率使所有我方单位的攻击力和防御力永久+5%（最多叠加10层）,送上祭品，获得回馈。它是如此地便利，以至于人们都没有思考过，他们到底在向什么献祭。,,,,,是,,rogue_6_relic_legacy_103,https://prts.wiki/index.php?title=Special:Redirect/file/%E6%94%B6%E8%97%8F%E5%93%81_%E6%B2%89%E6%B2%A6%E8%80%85%E7%9A%84%E9%BB%91%E6%B5%81%E6%A0%91%E6%B5%B7_193.png
../../Assets/_Game/Resources/RogueRelics/Icons/rogue_6/rogue_6_relic_legacy_111.png,锈蚀的铁锤,IS7,沉沦者的黑流树海,194,SUPER_RARE,,在商店中购买道具所需源石锭-50%,“变革是必须的，而我们应当让暴风雨来得更快一点。”,,,,,是,,rogue_6_relic_legacy_111,https://prts.wiki/index.php?title=Special:Redirect/file/%E6%94%B6%E8%97%8F%E5%93%81_%E6%B2%89%E6%B2%A6%E8%80%85%E7%9A%84%E9%BB%91%E6%B5%81%E6%A0%91%E6%B5%B7_194.png
../../Assets/_Game/Resources/RogueRelics/Icons/rogue_6/rogue_6_relic_legacy_113.png,四叶草化石,IS7,沉沦者的黑流树海,195,SUPER_RARE,,我方在得偿所愿节点和战斗后掉落战利品时，增加一个可选项,麦哲伦在生命绝迹之所找到的幸运象征。这块石头无疑经历过大地的剧变，但它还是幸存下来，将残留的小小希望留给了发现它的人。,在多局游戏中累计获得收藏品100次,,,,是,,rogue_6_relic_legacy_113,https://prts.wiki/index.php?title=Special:Redirect/file/%E6%94%B6%E8%97%8F%E5%93%81_%E6%B2%89%E6%B2%A6%E8%80%85%E7%9A%84%E9%BB%91%E6%B5%81%E6%A0%91%E6%B5%B7_195.png
../../Assets/_Game/Resources/RogueRelics/Icons/rogue_6/rogue_6_relic_legacy_125.png,《拳经三问》,IS7,沉沦者的黑流树海,196,RARE,,干员每使用过一次技能，自身的攻击力+5%，最多叠加40层,朔的第一本武学笔记，记录了他对拳法的思考。一问拳招，二问拳意，三问武境。据说言语晦涩，学生苦读不懂，他向妹妹请教后又做了改良。,在多局游戏中累计胜利20场战斗,,,,是,,rogue_6_relic_legacy_125,https://prts.wiki/index.php?title=Special:Redirect/file/%E6%94%B6%E8%97%8F%E5%93%81_%E6%B2%89%E6%B2%A6%E8%80%85%E7%9A%84%E9%BB%91%E6%B5%81%E6%A0%91%E6%B5%B7_196.png
../../Assets/_Game/Resources/RogueRelics/Icons/rogue_6/rogue_6_relic_legacy_136.png,佣兵的饰物,IS7,沉沦者的黑流树海,197,SUPER_RARE,,使随机一名干员的攻击力、防御力、最大生命值+5%，且每次完美作战结束后额外+5%（最多叠加10层）,那是他为了追求尽善尽美所付出的一点微小代价。说微小，是因为他的阅读和写作都未受多少影响。,,,,,是,,rogue_6_relic_legacy_136,https://prts.wiki/index.php?title=Special:Redirect/file/%E6%94%B6%E8%97%8F%E5%93%81_%E6%B2%89%E6%B2%A6%E8%80%85%E7%9A%84%E9%BB%91%E6%B5%81%E6%A0%91%E6%B5%B7_197.png
../../Assets/_Game/Resources/RogueRelics/Icons/rogue_6/rogue_6_relic_cargo_1.png,薄行囊,IS7,沉沦者的黑流树海,198,RARE,,零件箱容量+4,“如果我们站着不动也能填饱肚子就好了。”,,,,,是,,rogue_6_relic_cargo_1,https://prts.wiki/index.php?title=Special:Redirect/file/%E6%94%B6%E8%97%8F%E5%93%81_%E6%B2%89%E6%B2%A6%E8%80%85%E7%9A%84%E9%BB%91%E6%B5%81%E6%A0%91%E6%B5%B7_198.png
../../Assets/_Game/Resources/RogueRelics/Icons/rogue_6/rogue_6_relic_cargo_2.png,悲伤的红,IS7,沉沦者的黑流树海,199,RARE,,零件箱中每有1个零件，所有干员的生命和攻击力+8%,她在枝头望着我们，我们的骨骼、我们的骨灰，都混在了一起。,,,,,是,,rogue_6_relic_cargo_2,https://prts.wiki/index.php?title=Special:Redirect/file/%E6%94%B6%E8%97%8F%E5%93%81_%E6%B2%89%E6%B2%A6%E8%80%85%E7%9A%84%E9%BB%91%E6%B5%81%E6%A0%91%E6%B5%B7_199.png
../../Assets/_Game/Resources/RogueRelics/Icons/rogue_6/rogue_6_relic_cargo_3.png,空床,IS7,沉沦者的黑流树海,200,SUPER_RARE,,零件箱中存在4个或更多空栏位时，所有干员部署费用-6,两人投下三枚阴影，灵魂拥挤不堪。,,,,,是,,rogue_6_relic_cargo_3,https://prts.wiki/index.php?title=Special:Redirect/file/%E6%94%B6%E8%97%8F%E5%93%81_%E6%B2%89%E6%B2%A6%E8%80%85%E7%9A%84%E9%BB%91%E6%B5%81%E6%A0%91%E6%B5%B7_200.png
../../Assets/_Game/Resources/RogueRelics/Icons/rogue_6/rogue_6_relic_cargo_4.png,迷藏,IS7,沉沦者的黑流树海,201,RARE,,每次进入新区域时标记一个节点，探索该节点后获得一个较为稀有的随机自然物,藏起一颗橡实，以便让万物都认得我们。,,,,,是,,rogue_6_relic_cargo_4,https://prts.wiki/index.php?title=Special:Redirect/file/%E6%94%B6%E8%97%8F%E5%93%81_%E6%B2%89%E6%B2%A6%E8%80%85%E7%9A%84%E9%BB%91%E6%B5%81%E6%A0%91%E6%B5%B7_201.png
../../Assets/_Game/Resources/RogueRelics/Icons/rogue_6/rogue_6_relic_cargo_5.png,复得之轮,IS7,沉沦者的黑流树海,202,RARE,,加工品使用次数耗尽时，获得一个随机加工品,我们将要去截获，一段飞奔而逃的树桩。,？？？,,,,是,,rogue_6_relic_cargo_5,https://prts.wiki/index.php?title=Special:Redirect/file/%E6%94%B6%E8%97%8F%E5%93%81_%E6%B2%89%E6%B2%A6%E8%80%85%E7%9A%84%E9%BB%91%E6%B5%81%E6%A0%91%E6%B5%B7_202.png
../../Assets/_Game/Resources/RogueRelics/Icons/rogue_6/rogue_6_relic_cargo_6.png,果腹,IS7,沉沦者的黑流树海,203,RARE,,加工品的最后一次移动不再消耗行动力,果实如锤砸在我身，每一块淤青都是你贪婪的形状。,？？？,,,,是,,rogue_6_relic_cargo_6,https://prts.wiki/index.php?title=Special:Redirect/file/%E6%94%B6%E8%97%8F%E5%93%81_%E6%B2%89%E6%B2%A6%E8%80%85%E7%9A%84%E9%BB%91%E6%B5%81%E6%A0%91%E6%B5%B7_203.png
../../Assets/_Game/Resources/RogueRelics/Icons/rogue_6/rogue_6_relic_cargo_7.png,囊中骨,IS7,沉沦者的黑流树海,204,NORMAL,,立刻获得3个随机的普通加工品,它的生命如此短暂，到死都没有离开孕育它的温床。,,,,,是,,rogue_6_relic_cargo_7,https://prts.wiki/index.php?title=Special:Redirect/file/%E6%94%B6%E8%97%8F%E5%93%81_%E6%B2%89%E6%B2%A6%E8%80%85%E7%9A%84%E9%BB%91%E6%B5%81%E6%A0%91%E6%B5%B7_204.png
../../Assets/_Game/Resources/RogueRelics/Icons/rogue_6/rogue_6_relic_cargo_8.png,林中小手,IS7,沉沦者的黑流树海,205,NORMAL,,立刻获得3个随机的普通自然物,象征吉兆的植物，迷信的玻利瓦尔人相信，遇到林中小手后会立刻获得财富。,,,,,是,,rogue_6_relic_cargo_8,https://prts.wiki/index.php?title=Special:Redirect/file/%E6%94%B6%E8%97%8F%E5%93%81_%E6%B2%89%E6%B2%A6%E8%80%85%E7%9A%84%E9%BB%91%E6%B5%81%E6%A0%91%E6%B5%B7_205.png
../../Assets/_Game/Resources/RogueRelics/Icons/rogue_6/rogue_6_relic_cargo_9.png,血孩子,IS7,沉沦者的黑流树海,206,NORMAL,,获得自然物<枯苔藓球>，直到零件箱被填满,“我有很多很多的孩子，但孙辈却越来越少。”,,,,,是,,rogue_6_relic_cargo_9,https://prts.wiki/index.php?title=Special:Redirect/file/%E6%94%B6%E8%97%8F%E5%93%81_%E6%B2%89%E6%B2%A6%E8%80%85%E7%9A%84%E9%BB%91%E6%B5%81%E6%A0%91%E6%B5%B7_206.png
../../Assets/_Game/Resources/RogueRelics/Icons/rogue_6/rogue_6_relic_cargo_10.png,同行者,IS7,沉沦者的黑流树海,207,RARE,,应急助力节点中招募所需源石锭-50%，应急干员的生命值、攻击力和防御力+40%,“现在你是我们的一员了，让我们熟悉彼此的气味。”,,,,,是,,rogue_6_relic_cargo_10,https://prts.wiki/index.php?title=Special:Redirect/file/%E6%94%B6%E8%97%8F%E5%93%81_%E6%B2%89%E6%B2%A6%E8%80%85%E7%9A%84%E9%BB%91%E6%B5%81%E6%A0%91%E6%B5%B7_207.png
../../Assets/_Game/Resources/RogueRelics/Icons/rogue_6/rogue_6_relic_cargo_11.png,厄运火杆,IS7,沉沦者的黑流树海,208,RARE,,与“居民”作战时，敌人生命-40%，且作战胜利后所有干员的攻击速度永久+10,“居民”们挥舞着手里的棍棒和石头，还不知道自己对付不了会冒烟的杆子。,,,,,是,,rogue_6_relic_cargo_11,https://prts.wiki/index.php?title=Special:Redirect/file/%E6%94%B6%E8%97%8F%E5%93%81_%E6%B2%89%E6%B2%A6%E8%80%85%E7%9A%84%E9%BB%91%E6%B5%81%E6%A0%91%E6%B5%B7_208.png
../../Assets/_Game/Resources/RogueRelics/Icons/rogue_6/rogue_6_relic_cargo_12.png,猎印,IS7,沉沦者的黑流树海,209,RARE,,猎犬proto的攻击力-50%；每拥有1层【探测先锋】，我方法术抗性+10,这并非兽主的恐惧，只是祂施舍给你的片刻喘息。,,,,,是,,rogue_6_relic_cargo_12,https://prts.wiki/index.php?title=Special:Redirect/file/%E6%94%B6%E8%97%8F%E5%93%81_%E6%B2%89%E6%B2%A6%E8%80%85%E7%9A%84%E9%BB%91%E6%B5%81%E6%A0%91%E6%B5%B7_209.png
../../Assets/_Game/Resources/RogueRelics/Icons/rogue_6/rogue_6_relic_cargo_13.png,源私钥,IS7,沉沦者的黑流树海,210,SUPER_RARE,,立刻获得99源石锭，在部分事件中能发挥特殊的作用,一张珍贵的权限卡片，记住，它会以你的意志为转移。,,,,,是,,rogue_6_relic_cargo_13,https://prts.wiki/index.php?title=Special:Redirect/file/%E6%94%B6%E8%97%8F%E5%93%81_%E6%B2%89%E6%B2%A6%E8%80%85%E7%9A%84%E9%BB%91%E6%B5%81%E6%A0%91%E6%B5%B7_210.png
../../Assets/_Game/Resources/RogueRelics/Icons/rogue_6/rogue_6_relic_cargo_14.png,黑流树海笔记,IS7,沉沦者的黑流树海,211,RARE,,每探索一种新节点叠加1层，每层使作战后获得收藏品的概率提升,一本被反复增加过内容的笔记本，纸张上不同的字体说明它已几经易手。它似乎永远在等待着下一位记录者。,,,,,是,,rogue_6_relic_cargo_14,https://prts.wiki/index.php?title=Special:Redirect/file/%E6%94%B6%E8%97%8F%E5%93%81_%E6%B2%89%E6%B2%A6%E8%80%85%E7%9A%84%E9%BB%91%E6%B5%81%E6%A0%91%E6%B5%B7_211.png
../../Assets/_Game/Resources/RogueRelics/Icons/rogue_6/rogue_6_relic_artifact_1.png,基础物联终端,IS7,沉沦者的黑流树海,212,SUPER_RARE,,探索2个诡意行商或秘境行商后，获得【高级物联终端】,据说是一个可将万物连接起来的终端设备，从此与万物心意相通不再是问题。你难道不想知道你家的冰箱在想什么吗？,通关结局10次,,,,是,,rogue_6_relic_artifact_1,https://prts.wiki/index.php?title=Special:Redirect/file/%E6%94%B6%E8%97%8F%E5%93%81_%E6%B2%89%E6%B2%A6%E8%80%85%E7%9A%84%E9%BB%91%E6%B5%81%E6%A0%91%E6%B5%B7_212.png
../../Assets/_Game/Resources/RogueRelics/Icons/rogue_6/rogue_6_relic_artifact_2.png,高级物联终端,IS7,沉沦者的黑流树海,213,SUPER_RARE,,干员部署后与攻击范围内一名干员用高级物联终端连接，敌人触碰高级物联终端时停顿，每0.5秒受到所有相连的干员攻击力之和50%的法术伤害,经过改造的终端，可连接范围指数级扩大，立起接收杆即可立刻体验心意相通！,,,,,是,,rogue_6_relic_artifact_2,https://prts.wiki/index.php?title=Special:Redirect/file/%E6%94%B6%E8%97%8F%E5%93%81_%E6%B2%89%E6%B2%A6%E8%80%85%E7%9A%84%E9%BB%91%E6%B5%81%E6%A0%91%E6%B5%B7_213.png
../../Assets/_Game/Resources/RogueRelics/Icons/rogue_6/rogue_6_relic_artifact_3.png,植浆,IS7,沉沦者的黑流树海,214,SUPER_RARE,,完成1场【追猎】作战后，获得【犬植浆】,以黑流树海中的树木汁液为基底制作的简易药水，可以掩盖自身的气味。,,,,,是,,rogue_6_relic_artifact_3,https://prts.wiki/index.php?title=Special:Redirect/file/%E6%94%B6%E8%97%8F%E5%93%81_%E6%B2%89%E6%B2%A6%E8%80%85%E7%9A%84%E9%BB%91%E6%B5%81%E6%A0%91%E6%B5%B7_214.png
../../Assets/_Game/Resources/RogueRelics/Icons/rogue_6/rogue_6_relic_artifact_4.png,犬植浆,IS7,沉沦者的黑流树海,215,SUPER_RARE,,干员攻击范围内的其他干员获得迷彩，攻击力+10%（可叠加）,混入了猎犬血液的植浆，可以最大程度掩盖自身的气味。,,,,,是,,rogue_6_relic_artifact_4,https://prts.wiki/index.php?title=Special:Redirect/file/%E6%94%B6%E8%97%8F%E5%93%81_%E6%B2%89%E6%B2%A6%E8%80%85%E7%9A%84%E9%BB%91%E6%B5%81%E6%A0%91%E6%B5%B7_215.png
../../Assets/_Game/Resources/RogueRelics/Icons/rogue_6/rogue_6_relic_artifact_5.png,追忆,IS7,沉沦者的黑流树海,216,SUPER_RARE,,进入下一区域时，变为重新进入本区域，之后该收藏品失效,顺着黑流，我将回到尚有余温的襁褓，回到这片大地仍可被唤作“婴孩”的旧日时光。,,,,,是,,rogue_6_relic_artifact_5,https://prts.wiki/index.php?title=Special:Redirect/file/%E6%94%B6%E8%97%8F%E5%93%81_%E6%B2%89%E6%B2%A6%E8%80%85%E7%9A%84%E9%BB%91%E6%B5%81%E6%A0%91%E6%B5%B7_216.png
../../Assets/_Game/Resources/RogueRelics/Icons/rogue_6/rogue_6_relic_artifact_6.png,垂降劫掠装置,IS7,沉沦者的黑流树海,217,SUPER_RARE,,我方干员的再部署时间-50%，部署时对随机1名敌人及周围8格的敌人造成攻击力1000%的物理伤害,哥伦比亚军方最新研发的机动装备，能让特种兵们从天而降，一瞬间完成对重要战略目标的打击！“我们可以用这种方式解决大地上的一切麻烦，真是太棒了！”,通关结局10次,,,,是,,rogue_6_relic_artifact_6,https://prts.wiki/index.php?title=Special:Redirect/file/%E6%94%B6%E8%97%8F%E5%93%81_%E6%B2%89%E6%B2%A6%E8%80%85%E7%9A%84%E9%BB%91%E6%B5%81%E6%A0%91%E6%B5%B7_217.png
../../Assets/_Game/Resources/RogueRelics/Icons/rogue_6/rogue_6_relic_artifact_7.png,仇名录,IS7,沉沦者的黑流树海,218,SUPER_RARE,,我方干员的攻击力+2%，每击倒一名敌人永久额外+0.2%（最高+200%）,它属于一位没有名字的大炎剑客。“永远都差一个。”,,,,,是,,rogue_6_relic_artifact_7,https://prts.wiki/index.php?title=Special:Redirect/file/%E6%94%B6%E8%97%8F%E5%93%81_%E6%B2%89%E6%B2%A6%E8%80%85%E7%9A%84%E9%BB%91%E6%B5%81%E6%A0%91%E6%B5%B7_218.png
../../Assets/_Game/Resources/RogueRelics/Icons/rogue_6/rogue_6_active_tool_1.png,支援补给站,IS7,沉沦者的黑流树海,219,NORMAL,,每次战斗中携带1个便携式补给站,紧急提供给外勤干员的便携式补给站。,,,,,是,,rogue_6_active_tool_1,https://prts.wiki/index.php?title=Special:Redirect/file/%E6%94%B6%E8%97%8F%E5%93%81_%E6%B2%89%E6%B2%A6%E8%80%85%E7%9A%84%E9%BB%91%E6%B5%81%E6%A0%91%E6%B5%B7_219.png
../../Assets/_Game/Resources/RogueRelics/Icons/rogue_6/rogue_6_active_tool_2.png,支援地雷组,IS7,沉沦者的黑流树海,220,NORMAL,,每次战斗中携带3个干扰地雷,紧急提供给外勤干员的干扰地雷组。,,,,,是,,rogue_6_active_tool_2,https://prts.wiki/index.php?title=Special:Redirect/file/%E6%94%B6%E8%97%8F%E5%93%81_%E6%B2%89%E6%B2%A6%E8%80%85%E7%9A%84%E9%BB%91%E6%B5%81%E6%A0%91%E6%B5%B7_220.png
../../Assets/_Game/Resources/RogueRelics/Icons/rogue_6/rogue_6_active_tool_3.png,支援轰隆隆,IS7,沉沦者的黑流树海,221,NORMAL,,每次战斗中携带2个轰隆隆先生,紧急提供给外勤干员的轰隆隆先生。,,,,,是,,rogue_6_active_tool_3,https://prts.wiki/index.php?title=Special:Redirect/file/%E6%94%B6%E8%97%8F%E5%93%81_%E6%B2%89%E6%B2%A6%E8%80%85%E7%9A%84%E9%BB%91%E6%B5%81%E6%A0%91%E6%B5%B7_221.png
../../Assets/_Game/Resources/RogueRelics/Icons/rogue_6/rogue_6_active_tool_4.png,支援起重机,IS7,沉沦者的黑流树海,222,NORMAL,,每次战斗中携带2个雪雉的安全起重机,紧急提供给外勤干员的雪雉的安全起重机。,,,,,是,,rogue_6_active_tool_4,https://prts.wiki/index.php?title=Special:Redirect/file/%E6%94%B6%E8%97%8F%E5%93%81_%E6%B2%89%E6%B2%A6%E8%80%85%E7%9A%84%E9%BB%91%E6%B5%81%E6%A0%91%E6%B5%B7_222.png
../../Assets/_Game/Resources/RogueRelics/Icons/rogue_6/rogue_6_active_tool_5.png,支援防暴桩,IS7,沉沦者的黑流树海,223,NORMAL,,每次战斗中携带2个防暴桩,紧急提供给外勤干员的便携防暴桩。,,,,,是,,rogue_6_active_tool_5,https://prts.wiki/index.php?title=Special:Redirect/file/%E6%94%B6%E8%97%8F%E5%93%81_%E6%B2%89%E6%B2%A6%E8%80%85%E7%9A%84%E9%BB%91%E6%B5%81%E6%A0%91%E6%B5%B7_223.png
../../Assets/_Game/Resources/RogueRelics/Icons/rogue_6/rogue_6_active_tool_6.png,支援雾机,IS7,沉沦者的黑流树海,224,NORMAL,,每次战斗中携带1个失修舞台雾机,紧急提供给外勤干员的舞台雾机，有些失修了。,,,,,是,,rogue_6_active_tool_6,https://prts.wiki/index.php?title=Special:Redirect/file/%E6%94%B6%E8%97%8F%E5%93%81_%E6%B2%89%E6%B2%A6%E8%80%85%E7%9A%84%E9%BB%91%E6%B5%81%E6%A0%91%E6%B5%B7_224.png
../../Assets/_Game/Resources/RogueRelics/Icons/rogue_6/rogue_6_relic_final_1.png,沙盘α,IS7,沉沦者的黑流树海,225,SUPER_RARE,,我方单位部署费用+2，让探索开启不同的方向，同时持有【沙盘β】可以揭示源阶方的所在位置,来自梅兰德基金会的特殊信息，保密等级相当高。沙盘上显示的区域似乎极难深入，或许只能根据另一方的线索二次定位后找到她。,完成游戏结局,,,,是,,rogue_6_relic_final_1,https://prts.wiki/index.php?title=Special:Redirect/file/%E6%94%B6%E8%97%8F%E5%93%81_%E6%B2%89%E6%B2%A6%E8%80%85%E7%9A%84%E9%BB%91%E6%B5%81%E6%A0%91%E6%B5%B7_225.png
../../Assets/_Game/Resources/RogueRelics/Icons/rogue_6/rogue_6_relic_final_2.png,沙盘β,IS7,沉沦者的黑流树海,226,SUPER_RARE,,我方单位部署费用+3，让探索开启不同的方向，同时持有【沙盘α】可以揭示源阶方的所在位置,来自联合政府的特殊信息，保密等级相当高。沙盘上显示的区域似乎极难深入，或许只能根据另一方的线索二次定位后找到她。,完成游戏结局,,,,是,,rogue_6_relic_final_2,https://prts.wiki/index.php?title=Special:Redirect/file/%E6%94%B6%E8%97%8F%E5%93%81_%E6%B2%89%E6%B2%A6%E8%80%85%E7%9A%84%E9%BB%91%E6%B5%81%E6%A0%91%E6%B5%B7_226.png
../../Assets/_Game/Resources/RogueRelics/Icons/rogue_6/rogue_6_relic_final_3.png,怦然信标,IS7,沉沦者的黑流树海,227,SUPER_RARE,,所有敌人的生命+20%，我方单位的生命-40%，让探索开启不同的方向,一颗被时刻监测着的心脏，似乎正在夺走你的力量。调整至某个方向后，它微弱地跳动了起来。,完成游戏结局,,,,是,,rogue_6_relic_final_3,https://prts.wiki/index.php?title=Special:Redirect/file/%E6%94%B6%E8%97%8F%E5%93%81_%E6%B2%89%E6%B2%A6%E8%80%85%E7%9A%84%E9%BB%91%E6%B5%81%E6%A0%91%E6%B5%B7_227.png
../../Assets/_Game/Resources/RogueRelics/Icons/rogue_6/rogue_6_relic_final_4.png,击坠“神明”,IS7,沉沦者的黑流树海,228,SUPER_RARE,,可以在特殊节点中，使“玻利瓦尔，症结之核”首次释放“灾厄之口”时不摧毁“危朽”,日志：未确认的异常个体入侵，非预期的错误。监测到对居民与建筑的破坏行为，严重不利于后续发展，优先确保乌托邦依照原计划正常运行，阻击目标。,完成游戏结局,,,,是,,rogue_6_relic_final_4,https://prts.wiki/index.php?title=Special:Redirect/file/%E6%94%B6%E8%97%8F%E5%93%81_%E6%B2%89%E6%B2%A6%E8%80%85%E7%9A%84%E9%BB%91%E6%B5%81%E6%A0%91%E6%B5%B7_228.png
../../Assets/_Game/Resources/RogueRelics/Icons/rogue_6/rogue_6_relic_final_5.png,湮没“光明”,IS7,沉沦者的黑流树海,229,SUPER_RARE,,可以在特殊节点中，使“玻利瓦尔，症结之核”的“灾厄之口”伤害降低,日志：未确认的异常个体入侵，非预期的错误。监测到非自然的灾害肆虐，严重不利于后续发展，优先确保乌托邦依照原计划正常运行，阻击目标。,完成游戏结局,,,,是,,rogue_6_relic_final_5,https://prts.wiki/index.php?title=Special:Redirect/file/%E6%94%B6%E8%97%8F%E5%93%81_%E6%B2%89%E6%B2%A6%E8%80%85%E7%9A%84%E9%BB%91%E6%B5%81%E6%A0%91%E6%B5%B7_229.png
../../Assets/_Game/Resources/RogueRelics/Icons/rogue_6/rogue_6_relic_final_6.png,焚毁“文明”,IS7,沉沦者的黑流树海,230,SUPER_RARE,,可以在特殊节点中，使“玻利瓦尔，症结之核”的“灾厄之口”无法封锁待部署区,日志：未确认的异常个体入侵，非预期的错误。监测到对认知根基的干涉，严重不利于后续发展，优先确保乌托邦依照原计划正常运行，阻击目标。,完成游戏结局,,,,是,,rogue_6_relic_final_6,https://prts.wiki/index.php?title=Special:Redirect/file/%E6%94%B6%E8%97%8F%E5%93%81_%E6%B2%89%E6%B2%A6%E8%80%85%E7%9A%84%E9%BB%91%E6%B5%81%E6%A0%91%E6%B5%B7_230.png
../../Assets/_Game/Resources/RogueRelics/Icons/rogue_6/rogue_6_relic_legacy_11.png,“文明的存续”,IS7,沉沦者的黑流树海,231,SUPER_RARE,,所有敌方单位受到的真实伤害+150%,小小的黑色王冠。,？？？,,,,是,,rogue_6_relic_legacy_11,https://prts.wiki/index.php?title=Special:Redirect/file/%E6%94%B6%E8%97%8F%E5%93%81_%E6%B2%89%E6%B2%A6%E8%80%85%E7%9A%84%E9%BB%91%E6%B5%81%E6%A0%91%E6%B5%B7_231.png
../../Assets/_Game/Resources/RogueRelics/Icons/rogue_6/rogue_6_relic_legacy_51.png,“荣耀套餐”,IS7,沉沦者的黑流树海,232,RARE,,我方单位被击倒时，对周围四格的敌人造成6秒晕眩,主办方在骑士竞赛期间推出的特别投注设备，优选多种叠加互补投注套餐，将单场比赛投注的损失降至最低。,,,,,是,,rogue_6_relic_legacy_51,https://prts.wiki/index.php?title=Special:Redirect/file/%E6%94%B6%E8%97%8F%E5%93%81_%E6%B2%89%E6%B2%A6%E8%80%85%E7%9A%84%E9%BB%91%E6%B5%81%E6%A0%91%E6%B5%B7_232.png
../../Assets/_Game/Resources/RogueRelics/Icons/rogue_6/rogue_6_relic_legacy_94.png,“时光之末”,IS7,沉沦者的黑流树海,233,SUPER_RARE,,仅一次，在非区域最终战斗和领袖战中失败时不结束探索，目标生命+1并继续下一步行动,只要到达不了新的循环，过错就还有机会挽回。,在一次战斗中累计失去8目标生命（包含战斗失败）,,,,是,,rogue_6_relic_legacy_94,https://prts.wiki/index.php?title=Special:Redirect/file/%E6%94%B6%E8%97%8F%E5%93%81_%E6%B2%89%E6%B2%A6%E8%80%85%E7%9A%84%E9%BB%91%E6%B5%81%E6%A0%91%E6%B5%B7_233.png
../../Assets/_Game/Resources/RogueRelics/Icons/rogue_6/rogue_6_relic_legacy_116.png,“小格兰法洛”,IS7,沉沦者的黑流树海,234,RARE,,每次敌人进入保护目标点时，立刻对全场所有敌人造成5秒晕眩,使用逆向工程分析“伊比利亚之眼”后制作的照射装置，能够洞穿层层阴云，也可暂时驱退强敌。,在多局游戏中累计损失125目标生命,,,,是,,rogue_6_relic_legacy_116,https://prts.wiki/index.php?title=Special:Redirect/file/%E6%94%B6%E8%97%8F%E5%93%81_%E6%B2%89%E6%B2%A6%E8%80%85%E7%9A%84%E9%BB%91%E6%B5%81%E6%A0%91%E6%B5%B7_234.png
../../Assets/_Game/Resources/RogueRelics/Icons/rogue_6/rogue_6_relic_legacy_117.png,“碎片大厦的回忆”,IS7,沉沦者的黑流树海,235,SUPER_RARE,,每次敌人进入保护目标点时，立刻对全场所有敌人造成5000点真实伤害,“它正扎在维多利亚的心脏上，眼看着这个帝国流尽鲜血。”,,,,,是,,rogue_6_relic_legacy_117,https://prts.wiki/index.php?title=Special:Redirect/file/%E6%94%B6%E8%97%8F%E5%93%81_%E6%B2%89%E6%B2%A6%E8%80%85%E7%9A%84%E9%BB%91%E6%B5%81%E6%A0%91%E6%B5%B7_235.png
../../Assets/_Game/Resources/RogueRelics/Icons/rogue_6/rogue_6_relic_legacy_132.png,人事部铜印,IS7,沉沦者的黑流树海,236,NORMAL,,随机临时招募1名5星干员，且直接就是已进阶的状态,■■■收到紧急部署口令后派发给特定干员的印记，你得到它就代表着■■■已完成嘱托。,,,,,是,,rogue_6_relic_legacy_132,https://prts.wiki/index.php?title=Special:Redirect/file/%E6%94%B6%E8%97%8F%E5%93%81_%E6%B2%89%E6%B2%A6%E8%80%85%E7%9A%84%E9%BB%91%E6%B5%81%E6%A0%91%E6%B5%B7_236.png
../../Assets/_Game/Resources/RogueRelics/Icons/rogue_6/rogue_6_relic_legacy_133.png,博士银印,IS7,沉沦者的黑流树海,237,SUPER_RARE,,随机临时招募1名6星干员，且直接就是已进阶的状态,这块印记是你出发前嘱咐指挥中枢在合适时间送出的，现在你选定的干员已经赶到宿营处加入外勤任务，顺带把东西原封不动交还给了你。,在任意时刻拥有不小于13个可携带干员数,,,,是,,rogue_6_relic_legacy_133,https://prts.wiki/index.php?title=Special:Redirect/file/%E6%94%B6%E8%97%8F%E5%93%81_%E6%B2%89%E6%B2%A6%E8%80%85%E7%9A%84%E9%BB%91%E6%B5%81%E6%A0%91%E6%B5%B7_237.png
../../Assets/_Game/Resources/RogueRelics/Icons/rogue_6/rogue_6_relic_legacy_135.png,彩虹瓮,IS7,沉沦者的黑流树海,238,RARE,,每次敌人进入保护目标点时，使随机一名再部署中的单位当前再部署时间减为0,它通常被萨米人放在彩虹落下的地方并精心保存，用以对抗踪迹不定的天灾与人祸。,,,,,是,,rogue_6_relic_legacy_135,https://prts.wiki/index.php?title=Special:Redirect/file/%E6%94%B6%E8%97%8F%E5%93%81_%E6%B2%89%E6%B2%A6%E8%80%85%E7%9A%84%E9%BB%91%E6%B5%81%E6%A0%91%E6%B5%B7_238.png
../../Assets/_Game/Resources/RogueRelics/Icons/rogue_6/rogue_6_relic_legacy_141.png,一串钱伥,IS7,沉沦者的黑流树海,239,RARE,,所有干员的部署费用-1，战斗开始时，打乱所有干员的部署费用,八钱一体，成伥后却各有想法。即使抓住串起它们的线，也并不老实。,,,,,是,,rogue_6_relic_legacy_141,https://prts.wiki/index.php?title=Special:Redirect/file/%E6%94%B6%E8%97%8F%E5%93%81_%E6%B2%89%E6%B2%A6%E8%80%85%E7%9A%84%E9%BB%91%E6%B5%81%E6%A0%91%E6%B5%B7_239.png
